CODCP,facilidad_mas_cercana,t_min,distancia_km
110001,4370,92.075,119.67360000000001
110003,4370,69.595,79.15310000000001
110042,3494,32.695,32.9022
110047,4370,8.875,5.7027
110085,3727,156.725,131.3816
110096,3494,162.285,126.0612
110131,3727,265.1166666666667,196.28910000000002
110144,3494,154.81833333333333,157.822
110152,3494,31.825,44.4435
110168,4370,79.78833333333334,76.774
110184,3727,158.20333333333335,208.53879999999998
110190,4370,18.31833333333333,22.4331
110210,3494,164.75666666666666,165.4448
110213,3494,15.75,10.834700000000002
110248,3494,168.63,168.0156
110250,8269,7.958333333333333,8.0946
110257,3727,78.325,56.9453
110272,3523,158.48333333333332,136.6105
110289,3655,13.465,11.9139
110320,4370,80.24,98.87780000000001
110325,4370,146.02833333333334,155.55870000000002
110329,6732,54.79333333333333,44.2181
110382,37376,59.519999999999996,40.584199999999996
110448,3727,286.64666666666665,303.3999
110487,4370,59.61,73.21539999999999
110515,3523,118.48,139.6233
110532,37376,58.425,37.5711
110563,3523,35.736666666666665,49.531400000000005
110568,3494,259.84666666666664,205.0081
110587,8154,26.06,20.6238
110612,3727,57.845,77.48689999999999
110638,11775,110.61,96.63889999999999
110642,3494,8.105,10.786299999999999
110683,3494,93.71499999999999,102.6199
110689,23733,3.7150000000000003,2.4239
110699,3792,29.19333333333333,26.977700000000002
110732,3727,195.25,142.5711
110759,3494,156.76833333333335,154.3861
110762,3792,39.37,30.6315
110766,3494,100.77333333333333,72.4513
110807,3494,293.22666666666663,220.20479999999998
110878,37376,128.24166666666667,112.0128
110886,3655,25.551666666666666,24.5443
110910,3655,14.141666666666667,8.6556
110915,3727,97.31166666666667,112.7145
110944,4370,28.858333333333334,28.752599999999997
110970,3754,88.53,95.0206
110983,3494,51.68,38.4786
110995,30057,41.973333333333336,46.264300000000006
111022,3792,125.85,129.7458
111031,4370,29.366666666666667,23.072400000000002
111036,3494,44.59666666666667,21.614
111052,3792,7.995,8.1907
111064,3494,19.91,18.820700000000002
111082,3494,271.515,211.4486
111114,3727,53.013333333333335,74.6258
111173,3792,16.761666666666667,15.588700000000001
111178,4370,56.406666666666666,58.630199999999995
111182,3494,161.32999999999998,97.08619999999999
111197,3494,151.13666666666668,123.7428
111224,3523,228.05333333333334,220.6124
111244,23733,27.40666666666667,11.0806
111252,3792,81.18333333333334,83.39410000000001
111257,11775,54.086666666666666,48.8579
111265,3727,113.19666666666667,158.7593
111279,3494,20.896666666666665,21.1583
111348,3727,30.236666666666668,35.7528
111410,3523,131.655,95.5306
111426,3727,195.13500000000002,150.3985
111427,3727,158.69333333333333,201.3247
111434,3523,97.91000000000001,101.0212
111458,3523,84.04166666666667,63.482099999999996
111467,3754,21.116666666666667,21.054
111507,3655,52.845,48.422599999999996
111559,3494,107.29333333333334,82.27080000000001
111589,3655,116.555,91.67
111601,4370,79.74833333333332,98.5305
111631,3523,11.74,9.075299999999999
111683,8154,65.825,46.986599999999996
111701,4370,43.906666666666666,58.6652
111716,6502,23.708333333333332,20.688200000000002
111719,6919,61.49666666666667,41.2989
111810,37376,60.38666666666666,41.3992
111825,3727,250.63,191.2209
111831,8154,21.35,19.2033
111832,3727,264.39500000000004,289.1343
111837,3727,169.42666666666668,158.4567
111863,6919,122.3,95.9413
111947,3494,101.07333333333332,97.5517
111951,37376,150.80833333333334,138.7535
111954,3494,96.125,68.5746
111973,3494,31.2,25.748900000000003
111977,3494,184.08666666666667,148.6934
111979,3494,53.04833333333333,25.987299999999998
111998,4370,35.21,41.4784
112002,3770,29.275,13.7567
112028,6732,21.154999999999998,21.3581
112055,3727,148.95166666666668,137.6072
112060,3494,46.501666666666665,64.24969999999999
112062,30057,43.095,55.9534
112141,3523,114.07333333333332,134.98170000000002
112185,3655,10.421666666666665,9.040799999999999
112222,3655,159.86333333333332,143.12429999999998
112226,3727,252.015,275.8608
112252,30057,1.6883333333333332,1.0315999999999999
112259,3523,20.771666666666665,27.9428
112288,3727,94.22833333333332,108.5446
112404,15598,14.243333333333334,9.107899999999999
112405,4370,89.66666666666667,123.0306
112410,3727,267.42333333333335,197.23239999999998
112416,35125,57.13,40.427800000000005
112436,11775,120.66666666666667,106.92460000000001
112449,6732,62.830000000000005,61.0049
112469,3727,144.61833333333334,149.7657
112474,3754,65.015,66.5294
112491,3523,170.92166666666665,187.3717
112495,3494,32.24333333333333,32.965900000000005
112500,3727,7.668333333333334,8.5163
112514,3523,117.93333333333334,126.148
112533,3494,111.06166666666667,96.6942
112540,35125,70.94666666666667,59.420199999999994
112541,3523,149.06333333333333,121.3685
112559,3727,128.61,133.58679999999998
112571,3494,92.76666666666667,99.3399
112596,3727,187.63833333333332,145.4134
112597,4370,142.13,123.2686
112607,3494,287.68833333333333,217.9001
112629,3727,61.52333333333333,73.2787
112649,37376,66.71666666666667,43.548300000000005
112655,3523,107.77833333333334,110.4785
112673,3494,98.45666666666666,76.88189999999999
112676,3727,163.32999999999998,151.1488
112699,3494,154.01333333333332,156.3783
112735,8154,2.881666666666667,1.0474
112741,3727,77.13666666666667,107.92880000000001
112772,3655,82.11166666666666,77.129
112795,3494,56.52166666666667,33.7677
112826,37376,70.19333333333334,45.4426
112914,3494,62.79833333333333,45.5079
112953,4370,75.34833333333333,103.3057
112970,3494,165.28,129.2442
113010,3727,206.72333333333333,226.2968
113016,30057,58.17833333333333,67.4941
113023,3727,39.17333333333333,28.7455
113051,3494,69.17333333333333,78.35860000000001
113087,3727,189.15166666666667,146.4197
113105,37376,205.04500000000002,172.8304
113139,3727,39.519999999999996,40.8469
113172,3523,10.633333333333333,6.857600000000001
113184,6732,32.88333333333333,31.0381
113196,37376,160.415,120.3913
113321,3727,70.265,78.1742
113384,3727,276.86333333333334,201.1107
113401,3754,60.94833333333334,74.0589
113434,3494,124.985,93.9039
113439,3770,58.60666666666667,41.7464
113467,3727,248.54833333333332,272.08340000000004
113507,3727,92.25,129.5691
113511,3523,152.765,144.2926
113514,3727,90.46000000000001,108.1701
113579,4370,68.09333333333333,92.5391
113586,10972,14.9,9.5379
113647,30057,21.005,22.1421
113679,4370,31.738333333333333,30.7853
113748,4370,6.756666666666666,4.4195
113758,3494,286.94,229.6662
113809,4370,52.205000000000005,62.1085
113818,3523,57.294999999999995,58.3125
113831,3727,142.15,133.08679999999998
113837,11775,110.90333333333334,95.8907
113865,37376,128.68333333333334,110.6495
113881,3523,114.24166666666666,122.44839999999999
113911,4370,45.745,60.9045
113924,4370,104.15666666666667,108.7108
113946,3494,106.48833333333333,63.840199999999996
113961,6919,15.41,14.922
113964,3727,178.03333333333333,190.1823
113973,3523,55.75,57.681
114017,3727,119.02166666666668,129.9993
114059,4370,144.91,125.194
114068,37376,116.48166666666665,88.8787
114075,35125,78.06,60.991800000000005
114086,3727,45.315000000000005,32.706900000000005
114136,3727,97.235,95.7838
114148,3727,219.73666666666668,159.7252
114231,3727,209.54,153.2943
114250,3523,47.365,64.8449
114252,4370,26.48166666666667,33.420300000000005
114272,3727,48.93333333333333,44.7505
114319,3727,138.94166666666666,154.79410000000001
114324,3523,100.15166666666667,120.3767
114337,3655,38.725,31.415599999999998
114362,3494,96.25666666666666,73.66
114405,3523,67.07833333333333,48.793699999999994
114416,35125,46.861666666666665,36.2782
114438,3727,142.315,96.2342
114453,6502,21.278333333333332,19.0838
114464,3727,163.47166666666666,152.4289
114482,3494,120.53,89.8227
114488,3727,275.28,273.3737
114518,4370,29.936666666666667,35.843900000000005
114530,3494,33.026666666666664,22.3375
114551,37376,54.715,35.1464
114566,3792,28.523333333333333,23.1487
114581,4370,14.883333333333333,18.0009
114605,3523,129.43166666666667,102.4092
114636,3523,31.404999999999998,28.895599999999998
114660,3727,66.20666666666666,75.5356
114669,3523,53.55,43.200300000000006
114695,3727,127.85333333333332,116.181
114761,3494,65.82333333333334,75.43639999999999
114799,3494,89.25666666666666,59.4206
114823,3727,14.638333333333332,13.0441
114857,10972,16.086666666666666,12.654399999999999
114894,37376,75.60333333333332,48.850699999999996
114901,3727,81.19833333333332,114.1295
114922,3655,17.39333333333333,8.7626
114939,3523,48.365,58.5235
114963,35125,9.03,6.8013
115001,3494,80.55,65.0352
115008,3494,36.45666666666667,31.0497
115059,3727,70.02,78.0857
115061,3727,26.658333333333335,34.7648
115064,3727,120.45333333333333,127.98410000000001
115092,3655,74.83333333333333,60.7422
115105,4370,19.811666666666667,16.2706
115164,3792,0.74,0.5735
115214,4370,95.295,102.6137
115233,11775,121.78500000000001,107.6382
115284,4370,25.073333333333334,32.064299999999996
115303,3655,40.405,41.700900000000004
115344,3494,81.28166666666667,52.500099999999996
115351,4370,78.935,103.5265
115399,6732,40.656666666666666,33.3565
115414,3494,95.75500000000001,102.5126
115420,4370,22.904999999999998,15.6464
115426,11775,65.615,39.441
115435,3494,81.74666666666667,91.19739999999999
115449,4370,26.778333333333332,26.031
115476,3727,28.513333333333332,28.9389
115490,3494,60.769999999999996,35.5125
115498,3792,55.32,41.2551
115521,8154,23.473333333333336,18.962400000000002
115567,3655,102.80666666666666,102.7573
115568,6502,45.065000000000005,55.9898
115582,3494,45.736666666666665,31.8432
115590,3727,66.03166666666667,92.8343
115623,3727,183.00166666666667,142.2791
115626,3523,112.33500000000001,101.2327
115636,4370,92.17833333333333,127.0566
115730,10972,13.81,13.7356
115733,6502,38.585,52.3657
115829,6732,23.273333333333333,13.956
115836,3727,64.66833333333334,90.73310000000001
115837,3727,245.97333333333333,254.99089999999998
115845,10972,10.358333333333333,10.3293
115915,3494,34.19833333333334,23.2145
115929,3792,139.21833333333333,141.91320000000002
115936,3494,108.29333333333334,81.855
115946,3727,266.1933333333333,268.48040000000003
115953,4370,43.80333333333333,49.259800000000006
115989,3494,47.72666666666667,34.9982
115990,3523,18.955,17.7765
115991,3494,69.63166666666666,57.8887
116030,3494,152.15833333333333,122.987
116031,37376,92.20333333333333,56.6933
116099,3494,167.52833333333334,138.599
116125,3727,177.54666666666665,157.5246
116156,4370,37.156666666666666,36.5316
116164,3494,111.40166666666667,95.0948
116209,3494,74.61333333333333,71.83019999999999
116220,3494,100.28666666666666,64.89059999999999
116224,4370,64.09333333333333,80.4773
116229,3523,108.46333333333334,128.97039999999998
116231,35125,73.61833333333334,53.9095
116248,6732,65.97833333333332,51.352599999999995
116291,4370,90.50666666666666,98.2392
116296,4370,21.9,22.8379
116297,3727,218.925,168.527
116316,4370,24.408333333333335,25.179599999999997
116336,3494,33.13,33.093300000000006
116351,3523,52.32166666666667,61.103300000000004
116389,3523,207.32333333333332,212.0521
116393,3523,1.0683333333333331,0.6051
116404,37376,148.59166666666667,135.07979999999998
116421,3523,49.80333333333333,57.6705
116456,3494,88.07,81.53580000000001
116458,4370,24.05666666666667,12.0694
116462,3523,4.628333333333333,3.6873
116532,6732,32.495,15.405100000000001
116573,30057,29.206666666666667,24.7224
116611,3727,107.895,101.95989999999999
116617,3494,104.24499999999999,72.0323
116625,3792,56.455000000000005,42.259
116626,3494,93.13333333333334,99.7295
116721,3727,51.87833333333333,72.9837
116728,3494,145.79500000000002,118.8732
116738,3494,35.593333333333334,34.3598
116762,4370,50.37166666666667,50.0537
116783,23733,58.52833333333333,24.0359
116819,3494,260.35833333333335,205.2063
116842,3655,6.444999999999999,4.9902
116884,3494,82.855,60.190599999999996
116906,6733,31.753333333333334,21.9752
116915,3792,34.2,27.625700000000002
116921,11775,105.27166666666668,96.2021
116922,3494,172.44500000000002,176.4002
116962,3494,48.983333333333334,36.278800000000004
116965,8154,2.01,0.8518
117014,37376,27.691666666666666,16.0585
117051,3523,48.92166666666667,40.0978
117068,37376,152.66,138.81310000000002
117090,11020,6.371666666666667,4.2673000000000005
117107,3523,68.86666666666666,53.735
117131,3523,169.16,185.76420000000002
117192,3727,247.53833333333333,194.01839999999999
117194,3494,39.10166666666667,54.784699999999994
117218,3494,110.83500000000001,105.0685
117219,4370,56.544999999999995,66.8631
117299,30057,88.63000000000001,91.7561
117347,35125,16.475,14.4501
117408,3523,102.31333333333333,122.649
117419,3494,117.14166666666667,107.9608
117426,3655,12.101666666666667,6.5465
117441,3727,109.00500000000001,152.9061
117458,6919,11.051666666666668,7.0693
117490,3523,22.763333333333332,20.726599999999998
117493,3494,44.10666666666667,29.821099999999998
117524,6502,33.3,34.2184
117537,37376,74.95833333333333,48.5941
117599,3523,80.78833333333334,86.4858
117608,4370,85.94666666666667,93.94139999999999
117641,3792,122.27166666666668,126.484
117642,3727,11.833333333333334,14.919
117696,3494,105.315,106.8684
117703,3523,105.95166666666667,55.3168
117728,11775,119.18666666666667,105.7512
117765,3494,166.28166666666667,166.4534
117773,3523,93.77666666666667,67.3391
117791,30057,95.87333333333332,97.0329
117804,3523,61.05,47.8958
117815,3494,163.32666666666668,168.39839999999998
117823,3494,57.91166666666666,42.2705
117824,3523,125.69,124.56160000000001
117869,3792,45.535,40.4553
117900,37376,176.30833333333334,155.6986
117901,4370,137.235,149.7131
117977,3655,8.196666666666667,8.7001
117980,3655,26.435,23.017
117992,4370,14.445,9.5592
118041,3727,91.20166666666667,103.51180000000001
118111,3523,18.923333333333336,17.0551
118152,3727,1.6083333333333334,1.3087
118159,4370,26.988333333333333,28.9727
118199,8154,5.788333333333333,2.8002
118220,3727,78.86,91.62289999999999
118241,3727,208.68666666666667,210.594
118253,3523,41.05833333333333,56.7719
118288,3523,127.83166666666666,105.62289999999999
118300,3494,101.49166666666666,77.43039999999999
118303,3523,92.90333333333334,69.87689999999999
118334,3494,41.74333333333333,28.053900000000002
118347,11775,16.64,19.402900000000002
118373,3727,147.63500000000002,163.99710000000002
118437,3523,111.03166666666667,118.79780000000001
118447,4370,23.013333333333332,25.3583
118509,30057,43.263333333333335,46.612199999999994
118526,3494,161.27,162.5712
118596,30057,46.005,50.1618
118604,3792,63.47666666666667,64.2101
118651,3523,72.42,78.8765
118672,4370,98.41333333333334,123.77980000000001
118686,3727,110.80666666666666,121.745
118720,3523,11.74,10.6759
118726,37376,162.715,139.9505
118728,3727,122.57333333333332,113.3239
118736,3494,262.6333333333333,206.91639999999998
118753,3523,3.68,4.923100000000001
118759,3494,107.55,83.2517
118761,4370,120.97333333333333,113.76
118782,6732,37.77333333333333,35.1781
118793,6502,8.360000000000001,9.7612
118896,3494,47.485,41.7681
118910,3523,70.01333333333334,90.5155
118918,3494,105.46499999999999,79.9735
118995,37376,109.57166666666667,82.6551
119015,4370,142.625,123.3606
119026,3727,100.18833333333333,66.0362
119057,3523,91.86,113.3696
119061,3727,204.86833333333334,225.87279999999998
119080,3727,207.91333333333333,151.05720000000002
119096,8154,70.23,55.3838
119124,3523,30.895,34.2339
119126,3494,18.505,16.3574
119195,3523,138.45166666666668,112.2448
119232,3494,149.29833333333332,149.3023
119235,3494,152.01000000000002,149.85739999999998
119237,3727,221.25666666666666,170.7593
119251,3792,60.72666666666667,42.2954
119253,3494,24.533333333333335,27.1681
119336,3727,236.31666666666666,184.4014
119347,3655,47.695,49.509
119372,11020,5.156666666666666,3.57
119382,3655,10.041666666666666,7.7459
119409,3523,89.61833333333334,95.69789999999999
119452,3494,293.205,220.1955
119502,37376,159.78833333333333,143.9418
119515,30057,26.501666666666665,23.7731
119577,3523,180.11499999999998,195.4796
119587,3494,94.35333333333332,72.431
119625,30057,10.156666666666666,8.2645
119663,35125,62.92166666666667,44.1445
119677,30057,41.26833333333333,39.503800000000005
119695,11020,5.569999999999999,2.1252
119696,3494,28.845000000000002,24.1806
119721,3494,256.29333333333335,209.4691
119728,6732,65.81,49.2607
119733,6732,59.68833333333334,47.0719
119742,3523,115.35833333333333,121.50869999999999
119772,3494,85.595,66.34530000000001
119774,4370,67.47,71.50789999999999
119792,3494,77.17166666666667,88.20639999999999
119865,30057,12.264999999999999,10.951799999999999
119870,8154,60.17666666666666,41.2796
119892,3770,21.21333333333333,22.3672
119895,8154,86.105,60.3255
119896,3727,136.325,119.0038
119901,3523,105.605,113.14389999999999
119904,6732,34.38666666666666,37.4251
119909,8154,35.125,25.3097
119918,3727,125.71000000000001,123.1665
119923,3727,91.59833333333333,99.4889
119932,3655,99.985,71.2012
119945,11775,138.52666666666667,114.0163
119954,3727,195.02,147.2935
120012,8269,9.341666666666667,7.1775
120039,3523,87.16333333333334,84.99239999999999
120042,30057,89.57166666666667,92.79039999999999
120043,6359,100.64166666666667,85.721
120050,4370,71.14333333333335,72.2835
120059,3494,174.03333333333333,152.5401
120138,37376,48.791666666666664,29.797099999999997
120155,8269,12.161666666666667,9.9835
120158,3494,34.875,25.375400000000003
120159,3655,20.208333333333332,9.0955
120171,6502,14.825,14.9294
120186,3494,127.935,96.5933
120188,3494,34.791666666666664,48.8356
120288,4370,52.305,69.26660000000001
120300,3655,4.3533333333333335,3.427
120310,3792,37.690000000000005,25.0289
120327,6502,27.93,37.3098
120337,6732,56.12833333333333,62.3933
120338,37376,2.1133333333333333,1.1933
120349,3494,110.03666666666666,65.76889999999999
120368,11775,137.00666666666666,113.4135
120386,3727,133.67666666666668,115.5064
120387,3494,7.906666666666666,5.5851999999999995
120394,4370,57.52333333333333,74.4863
120423,3792,56.638333333333335,50.1455
120509,3523,75.19333333333334,54.1268
120542,11775,79.555,48.711400000000005
120639,3727,202.80333333333334,150.4832
120645,37376,158.6,143.8409
120690,3792,51.54333333333333,38.743
120694,37376,205.94833333333332,175.4221
120718,3792,12.935,13.1528
120735,3655,127.15333333333334,121.702
120762,8154,38.865,29.2003
120787,37376,109.68166666666666,84.6545
120798,3494,78.35333333333332,58.986599999999996
120800,3523,58.443333333333335,72.3326
120807,8154,46.73166666666667,32.4785
120840,35125,12.306666666666667,9.031
120846,3494,141.61333333333332,111.9295
120854,4370,163.25333333333336,211.27329999999998
120857,3494,78.045,76.4561
120858,3523,78.45166666666667,97.81389999999999
120862,3792,119.99499999999999,120.5938
120878,3494,66.35,44.2204
120913,3523,25.043333333333333,15.7259
120957,3494,104.925,79.4346
120973,37376,30.421666666666667,19.504099999999998
120982,3727,214.11,234.1952
121016,8154,39.075,29.2366
121023,3655,338.455,217.2988
121063,8154,43.394999999999996,38.600199999999994
121071,30057,55.80166666666666,60.8746
121085,3727,93.34166666666667,107.5961
121126,3727,89.84166666666667,61.7374
121213,4370,70.08166666666666,94.76289999999999
121214,3523,62.02166666666667,48.6395
121235,3727,101.42,111.0845
121248,3727,120.37666666666668,127.8942
121251,3494,193.56166666666667,159.22070000000002
121259,3523,52.76166666666666,68.3985
121262,3727,287.1316666666667,280.5398
121268,3727,109.65666666666667,113.74889999999999
121284,3655,6.126666666666667,2.5815
121297,3523,160.03833333333333,177.409
121300,30057,22.478333333333335,21.226
121315,3494,28.391666666666666,39.768800000000006
121341,3754,1.025,0.7807000000000001
121415,6732,5.323333333333333,5.039899999999999
121431,3727,161.645,147.0246
121434,4370,119.02833333333334,107.8978
121498,4370,94.99499999999999,131.0216
121504,3494,31.955,41.255300000000005
121505,3727,178.47666666666666,157.44060000000002
121528,3494,155.22666666666666,157.40879999999999
121573,30057,56.126666666666665,58.737
121582,35125,54.04333333333333,41.9931
121594,3494,77.66666666666667,85.3403
121595,37376,227.65333333333334,182.1888
121596,3494,49.75,44.203
121600,3494,68.55333333333333,77.8635
121642,3727,15.286666666666667,8.6797
121644,37376,28.813333333333333,16.323
121749,3727,20.23,16.8313
121786,3754,43.888333333333335,61.997699999999995
121809,3727,168.60666666666665,151.5683
121844,4370,96.71333333333334,103.7136
121845,4370,78.63333333333334,93.3287
121902,37376,69.49499999999999,51.853300000000004
121916,23733,13.413333333333332,5.7942
121924,6732,8.061666666666666,5.4161
121939,3523,58.65333333333333,35.637800000000006
121954,3727,34.66166666666666,25.8535
121963,3727,122.84833333333333,129.7641
121967,8154,34.00833333333333,24.8736
121968,30057,82.15,87.8714
121972,3727,295.93833333333333,306.331
122003,37376,62.19166666666667,39.9408
122049,6359,154.77666666666667,131.1082
122077,37376,86.125,55.98
122110,3523,56.78666666666666,70.5956
122180,3727,56.23833333333334,76.5927
122186,3523,141.67833333333334,101.8783
122208,30057,29.25,30.7044
122234,8154,45.931666666666665,32.146
122235,3494,146.71833333333333,118.974
122273,4370,104.31,116.8253
122293,3494,167.495,161.83939999999998
122316,6359,108.52666666666667,92.62519999999999
122318,11775,138.675,117.2241
122334,3792,41.60166666666667,27.7683
122357,3494,162.90833333333333,134.6994
122361,6502,20.295,20.7832
122387,3523,46.475,64.504
122393,3727,218.70833333333334,157.0469
122425,4370,143.94666666666666,146.7919
122454,3727,169.09333333333333,153.1922
122480,3727,148.69166666666666,165.4638
122492,3792,42.97,28.3451
122500,3523,85.64666666666668,98.3124
122546,3494,30.428333333333335,13.9176
122573,3523,13.215,10.3045
122623,3494,137.47666666666666,110.591
122664,3523,51.56166666666666,58.4886
122683,3727,226.1616666666667,175.2456
122722,4370,114.51666666666667,111.0781
122744,3523,124.06166666666667,99.18180000000001
122758,37376,179.22333333333333,128.15810000000002
122779,3727,13.751666666666667,16.247600000000002
122798,3727,130.94166666666666,130.8285
122803,3494,53.31666666666667,39.209300000000006
122859,3523,33.13166666666667,45.9645
122861,3523,64.145,77.5763
122925,3523,90.53666666666666,110.95989999999999
122940,30057,8.411666666666667,6.7386
122981,3727,83.52833333333334,95.152
122996,6502,10.098333333333333,12.3546
123015,3494,166.11833333333334,147.2661
123017,4370,21.011666666666667,25.3545
123018,4370,29.121666666666666,29.072
123038,30057,20.19,24.1492
123053,3727,142.82833333333335,119.31160000000001
123054,3494,45.67166666666667,41.549099999999996
123069,3494,286.30333333333334,218.18120000000002
123087,3494,37.919999999999995,35.3272
123091,30057,38.108333333333334,40.7339
123125,3727,177.89,157.7047
123135,6502,15.8,19.2955
123137,3727,236.10333333333335,179.3709
123165,30057,22.69333333333333,19.0596
123168,3727,114.44166666666666,124.1632
123182,3727,146.03833333333333,143.9204
123201,3727,104.03,116.8907
123230,30057,48.611666666666665,45.078199999999995
123270,3494,11.176666666666668,9.075899999999999
123324,3494,84.75333333333333,83.55330000000001
123337,3727,57.419999999999995,77.3089
123368,30057,33.18,37.648900000000005
123374,3727,92.81,107.0318
123423,4370,2.6633333333333336,2.0673000000000004
123435,3727,61.405,59.2928
123448,3494,178.54500000000002,145.00889999999998
123517,3727,112.08666666666666,122.4738
123524,3655,62.86333333333334,62.155699999999996
123551,4370,13.608333333333333,15.226299999999998
123572,3727,159.50333333333336,202.1262
123634,4370,40.00833333333333,53.1055
123679,4370,114.74833333333332,134.6165
123780,3494,152.48999999999998,122.82430000000001
123792,37376,55.67833333333333,35.8894
123860,3494,73.69333333333334,56.184599999999996
123891,3754,82.96166666666666,85.4192
123922,3655,15.625,14.9839
123975,3494,164.11499999999998,90.0188
123977,6733,34.67833333333333,13.1637
123990,3655,49.65,51.259
123991,30057,17.64333333333333,18.3684
124010,3494,47.263333333333335,24.8006
124016,3523,20.243333333333332,20.9148
124056,37376,39.35666666666667,25.6062
124061,3655,61.07,60.0279
124064,8269,27.076666666666664,21.0983
124071,3523,119.90666666666667,126.06410000000001
124111,3523,35.96,26.219900000000003
124133,3727,107.15833333333333,109.6798
124139,3523,54.525,60.7957
124148,37376,32.72833333333333,18.6975
124180,3494,120.20166666666667,88.6945
124190,3727,240.02666666666667,187.93370000000002
124209,4370,22.165000000000003,19.1661
124210,3727,270.86,295.01759999999996
124247,30057,28.891666666666666,35.999300000000005
124258,35125,43.044999999999995,29.2729
124268,11775,115.92666666666668,100.4858
124274,3494,15.958333333333334,15.5839
124292,3727,14.225,17.2374
124305,3494,53.06333333333334,35.2323
124307,3523,85.43666666666667,64.9423
124397,4317,3.1333333333333333,2.2051999999999996
124399,3494,63.55333333333333,51.9587
124439,3523,19.565,20.293200000000002
124499,3727,198.75166666666667,152.49429999999998
124614,37376,49.30833333333333,30.3957
124634,3523,13.139999999999999,17.2694
124641,3727,45.86333333333334,64.7568
124658,3727,38.894999999999996,54.908
124678,8154,57.681666666666665,48.1935
124713,3523,206.73999999999998,207.6294
124779,3727,221.1,170.6326
124799,3727,114.58833333333334,110.0468
124858,4370,138.97166666666666,131.7432
124873,3523,110.74166666666666,131.5826
124982,30057,55.836666666666666,65.30380000000001
124988,3494,31.790000000000003,24.428099999999997
125009,3523,55.836666666666666,57.7395
125013,4370,100.96499999999999,139.20729999999998
125041,3727,216.665,156.7908
125048,3494,152.05166666666668,93.2287
125078,3523,182.70166666666668,194.0094
125110,4370,101.85333333333332,133.88
125134,37376,29.263333333333332,16.8346
125140,11775,3.1783333333333332,2.6681999999999997
125148,4370,21.368333333333332,21.4615
125255,3727,156.04,206.40370000000001
125256,3727,136.85666666666665,116.83139999999999
125282,15598,3.6633333333333336,1.6896
125318,3655,1.0433333333333334,0.7485
125322,3727,141.4,95.8532
125324,10972,17.453333333333333,16.9813
125379,8154,34.99,26.6181
125416,6502,7.8983333333333325,9.6355
125484,3727,114.19333333333334,111.8397
125540,4370,76.70166666666667,102.36760000000001
125562,4370,65.16166666666666,84.74130000000001
125576,4370,59.01,61.158300000000004
125590,3727,131.13166666666666,167.5478
125591,3727,143.58333333333334,143.5275
125671,3655,20.038333333333334,9.8475
125710,3523,261.8483333333333,159.8881
125761,3727,256.01,200.3649
125780,3494,112.82333333333332,97.83210000000001
125807,3523,14.635,15.065700000000001
125868,30057,39.93833333333334,43.5415
125886,3727,246.13833333333332,188.448
125898,3655,3.518333333333333,2.3845
125941,30057,30.936666666666667,29.0477
126010,3494,97.51,104.37519999999999
126062,3494,79.70333333333333,64.5374
126098,3494,143.77833333333334,147.27779999999998
126104,3494,70.31166666666667,48.3376
126146,3523,76.04666666666667,80.44839999999999
126159,3792,60.894999999999996,44.8722
126162,3727,34.03333333333333,25.3074
126187,4370,94.30833333333334,108.094
126204,4370,88.66000000000001,96.5548
126205,3727,123.195,125.60510000000001
126216,3494,165.17333333333332,135.4426
126270,30057,15.713333333333333,17.539900000000003
126286,35125,25.451666666666664,17.6602
126340,37376,48.63666666666666,31.4987
126343,3494,17.018333333333334,23.2321
126351,3523,99.95166666666667,107.042
126377,3727,76.39666666666668,56.1475
126415,4370,83.275,102.9351
126421,6502,24.418333333333333,24.59
126464,3494,54.41,39.53
126471,3494,119.41666666666667,102.15939999999999
126484,37376,146.21833333333333,134.4869
126495,3523,122.41666666666667,102.0143
126523,37376,59.361666666666665,38.336
126533,3523,66.67,77.73089999999999
126539,3727,78.325,56.9453
126544,4370,171.61,216.6351
126551,3727,89.58999999999999,98.7716
126580,6732,49.25333333333333,53.8529
126596,3727,162.425,212.8953
126670,3523,149.25166666666667,130.5585
126672,3523,46.559999999999995,48.924800000000005
126690,3727,22.371666666666666,30.7012
126739,3494,78.63166666666666,86.3793
126747,4370,72.74666666666667,98.741
126752,3727,34.468333333333334,48.6209
126782,8012,0.7583333333333333,0.4422
126811,37376,148.59166666666667,135.07979999999998
126824,3792,57.169999999999995,37.077400000000004
126838,4370,35.82166666666667,45.901300000000006
126870,30057,84.56,77.45519999999999
126874,4370,87.70833333333333,110.3742
126882,30057,75.30333333333333,82.302
126890,3523,12.201666666666666,15.9414
126931,4370,17.851666666666667,19.8246
126974,11020,9.22,7.3049
126976,4370,120.89333333333335,146.56889999999999
126978,3792,11.621666666666666,12.123700000000001
127019,3494,50.43833333333334,33.7663
127053,3494,85.02833333333334,93.2806
127081,3494,64.80666666666667,78.8334
127104,11020,13.2,10.5185
127135,3523,70.14333333333335,54.7741
127165,3727,96.57333333333332,109.2328
127203,3655,11.54,10.5806
127204,3727,18.490000000000002,22.7613
127220,3523,91.84833333333333,113.6027
127223,3494,89.78166666666667,70.936
127279,3727,268.10333333333335,292.639
127291,3727,176.93333333333334,211.466
127324,30057,49.535,61.6989
127325,3494,115.79833333333333,99.5535
127332,30057,13.84,10.888200000000001
127341,3770,1.04,0.6888
127347,4370,53.62166666666667,72.6306
127359,3494,160.10833333333332,164.51520000000002
127390,3727,151.43833333333333,144.2689
127438,3655,57.64666666666667,53.828900000000004
127440,3494,117.095,118.7692
127444,4370,48.31166666666666,51.1593
127448,6732,37.30833333333333,39.7057
127471,4370,129.55166666666668,144.6001
127472,3494,153.90166666666667,158.11829999999998
127505,4370,103.97666666666667,143.52429999999998
127518,6919,15.74,17.8525
127536,3727,126.51666666666667,131.9845
127539,8154,21.301666666666666,17.5225
127558,4370,138.0366666666667,118.5787
127559,30057,75.52166666666668,82.7435
127578,3523,135.67666666666668,154.98729999999998
127579,4370,28.251666666666665,36.4274
127597,3655,3.8616666666666664,2.0806
127609,35125,32.275,27.0547
127667,30057,69.57166666666667,76.3552
127732,3727,56.22166666666667,47.7355
127735,4370,30.973333333333336,29.644099999999998
127772,3494,260.3483333333333,212.16279999999998
127796,3727,97.37833333333333,86.4382
127800,3523,50.19166666666667,41.0807
127801,37376,62.13166666666667,41.222699999999996
127808,3727,113.29166666666667,114.7939
127810,3727,158.06333333333333,175.38410000000002
127832,3523,111.47666666666667,132.3726
127840,3523,122.34333333333333,101.9668
127845,3792,112.26166666666667,115.3943
127849,3792,45.401666666666664,30.1767
127852,4370,128.03666666666666,113.9915
127860,3792,65.60833333333333,66.92460000000001
127897,3792,110.19333333333334,114.59530000000001
127946,3655,12.773333333333333,8.5827
127953,3494,99.68333333333334,97.8733
127956,4370,29.708333333333332,38.8897
127971,3727,209.54,160.1598
128024,3727,92.74166666666666,103.43960000000001
128026,3523,48.195,56.0815
128155,3727,157.90166666666667,200.4998
128160,3727,92.845,105.5125
128183,11775,118.35,101.5184
128192,37376,60.21,38.6728
128196,30057,57.61833333333333,63.2806
128212,6359,101.77,85.3095
128225,3523,142.90166666666667,126.332
128226,3727,174.93166666666667,138.9628
128252,3494,77.275,51.369800000000005
128290,3523,165.80833333333334,180.5845
128341,30057,35.76166666666666,39.218900000000005
128368,4370,87.49,108.0385
128383,3727,127.97333333333333,113.1366
128390,3494,58.11,54.8828
128438,3494,100.02,93.5495
128464,6359,75.25666666666666,64.8116
128472,3523,69.64666666666668,49.7926
128530,11020,3.9016666666666664,2.2346
128567,3727,83.045,63.264900000000004
128576,3523,21.486666666666668,18.1466
128590,3727,11.375,15.1951
128679,3523,47.34166666666667,54.3797
128682,3727,65.05166666666666,76.1197
128716,3494,63.23833333333334,45.96
128719,30057,47.348333333333336,63.0081
128733,4370,97.105,93.4139
128734,3523,193.65833333333333,203.0344
128742,3523,65.02833333333334,49.5088
128771,3494,48.35333333333333,55.4735
128812,30057,13.21,9.952
128825,3727,180.05333333333334,162.0588
128839,6502,4.738333333333333,5.1301000000000005
128846,3655,9.566666666666666,6.2604
128851,3523,70.825,54.6049
128855,3494,123.28999999999999,118.44210000000001
128902,30057,9.328333333333335,7.2787
128946,3655,43.73833333333334,44.5835
128953,4370,36.535,36.6652
128990,6919,61.49666666666667,41.2989
129016,3523,41.361666666666665,41.123599999999996
129024,3727,76.29166666666667,82.1323
129051,3792,47.42166666666667,35.8467
129052,4370,102.33,90.5023
129066,3727,85.20333333333333,59.8071
129098,6502,17.351666666666667,19.3659
129169,4370,35.28,43.6145
129175,3494,145.13833333333332,133.29229999999998
129179,3523,10.673333333333334,8.6415
129185,3494,86.92333333333333,94.6352
129188,3727,94.04666666666667,101.5227
129210,3494,43.63333333333333,29.5062
129218,3727,89.47666666666667,103.4328
129247,3727,243.50833333333333,253.7406
129259,3727,230.23833333333332,241.5205
129263,3494,144.61666666666667,118.2625
129290,4370,139.68666666666667,115.25489999999999
129306,3523,47.538333333333334,55.841300000000004
129432,3523,24.796666666666667,17.5709
129441,3655,6.748333333333333,4.2208000000000006
129455,4370,21.84,27.1352
129458,3494,6.816666666666666,8.0221
129468,35125,21.966666666666665,20.1907
129489,3727,263.7583333333333,283.1462
129491,3523,9.128333333333334,10.364700000000001
129497,30057,76.47,71.94739999999999
129544,3727,249.36,255.22279999999998
129546,3494,106.15,74.2365
129548,3523,96.57,103.3331
129549,3727,78.27833333333334,90.80560000000001
129561,3523,4.538333333333333,2.95
129598,3494,93.06,73.1707
129681,3655,26.779999999999998,23.2529
129699,4370,95.42,109.2722
129719,30057,16.058333333333334,15.1375
129795,3494,150.63333333333333,124.7998
129840,3523,80.38166666666666,94.7227
129862,37376,150.58666666666667,122.8514
129899,4370,86.06666666666666,100.7286
129935,3523,104.58,77.1959
129936,3727,145.51333333333332,150.2293
129979,3727,40.9,29.872400000000003
130035,3494,115.12666666666668,99.2753
130045,37376,170.02166666666665,151.4809
130066,4370,82.14333333333335,105.93719999999999
130094,3523,20.801666666666666,17.828200000000002
130156,8154,4.091666666666667,1.6298
130185,3727,109.3,91.4542
130188,3727,121.79166666666667,112.10839999999999
130222,30057,19.378333333333334,19.1534
130225,3523,62.223333333333336,67.876
130226,4370,13.871666666666666,12.5447
130287,3494,89.88166666666666,82.8073
130310,3523,21.41,29.380599999999998
130340,3727,80.35333333333332,97.2105
130344,3523,136.87,111.6415
130388,3494,96.64833333333333,62.0946
130390,3727,74.83833333333334,105.00689999999999
130419,3727,86.34833333333333,105.4934
130448,3494,81.76833333333335,65.9328
130471,8269,64.80666666666667,69.7709
130494,3792,123.11333333333333,126.9736
130505,8154,28.756666666666668,22.1006
130512,3523,4.261666666666667,3.5784000000000002
130575,3523,62.25833333333333,74.012
130611,3727,9.501666666666667,13.3655
130652,3494,116.475,100.29480000000001
130659,3792,109.695,65.1075
130697,3523,8.675,3.4987
130738,4370,183.45166666666668,224.38039999999998
130783,3494,69.29833333333333,56.059599999999996
130815,11020,9.101666666666667,3.6793
130943,3727,94.83333333333333,76.51780000000001
130950,3727,27.663333333333334,38.635400000000004
130960,4370,31.903333333333332,30.297099999999997
131010,3792,57.23166666666667,42.5257
131014,3494,48.655,29.896900000000002
131047,30057,36.76,47.4129
131054,3523,80.78833333333334,61.7161
131066,30057,85.78999999999999,90.8691
131068,3494,185.64,149.7254
131087,3655,72.73833333333333,70.8783
131091,37376,139.98666666666668,119.5442
131140,35125,71.41833333333334,52.1559
131148,3494,81.71333333333334,59.5583
131193,3494,159.85333333333335,128.2182
131204,3523,54.05166666666666,50.6289
131290,3727,254.93166666666667,279.0288
131355,37376,166.105,148.91670000000002
131378,3727,296.14000000000004,306.41470000000004
131379,3727,82.62166666666667,94.1364
131404,4370,70.23166666666665,72.8099
131422,4370,107.85166666666667,130.0484
131456,3494,143.82000000000002,113.15889999999999
131499,3655,26.916666666666668,27.182
131504,3727,165.67999999999998,151.4942
131542,6733,31.418333333333333,33.4475
131650,11775,24.69,26.403599999999997
131669,4370,201.425,158.4964
131684,3727,20.648333333333333,28.438299999999998
131697,3727,91.805,99.5031
131728,3494,29.991666666666667,27.3345
131787,6502,20.44,14.7821
131795,3727,85.2,98.92989999999999
131822,30057,29.785,24.2348
131837,30057,47.46,51.175
131848,3523,44.980000000000004,61.0725
131849,3523,173.87166666666664,189.9094
131878,3494,92.46499999999999,84.3265
131898,3523,139.29833333333332,113.2552
131901,3494,48.580000000000005,32.7957
131930,3727,113.28,115.2552
131932,3523,38.77166666666667,40.596199999999996
131985,3494,0.8516666666666667,0.37439999999999996
132079,4370,19.158333333333335,21.805799999999998
132087,4370,29.351666666666667,33.948800000000006
132141,3792,4.0,4.3114
132156,3494,180.42833333333334,175.65179999999998
132177,3655,135.575,129.2388
132178,37376,145.10166666666666,123.22510000000001
132209,3727,111.35833333333333,92.2736
132211,3494,73.24333333333334,72.10289999999999
132235,6918,49.095,51.8658
132259,3494,92.67333333333333,71.05189999999999
132261,37376,189.18333333333334,164.2679
132293,3494,212.52666666666667,172.0944
132303,6580,31.95,39.0821
132307,3523,25.716666666666665,35.574
132314,3727,211.98666666666668,162.26739999999998
132335,3494,83.76833333333335,92.5432
132357,8154,30.251666666666665,28.2482
132377,3494,114.26666666666667,101.10730000000001
132384,3727,88.03333333333333,65.2854
132387,4370,83.345,107.19030000000001
132389,3792,36.45,35.4205
132463,3523,147.31166666666667,165.7754
132468,3523,11.74,11.0505
132481,3523,52.67166666666667,40.769
132524,4370,53.00666666666667,71.0651
132584,3727,241.42999999999998,264.67379999999997
132609,4370,26.705,28.0135
132647,3523,2.6766666666666667,2.6961
132670,3727,98.46166666666666,103.3598
132692,30057,22.671666666666667,22.326400000000003
132699,3494,186.47333333333333,148.56560000000002
132702,37376,198.8383333333333,170.6467
132713,8154,79.84333333333333,56.2034
132722,30057,13.683333333333334,10.201600000000001
132742,37376,23.298333333333336,14.9308
132753,3727,105.21333333333334,118.0231
132784,3494,143.315,146.9811
132789,3494,4.746666666666667,6.358
132800,3727,181.3,213.2982
132804,3494,60.87166666666667,75.6045
132811,11775,38.41166666666666,35.337
132842,3494,78.135,55.6848
132843,3727,107.96666666666667,110.2167
132903,4370,66.01833333333333,89.2163
132923,3727,115.78999999999999,129.4179
132944,37376,80.8,51.971599999999995
132984,3727,75.76333333333334,81.6632
132995,3792,69.03999999999999,56.0817
133039,3523,77.19666666666667,59.3912
133041,3727,233.375,178.23729999999998
133120,3494,109.21499999999999,102.1184
133130,4370,25.091666666666665,29.2372
133134,3727,29.33,32.4968
133198,3727,272.43333333333334,295.85429999999997
133230,3494,138.63166666666666,103.35119999999999
133237,11775,119.13000000000001,102.5856
133259,3727,42.65333333333333,30.922
133264,3494,75.61999999999999,83.5
133267,4370,174.015,214.06670000000003
133268,3494,93.94166666666666,60.686800000000005
133298,3523,105.345,122.3405
133321,3727,102.14666666666668,135.91570000000002
133341,30057,41.425,52.7816
133348,3523,4.286666666666666,5.555899999999999
133351,3727,115.39166666666667,72.3533
133353,3494,26.39,17.801099999999998
133363,3727,258.3616666666667,261.7313
133381,3494,80.615,63.262
133406,3792,15.133333333333333,15.130600000000001
133460,3727,112.795,115.0529
133461,3655,14.175,11.188799999999999
133501,3727,83.46499999999999,93.45639999999999
133547,10972,10.606666666666666,10.519
210199,8269,11.493333333333334,12.529200000000001
210213,3727,28.346666666666668,37.999900000000004
210218,30057,26.711666666666666,22.8092
210224,6580,58.67333333333333,49.6788
210323,3770,49.225,26.392799999999998
210431,35125,79.74166666666666,63.2535
210501,3727,129.12,125.33
210555,4370,18.2,21.1056
210616,3494,272.925,212.4122
210649,37376,100.67833333333333,78.6421
210751,3727,123.50666666666666,128.1645
210771,3792,157.11499999999998,155.3391
210942,3494,32.95666666666667,27.4542
210952,6732,438.28333333333336,437.9262
210963,30057,54.73166666666667,59.398199999999996
211001,3494,77.67333333333333,85.2148
211033,4370,152.09833333333333,128.4105
211035,6580,37.07,41.3837
211075,3727,83.36,95.6436
211078,37376,50.88166666666667,32.6969
211127,3523,18.19333333333333,18.3409
211204,3523,90.10333333333332,48.7337
211287,35125,39.23833333333334,27.0273
211381,3727,88.0,100.1088
211382,3494,117.97666666666667,107.82469999999999
211397,3523,138.05666666666667,157.4242
211414,3523,201.20333333333335,176.5485
211550,30057,40.925,36.5697
211614,3494,55.32333333333334,51.8708
211625,30057,42.858333333333334,55.8708
211716,11775,72.79666666666667,43.1391
211750,3727,153.9633333333333,148.8871
211768,3523,210.7866666666667,161.8399
211851,3523,123.07666666666667,103.1781
211880,6918,5.5183333333333335,4.7779
211913,3727,113.885,159.046
211961,3727,253.44833333333332,258.222
212042,6580,46.33833333333334,46.4195
212090,3494,110.76,102.72439999999999
212103,6580,85.18666666666667,88.4885
212136,3494,214.67333333333332,176.81560000000002
212143,3494,65.31333333333333,72.6124
212179,3523,89.49499999999999,67.5736
212197,3523,90.06166666666667,48.716699999999996
212269,3523,131.73833333333334,104.13669999999999
212331,3494,78.57833333333333,57.6629
212355,3655,6.2733333333333325,5.319
212416,3727,49.32666666666667,52.1554
212447,3494,161.16666666666666,133.53910000000002
212456,3727,113.8,115.07889999999999
212469,3494,213.97666666666666,173.0575
212471,3523,9.270000000000001,8.0184
212512,3727,29.658333333333335,29.4485
212539,3523,127.74166666666666,101.9563
212609,3494,41.775,39.646800000000006
212747,3727,113.85833333333333,123.7927
212777,3523,43.123333333333335,59.9208
212912,3770,14.475,10.8239
212967,3727,114.74499999999999,104.8088
213000,37376,87.90333333333334,71.477
213002,3494,66.35666666666667,75.7912
213019,3727,142.82833333333335,119.31160000000001
213073,4370,22.725,26.499
213121,3727,89.84166666666667,61.7374
213134,3770,8.005,8.2859
213163,3494,58.30333333333333,46.2785
213227,3792,36.980000000000004,24.6923
213254,3727,113.60333333333332,123.6228
213265,30057,8.785,7.5206
213281,3770,17.41,15.7507
213291,3727,12.808333333333334,5.6487
213307,3494,116.78333333333333,100.50269999999999
213334,3727,120.32666666666667,133.60739999999998
213472,3494,66.61999999999999,75.97139999999999
213508,4370,32.335,30.5742
213548,3727,138.84,145.9225
213588,3727,174.185,159.6129
213806,3727,12.808333333333334,5.6487
213815,3727,207.57999999999998,228.352
213881,3494,21.98,19.7542
213926,3727,89.08,84.678
213929,3754,37.925,38.354099999999995
213961,3523,211.55333333333334,162.3474
213982,3494,45.02833333333333,33.686099999999996
214041,3494,141.775,119.3495
214057,3754,27.154999999999998,38.3385
214077,3727,73.39,86.13380000000001
214093,8154,3.5900000000000003,1.3662999999999998
214192,3494,47.875,42.2391
214222,37376,56.86,38.811699999999995
214248,3792,76.25,55.0636
214276,3523,45.95333333333333,53.6724
214287,3655,396.365,275.677
214328,4370,12.001666666666667,11.2376
214371,3727,190.645,200.2254
214461,3494,214.58166666666665,173.4627
214463,3494,82.78999999999999,65.7638
214626,3727,133.65333333333334,84.1998
214691,3727,90.55666666666666,104.5853
214758,37376,139.98666666666668,119.5442
214909,3727,74.28166666666667,55.2776
214943,3727,107.17166666666667,99.9011
214991,37376,19.4,12.3459
215058,3523,36.14833333333333,50.312599999999996
215094,3494,66.35666666666667,75.7912
215130,3727,63.29833333333333,50.7083
215136,3792,71.435,66.7537
215154,3523,214.88166666666666,164.2852
215161,3727,241.15833333333333,183.3029
215172,3523,146.95666666666665,110.21010000000001
215236,3727,140.77333333333334,118.45939999999999
215362,3494,177.74333333333334,140.0199
215420,4370,15.458333333333334,14.758
215433,3727,108.20833333333333,108.1781
215466,4370,25.753333333333334,31.5897
215477,6502,15.311666666666667,9.7408
215514,4370,75.62833333333333,88.6535
215538,3727,272.9533333333333,296.1335
215547,3792,100.50666666666666,61.271300000000004
215551,3754,73.01166666666667,87.6145
215561,6359,110.29833333333333,93.3463
215577,6580,78.58166666666666,88.5389
215699,37376,23.19,12.9918
215826,3727,183.99833333333333,136.4209
215827,3770,41.01833333333333,17.3518
215842,3523,155.19,126.9649
216010,3523,186.99166666666667,198.6541
216026,30057,2.268333333333333,1.7358
216079,3727,143.81333333333333,128.38039999999998
216207,3523,95.925,51.152800000000006
216237,3727,108.85666666666665,108.4502
216281,3727,120.51333333333334,74.4355
216283,4370,125.14333333333335,136.497
216299,3770,46.525,34.235699999999994
216306,6359,110.08666666666666,93.2581
216351,3770,21.478333333333335,9.128200000000001
216406,3727,52.64333333333333,66.4987
216490,3727,46.60666666666667,58.0815
216573,3523,11.245000000000001,8.5748
216610,6919,54.13,38.237
216613,35125,11.110000000000001,7.8838
216643,3727,83.935,95.4221
216728,6580,38.875,47.886199999999995
216774,3494,57.71666666666667,26.0504
216812,3494,147.665,122.74980000000001
216813,3727,37.22666666666667,52.5167
217007,3727,103.56166666666667,89.0351
217158,3494,137.60666666666665,110.8369
217224,3494,44.83833333333334,32.965199999999996
217236,3727,89.93166666666666,100.6246
217239,6502,11.283333333333333,13.624
217302,11775,70.03166666666667,41.9871
217329,3494,27.545,38.557199999999995
217359,3727,2.8883333333333336,4.0146999999999995
217411,3792,140.85166666666666,146.8973
217437,3494,33.751666666666665,29.8217
217486,3727,120.93666666666667,116.4985
217510,4370,83.02166666666668,106.23780000000001
217511,3727,102.41000000000001,115.6526
217722,3523,49.269999999999996,58.9542
217736,3727,156.17666666666668,171.981
217764,3727,66.295,82.5218
217790,3727,63.065000000000005,80.3732
217811,3494,62.708333333333336,36.2725
217812,4370,150.31333333333333,128.7946
217835,4370,38.385,40.267199999999995
217841,3727,178.88666666666668,203.06779999999998
217906,37376,49.495,23.933799999999998
217945,3523,116.01666666666667,84.21889999999999
218084,3727,91.825,104.17410000000001
218133,3727,115.36333333333333,105.05760000000001
218137,30057,43.71,57.8628
218178,4370,10.716666666666667,6.793
218192,30057,75.235,82.6793
218212,3727,35.69166666666667,43.587300000000006
218332,3727,94.11666666666666,106.61210000000001
218338,3727,102.95833333333333,116.08510000000001
218354,3494,270.985,210.7922
218383,3727,53.66,74.2042
218429,6919,26.365000000000002,37.0085
218453,3727,141.57000000000002,147.74120000000002
218483,8154,74.53166666666667,50.5503
218549,3727,141.75666666666666,158.6778
218838,3494,37.498333333333335,35.5616
218871,3494,272.8,211.6539
218914,3727,261.34166666666664,263.3255
218932,3727,25.11,35.3999
219017,3655,84.56333333333333,88.9842
219152,35125,20.65666666666667,14.5562
219157,3494,19.883333333333333,20.9016
219160,3754,24.790000000000003,34.0792
219187,6359,73.33999999999999,60.7199
219194,3523,195.71,152.04379999999998
219291,37376,98.77666666666667,63.3785
219307,6580,44.443333333333335,43.794
219319,3727,89.84166666666667,61.7374
219336,6919,61.49666666666667,41.2989
219371,3727,53.02833333333333,74.6481
219386,6732,26.413333333333334,12.8856
219398,3727,102.39166666666667,117.173
219409,3727,127.54833333333333,81.6926
219412,3523,26.141666666666666,22.1318
219417,3523,96.59166666666667,90.74560000000001
219435,3727,161.405,154.28560000000002
219459,3727,134.75,143.1946
219473,3655,78.78,81.05210000000001
219483,3727,61.105000000000004,72.112
219542,3494,175.86166666666668,138.768
219552,37376,121.29833333333333,106.8536
219591,3494,200.87333333333333,163.602
219609,3655,86.24166666666666,87.5277
219713,3523,95.95333333333333,51.164699999999996
219761,3727,93.24333333333334,103.6822
219839,3792,56.665,55.1524
219873,10972,7.193333333333333,4.815300000000001
219881,3727,184.00333333333336,136.4231
220011,4370,60.17333333333333,81.3025
220044,3523,58.96333333333334,53.4078
220049,3523,122.75166666666668,100.4033
220054,3523,144.65333333333334,112.5607
220055,3727,83.35166666666667,95.6364
220111,3494,239.975,183.7945
220142,6732,337.12666666666667,338.3581
220188,3494,159.75666666666666,132.59879999999998
220193,11020,8.565,5.7043
220316,3727,66.63000000000001,75.8162
220321,3727,164.97666666666666,128.5003
220390,3727,138.06666666666666,138.8985
220406,3727,179.33666666666667,212.7965
220509,3494,141.565,115.459
220581,3655,60.47166666666667,55.0035
220662,3727,242.54,254.5496
220749,30057,28.220000000000002,28.2897
220895,3494,179.54666666666665,141.21679999999998
220927,3727,157.64,126.9622
221029,3727,71.91833333333334,54.286300000000004
221205,3754,24.31,15.4557
221355,4370,30.976666666666667,38.0464
221364,3727,95.89833333333333,108.48360000000001
221470,6359,114.03166666666667,95.0157
221529,3494,174.38833333333332,152.6773
221531,3754,63.251666666666665,79.582
221536,3523,81.42,54.9635
221598,3494,12.731666666666666,8.9819
221604,3754,88.05833333333334,90.2031
221644,35125,91.385,60.413599999999995
221649,3727,114.99499999999999,114.8896
221670,3727,134.60666666666665,128.0641
221675,4370,51.333333333333336,68.23310000000001
221701,4370,34.28666666666666,40.9272
221747,3727,239.12833333333336,248.61860000000001
221783,3727,58.431666666666665,77.2908
221790,3727,156.88,171.9601
221815,3727,161.245,204.07160000000002
221897,3494,93.71499999999999,102.6199
221965,3494,137.95166666666668,118.0888
222055,3727,147.515,151.1097
222058,3727,113.44833333333332,104.2684
222113,3523,104.61833333333334,92.72739999999999
222141,3727,14.633333333333333,14.451799999999999
222191,3494,151.42999999999998,125.7835
222203,6919,6.693333333333333,8.8755
222208,37376,30.131666666666668,17.8463
222227,3792,50.531666666666666,41.8256
222238,6733,28.266666666666666,26.5646
222251,8154,73.38166666666666,52.0177
222464,6580,18.701666666666664,19.561
222473,4370,184.05833333333334,224.50910000000002
222506,3754,451.72999999999996,389.9277
222654,3494,138.32666666666668,110.57039999999999
222670,10972,10.983333333333333,7.4683
222832,11775,110.045,96.43339999999999
222899,6359,110.29833333333333,93.3463
222919,3727,156.19,149.81429999999997
222983,3727,101.25333333333333,115.2628
223027,3523,63.83166666666667,68.5562
223116,3727,40.755,29.360400000000002
223118,37376,38.39666666666667,24.8672
223280,3727,206.99666666666664,226.4065
223305,3792,48.31666666666667,34.4535
223307,3727,200.61333333333332,204.28889999999998
223339,6919,6.128333333333333,8.429200000000002
223458,4370,147.00333333333336,126.60260000000001
223477,3727,83.35166666666667,95.6364
223487,3770,35.50833333333333,17.409
223535,3494,26.361666666666668,30.5229
223650,3727,147.41833333333335,151.0696
223727,3727,138.61666666666667,130.7306
223815,3727,109.10666666666665,110.9754
223824,11775,22.348333333333336,23.4417
223833,3494,210.93833333333333,163.3423
223841,4370,27.966666666666665,24.9325
223854,6918,11.826666666666666,10.1082
223944,6732,4.9399999999999995,4.4346000000000005
223998,3727,225.755,159.95489999999998
224032,3727,107.54666666666667,107.9021
224071,11775,74.13000000000001,45.097199999999994
224107,3494,48.288333333333334,35.5696
224110,3727,108.38333333333334,119.9597
224122,37376,91.055,58.794
224186,35125,61.49,43.5137
224188,3727,92.79833333333333,105.2098
224200,6502,8.415,5.178
224235,3494,64.99333333333333,72.4808
224244,3727,255.71833333333333,279.8443
224304,6359,113.12666666666668,94.6402
224310,6359,109.93,92.9162
224358,4370,83.54833333333333,112.3549
224434,3727,90.76833333333335,62.1214
224473,3523,199.70499999999998,175.3594
224505,3727,139.09333333333333,155.5112
224520,3494,51.37166666666667,37.257
224605,3494,98.42666666666668,76.6553
224774,3494,89.625,98.2552
224839,37376,116.44,103.28460000000001
224912,3494,248.68833333333333,197.79139999999998
224931,3727,106.36999999999999,101.32610000000001
224979,11020,2.853333333333333,1.8652
225001,28254,38.125,16.038899999999998
225163,3727,89.48333333333333,91.2831
225299,37376,143.235,131.43789999999998
225317,6918,7.13,6.6603
225354,3494,60.52166666666667,33.881699999999995
225377,3494,68.55333333333333,77.8635
225390,3494,149.24833333333333,104.4026
225412,4370,58.845,75.1267
225466,3523,9.623333333333333,8.2045
225511,37376,57.875,39.031
225515,3523,118.20333333333333,82.7711
225613,3727,115.565,112.7529
225641,3523,59.288333333333334,66.0347
225741,37376,58.24333333333333,37.4961
225786,37376,131.31333333333333,114.0553
225806,11020,4.08,2.2389
225816,4370,53.17166666666667,69.4847
225835,3494,23.761666666666667,15.014100000000001
225855,37376,175.38166666666666,143.41420000000002
225888,30057,45.21,49.693400000000004
225896,3523,190.77166666666665,149.6056
225977,3523,96.08999999999999,87.58030000000001
226064,3494,61.93666666666666,72.581
226075,8269,36.10333333333333,31.214599999999997
226114,3523,72.87666666666668,69.0855
226118,30057,50.718333333333334,56.248599999999996
226155,4370,86.66499999999999,107.4906
226164,3727,158.82999999999998,132.25779999999997
226183,6580,645.5983333333334,402.0875
226187,11775,126.78,107.66
226251,6919,25.203333333333333,22.6043
226411,3494,89.17166666666667,97.7654
226566,3727,217.48333333333332,157.8511
226709,3727,158.82999999999998,132.25779999999997
226745,3494,116.59166666666667,84.5828
226751,3523,31.918333333333333,34.8374
226755,3523,144.51166666666668,109.1901
226795,3494,112.86333333333333,105.81869999999999
226798,4370,81.19333333333334,106.0443
226813,3727,6.861666666666666,3.6292
226815,3727,58.059999999999995,77.0441
226837,3655,20.453333333333333,21.051599999999997
226846,4370,135.39,141.1264
226944,3727,34.915,32.3307
226968,37376,14.42,8.3295
227028,11775,128.15666666666667,108.577
227037,3494,147.99833333333333,103.5008
227146,37376,92.82333333333332,60.9182
227340,3727,84.47333333333333,98.1545
227399,3727,130.47166666666666,167.1107
227466,8269,26.746666666666666,20.673
227502,6502,52.373333333333335,51.6027
227510,6359,111.95166666666667,94.1505
227525,4370,90.50666666666666,98.2392
227530,6919,33.295,23.048099999999998
227650,3494,56.47666666666667,53.1218
227681,23733,29.39333333333333,18.9845
227693,3494,128.42166666666668,116.2153
227699,3727,63.35,60.0517
227727,4370,64.07666666666667,74.1099
227811,3727,153.52166666666665,168.9433
227829,3792,33.255,27.020799999999998
227842,3727,44.86833333333333,56.2071
227905,3727,104.405,107.8473
227934,3727,47.901666666666664,67.6393
228003,37376,152.8383333333333,128.37969999999999
228020,3655,5.488333333333333,3.7111
228037,3754,54.483333333333334,56.162800000000004
228039,3494,110.24666666666667,102.5273
228057,3727,76.39666666666668,56.1475
228128,3727,158.82999999999998,132.25779999999997
228134,3727,184.34333333333333,143.2194
228174,3523,29.891666666666666,30.9912
228180,3727,80.67666666666668,70.6556
228201,3523,112.35,130.3627
228210,6502,30.738333333333333,28.339
228229,3494,17.735,19.1753
228247,3792,18.153333333333332,15.5566
228460,3655,48.36833333333333,46.559
228498,3727,63.79,50.9119
228541,3523,54.70166666666667,60.850699999999996
228544,3523,105.61666666666666,90.834
228608,3494,151.48166666666665,116.016
228618,35125,53.22166666666667,38.542300000000004
228632,3727,15.525,21.9444
228671,3754,62.745,79.1194
228714,3727,44.86833333333333,56.2071
228802,35125,19.886666666666667,17.0085
228815,4370,87.47166666666666,108.8865
228896,6502,28.846666666666668,29.2717
228907,35125,54.015,40.815599999999996
228958,35125,17.826666666666664,16.150100000000002
228970,3754,12.66,13.345799999999999
229064,3792,30.21833333333333,21.999299999999998
229093,3727,128.22333333333333,133.3597
229164,3727,52.65333333333333,66.5056
229170,3494,167.22333333333333,147.7717
229186,3494,46.57166666666667,42.406400000000005
229301,3523,183.34833333333333,194.27689999999998
229359,3727,87.99499999999999,60.969800000000006
229423,3727,94.50666666666666,107.0264
229446,3727,1.7183333333333333,0.7422000000000001
229505,3727,72.48333333333333,95.4132
229767,3770,43.794999999999995,23.8932
229769,3494,93.26333333333334,67.4713
229806,3727,42.01166666666666,46.281099999999995
229809,8269,47.77833333333333,36.0546
230089,3494,70.275,57.6511
230145,3523,15.685,15.7023
230149,3494,44.266666666666666,32.9396
230200,3727,81.76166666666667,89.6182
230322,3792,34.38,33.183800000000005
230363,23733,55.056666666666665,30.3098
230477,3727,144.15833333333333,159.5306
230478,3727,150.38166666666666,148.0726
230521,3727,96.635,86.1879
230533,3727,103.7,67.4941
230627,4370,23.66166666666667,18.877599999999997
230649,3655,46.80166666666666,47.636300000000006
230677,3727,146.95833333333334,136.2161
230686,3494,156.10333333333335,158.2101
230696,3727,0.6533333333333334,0.8441000000000001
230749,3494,65.01666666666667,51.613800000000005
230780,3494,83.10833333333333,65.89989999999999
230862,3494,53.626666666666665,38.9718
230942,3792,134.72333333333333,129.4005
231109,3494,243.13,183.8045
231194,3494,53.71,35.9877
231273,3523,90.185,48.767900000000004
231293,6502,25.263333333333332,26.3283
231417,4370,151.28833333333333,129.24939999999998
231496,3727,115.20833333333333,114.4545
231512,3494,128.20333333333332,110.2984
231534,4370,77.79166666666667,106.2254
231546,4370,19.295,19.3427
231564,3494,97.04833333333333,91.969
231565,30057,47.78666666666666,52.418800000000005
231581,3523,48.97166666666667,39.267
231587,3727,137.91333333333333,145.3022
231746,3727,67.40666666666667,80.4603
231771,3523,197.50333333333336,205.5257
231850,3727,70.445,75.3192
231864,6733,14.345,15.184
231880,3754,12.94,16.3975
231909,3523,107.67,79.569
231919,3494,58.11,54.8828
231978,3727,26.636666666666667,33.5021
232033,30057,3.355,2.1711
232084,4370,17.240000000000002,15.918
232113,3494,142.60666666666665,119.3757
232129,3727,147.515,151.1097
232140,3727,183.50666666666666,206.14520000000002
232172,30057,21.478333333333335,22.432299999999998
232192,3523,170.93333333333334,187.3819
232308,3792,45.92666666666666,35.420300000000005
232332,6359,112.01166666666667,94.1749
232346,3523,44.141666666666666,61.6068
232397,3494,125.595,111.1743
232452,8154,18.933333333333334,19.2897
232479,4370,61.638333333333335,82.4005
232491,3494,19.775,18.560200000000002
232523,11775,3.6933333333333334,2.656
232576,35125,9.725,7.22
232662,3494,99.14333333333335,99.18289999999999
232667,4370,37.47,49.7191
232690,3494,55.31666666666667,51.8633
232719,3727,66.26166666666667,82.5004
232729,11775,38.115,35.2532
232795,3727,261.20666666666665,194.6311
232797,3494,139.87333333333333,123.82889999999999
232896,3523,126.04833333333333,101.77380000000001
232976,3727,150.09166666666667,147.2781
233020,3727,172.98999999999998,131.8379
233120,3770,59.693333333333335,42.9195
233171,3727,183.675,206.2569
233196,3727,53.57,73.5783
233215,3655,248.98,180.0935
233224,30057,15.356666666666666,10.7
233228,3727,138.84,145.9225
233232,4370,79.24166666666666,93.5356
233254,3523,28.723333333333336,33.6432
233305,6359,104.26833333333335,89.0414
233420,3727,7.035,9.8933
233559,6919,25.188333333333333,19.222
233620,4370,32.54833333333333,37.577400000000004
233661,4370,24.878333333333334,29.033900000000003
233699,3727,137.91333333333333,145.3022
233726,37376,143.02,113.16260000000001
233744,4370,134.71166666666667,117.198
233803,3727,56.230000000000004,76.5871
233835,3655,31.826666666666664,16.583599999999997
233836,3655,8.088333333333333,5.5965
233891,3727,84.04333333333334,82.5986
233931,3523,54.833333333333336,56.9529
233958,30057,10.716666666666667,7.9399
234017,3727,80.10333333333332,90.68169999999999
234060,6918,8.748333333333333,5.4864
234064,37376,147.66833333333335,121.63980000000001
234154,3727,12.268333333333334,15.2727
234183,26411,11.013333333333332,4.5649
234190,3792,157.72333333333333,155.7426
234223,3494,37.483333333333334,28.8018
234247,4370,30.16,37.1952
234258,3523,73.81,59.0399
234260,3754,76.28999999999999,90.3218
234316,6359,104.42666666666668,89.1865
234422,3727,93.49166666666666,109.051
234434,3494,186.6,150.3648
234487,4370,78.93333333333334,91.4636
234570,6919,19.43166666666667,14.1925
234613,4370,29.581666666666667,25.956
234627,3494,97.405,104.26339999999999
234683,11775,73.25166666666668,44.512800000000006
234767,3523,18.956666666666667,17.0687
234788,3727,35.431666666666665,31.8491
234798,3523,120.09666666666666,106.44
234800,3727,192.15166666666667,200.8509
234896,6580,592.7883333333334,341.6274
234947,3727,122.36833333333334,150.5076
234977,3792,25.881666666666668,13.703
235049,3523,210.52166666666665,161.8155
235103,3727,78.325,56.9453
235161,3494,65.31333333333333,72.6124
235193,3523,149.45499999999998,140.03560000000002
235228,3523,69.475,40.1492
235239,6919,11.251666666666667,15.6455
235335,3523,51.47166666666667,42.0353
235369,3727,78.325,56.9453
235408,3727,67.295,76.2455
235429,3494,129.3,75.61280000000001
235435,4370,93.33500000000001,120.4286
235449,30057,43.973333333333336,43.287099999999995
235471,6733,49.51166666666666,45.4714
235506,3727,147.515,151.1097
235513,3494,21.763333333333332,19.3548
235579,3727,103.875,116.26289999999999
235633,4370,27.546666666666667,27.8327
235653,3494,175.84333333333333,138.7558
235661,3523,40.785,41.9266
235677,6919,8.08,10.668299999999999
235692,35125,66.75666666666667,55.841800000000006
235721,11775,127.58999999999999,103.70819999999999
235753,3523,30.333333333333332,34.002900000000004
235773,6502,4.961666666666667,5.3777
235824,3792,41.29833333333333,32.3549
235843,3494,40.013333333333335,36.397400000000005
235992,3727,114.395,127.93180000000001
236013,4370,26.878333333333334,30.8914
236042,3494,159.85166666666666,88.3022
236066,3494,90.59833333333333,65.7025
236087,6733,38.75666666666667,30.5555
236169,3727,65.35333333333332,76.4418
236252,11775,56.44166666666667,50.483599999999996
236294,6918,43.15833333333333,37.4349
236345,3792,155.98333333333332,157.2293
236396,3494,140.04166666666666,117.7365
236408,3523,119.76833333333335,100.25580000000001
236423,3523,85.69,89.5216
236478,4370,146.925,140.30329999999998
236513,3727,53.269999999999996,74.98610000000001
236553,3494,201.77,158.74779999999998
236581,6919,15.793333333333333,14.5764
236605,35125,82.72333333333333,54.756699999999995
236618,3494,159.75666666666666,132.59879999999998
236728,3727,97.43833333333333,86.4628
236758,37376,148.11833333333334,134.7681
236790,3792,31.241666666666667,29.8488
236798,3727,49.775,69.18860000000001
236800,8269,17.018333333333334,18.098200000000002
236804,3494,67.88333333333334,53.7605
236839,4370,21.388333333333332,25.8003
236888,37376,75.19666666666667,48.0638
236930,6502,15.211666666666668,12.2079
236935,3727,1.375,1.1963
236977,3727,123.26833333333335,75.5815
237030,6918,23.845000000000002,27.161099999999998
237128,3727,59.18666666666666,70.16510000000001
237161,3494,39.730000000000004,36.0803
237215,3494,186.19666666666666,150.19320000000002
237242,3494,125.45833333333333,110.93010000000001
237429,3770,9.110000000000001,8.0336
237474,3523,33.475,23.6845
237568,3494,53.44666666666667,26.152
237641,3494,117.75833333333334,108.86319999999999
237672,3792,69.51833333333335,50.706300000000006
237683,3523,136.38333333333333,109.8145
237723,4370,17.546666666666667,19.1211
237749,3727,83.35166666666667,95.6364
237750,3523,215.30499999999998,164.867
237757,8154,43.255,31.984599999999997
237814,11775,4.661666666666666,2.2105
237836,3727,19.06833333333333,16.0537
237896,4370,139.05166666666668,137.029
237940,3792,10.126666666666667,10.553
237948,30057,29.091666666666665,24.1373
238041,8269,16.045,11.641200000000001
238157,37376,101.0,86.4388
238197,3655,67.25500000000001,57.6009
238312,6502,9.756666666666666,8.581
238314,37376,89.03999999999999,73.0438
238397,37376,61.108333333333334,40.8175
238500,6359,100.29166666666667,84.9417
238649,3727,73.48833333333333,77.1576
238732,3655,9.276666666666667,3.9365
238750,3494,38.836666666666666,25.5717
238754,3727,220.06333333333333,231.9493
238758,3523,154.94166666666666,126.5053
238801,3792,74.55833333333334,54.0485
238839,3494,62.730000000000004,59.8825
238859,3727,36.9,52.061800000000005
238919,11775,47.038333333333334,33.2097
238935,4370,59.38166666666667,75.4461
238951,6502,20.798333333333336,20.8141
239010,3494,146.07999999999998,124.7117
239022,3494,37.61833333333333,30.4346
239237,37376,129.225,112.6655
239287,37376,150.68333333333334,126.86410000000001
239492,3494,131.75166666666667,118.427
239539,11775,144.28333333333333,116.4245
239612,3523,66.435,79.18539999999999
239624,3494,21.42,21.394299999999998
239636,3655,260.56666666666666,184.9531
239675,3770,16.191666666666666,17.503700000000002
239700,6352,21.971666666666668,13.610700000000001
239784,3655,9.2,9.631
239835,37376,39.541666666666664,20.1161
239840,3523,74.20666666666666,59.7528
239930,30057,28.255,30.4764
239961,6732,40.82333333333334,41.683099999999996
239964,3727,188.41833333333335,160.25879999999998
239981,3727,183.675,206.2569
240067,3727,89.03166666666667,65.6828
240073,3655,7.386666666666667,4.4399
240104,3494,103.47,74.0255
240115,3727,86.19666666666667,83.4787
240125,3494,66.27666666666667,76.04469999999999
240165,8154,22.970000000000002,18.439799999999998
240206,3494,280.80833333333334,217.321
240221,3727,134.11499999999998,112.8579
240240,10972,1.0116666666666667,0.7392000000000001
240342,3727,250.52,258.8259
240343,4370,135.41166666666666,152.399
240357,30057,30.508333333333333,38.2585
240475,3494,50.19833333333334,26.1688
240559,6732,17.9,17.6947
240586,6918,43.38333333333333,41.130300000000005
240587,3727,200.45,206.0454
240600,3727,52.07333333333334,63.961
240641,3523,32.25333333333334,18.7224
240651,3727,118.86166666666666,117.57939999999999
240725,6359,114.52166666666668,98.20110000000001
240732,3494,267.69,208.1828
240756,6502,24.418333333333333,24.59
240800,37376,63.45666666666667,42.755
240827,35125,57.46,40.2488
240870,3727,116.02833333333334,94.246
240873,3494,96.21833333333333,105.2838
240953,3770,12.211666666666668,12.6584
241023,3494,164.99666666666664,129.1278
241078,3523,117.86,103.2158
241082,4370,26.038333333333334,26.2665
241087,3727,112.75666666666666,123.06039999999999
241140,3727,79.43833333333333,92.444
241205,3727,92.78166666666667,105.19239999999999
241273,3727,160.74666666666664,154.9315
241276,3523,63.281666666666666,68.3275
241325,8154,55.94666666666667,38.9216
241470,6502,11.845,14.225
241502,3770,46.568333333333335,34.254
241503,3727,50.151666666666664,70.82339999999999
241579,3727,83.35166666666667,95.6364
241586,3727,221.56833333333333,233.1451
241744,3523,21.92,14.4779
241781,3727,253.19833333333332,192.24079999999998
241785,3494,162.84,132.8572
241794,37376,184.10666666666665,130.1855
241856,3494,131.15333333333334,112.2662
241858,3727,140.77333333333334,118.45939999999999
241863,3523,70.14333333333335,54.1495
241921,4370,153.61833333333334,130.8106
241961,3727,156.20666666666665,174.0267
242004,3792,60.12166666666667,40.6828
242019,3494,65.82333333333334,75.43639999999999
242067,3727,307.5083333333333,317.3062
242168,3523,45.76166666666666,44.2013
242173,8154,28.435,21.9877
242174,6918,11.865,7.5702
242186,3727,49.151666666666664,67.3092
242264,3523,49.04333333333333,49.957
242295,3727,84.14166666666667,63.672599999999996
242332,3655,318.97333333333336,209.2121
242333,3727,129.465,177.8911
242391,4370,22.253333333333334,23.9746
242400,3523,104.685,125.0573
242472,3727,99.85333333333332,70.2018
242567,3494,65.95666666666666,63.364599999999996
242617,3523,109.57666666666667,111.232
242652,6733,34.63666666666666,28.840700000000002
242673,3494,80.83999999999999,59.1216
242687,3792,63.276666666666664,42.781699999999994
242761,37376,77.49,53.3754
242874,35125,71.375,52.4908
242913,6502,11.481666666666666,12.355799999999999
242942,6502,55.91833333333333,64.2039
242976,3754,7.8983333333333325,10.9818
243029,3727,173.21166666666667,133.43460000000002
243066,37376,19.65666666666667,11.482
243067,3523,4.8133333333333335,3.1401999999999997
243090,3523,7.430000000000001,6.8903
243186,3792,25.675,21.9785
243210,3494,259.7416666666667,192.0161
243266,3727,49.07166666666667,69.292
243352,3655,6.261666666666667,4.3702
243386,3494,94.595,68.35589999999999
243404,3494,3.3766666666666665,4.4146
243485,3494,146.95666666666665,82.94619999999999
243644,6502,20.503333333333334,14.7992
243683,3655,83.58833333333334,78.1286
243697,4370,103.88833333333334,108.5989
243756,3494,50.19833333333334,26.1688
243777,3727,213.37166666666664,163.53560000000002
243808,3494,183.64666666666665,136.2066
243826,3727,173.75333333333336,132.1552
243851,3494,34.806666666666665,23.6355
243870,4370,53.67333333333333,72.0151
243924,3727,241.47666666666666,249.0461
243940,3727,112.125,114.1845
243977,4370,87.90166666666667,111.09039999999999
244050,3494,208.01166666666668,162.8976
244052,3494,248.27833333333334,204.1296
244061,3655,108.29166666666667,107.6816
244192,4370,122.35,133.93529999999998
244213,3727,168.255,151.86939999999998
244222,23733,44.21666666666667,25.200200000000002
244230,3494,110.10666666666665,102.46910000000001
244248,3523,130.97833333333332,113.8509
244367,3727,225.84,173.7378
244440,3494,146.85333333333335,108.8018
244593,3494,143.90666666666667,122.0571
244595,37376,70.59833333333333,34.313199999999995
244618,3727,93.24333333333334,103.6822
244629,6732,296.695,321.5125
244684,3494,144.5,122.45039999999999
244695,6580,73.945,55.6256
244698,3523,62.485,37.2446
244718,37376,91.695,74.4586
244720,3792,47.54666666666667,45.3717
244741,4370,31.834999999999997,30.2407
244868,3655,70.13833333333334,73.1576
244924,37376,131.74666666666667,112.2993
244927,3727,242.66833333333335,249.9939
244928,3523,108.08500000000001,79.8456
244941,3727,276.64000000000004,200.96120000000002
244973,3727,156.715,171.8496
245006,3727,240.36499999999998,248.157
245030,37376,138.49166666666667,118.7668
245060,3727,94.12333333333332,101.0192
245108,3523,84.71000000000001,90.61030000000001
245113,6918,56.24666666666667,50.0146
245199,37376,85.11999999999999,58.452400000000004
245385,30057,50.36333333333334,46.7669
245388,3727,209.31833333333333,151.8597
245413,4370,37.09,37.0271
245423,3727,42.81666666666667,31.1545
245431,3494,53.245,35.2776
245528,6732,33.666666666666664,29.3678
245617,8269,10.586666666666668,5.8835
245633,6359,91.97166666666666,77.57130000000001
245727,11775,135.535,114.8975
245731,3494,120.00333333333333,69.839
245732,3727,250.255,191.0645
245740,3523,51.66,58.9714
245765,3727,114.99499999999999,114.8896
245849,3494,255.47666666666666,201.8196
245906,3727,45.37166666666667,64.0526
245915,3727,191.17166666666665,147.7644
245935,3727,226.92666666666668,217.0335
245940,3494,181.35666666666665,152.4564
245983,3727,100.37333333333332,98.1514
245989,6502,91.91166666666666,58.267300000000006
246105,37376,85.14833333333333,55.2956
246110,3727,269.12166666666667,210.4351
246156,3494,65.01666666666667,51.613800000000005
246157,3770,31.296666666666667,15.101899999999999
246234,37376,101.11166666666666,78.8222
246422,3494,125.405,110.9075
246491,37376,138.08166666666665,126.2792
246494,3655,2.1016666666666666,2.9024
246693,6359,101.77,85.3095
246823,3727,101.23666666666666,114.5352
250016,3727,218.72833333333335,164.09629999999999
250187,3494,33.795,26.1393
250275,3494,83.80166666666668,67.2673
250278,3792,78.33999999999999,80.4223
250290,3727,127.82333333333332,115.8669
250313,37376,159.775,144.44629999999998
250360,6732,542.3716666666667,517.0535
250409,3523,94.74166666666666,88.61280000000001
250432,3494,102.94833333333332,73.6235
250524,3494,173.73333333333332,146.1117
250548,3494,270.25166666666667,196.3858
250575,3727,97.60333333333332,102.3119
250647,3494,135.21,99.3446
250676,3727,100.56,115.2277
250693,3727,29.9,40.048199999999994
250706,3523,50.37833333333333,56.529300000000006
310035,3727,107.11833333333334,102.5991
310055,3727,76.35166666666667,68.8623
310065,3754,39.89666666666667,33.2132
310076,3727,207.68833333333333,221.9921
310090,3727,90.69333333333334,108.2595
310126,3494,158.125,126.2714
310173,3727,111.32166666666667,92.2589
310205,3727,39.233333333333334,40.728199999999994
310207,3727,150.30666666666667,119.5113
310229,3727,103.31833333333334,88.97139999999999
310232,3494,195.48999999999998,163.7593
310246,11775,57.294999999999995,50.757
310261,3494,48.526666666666664,32.7599
310268,3494,87.03999999999999,95.4551
310269,3494,42.056666666666665,31.539900000000003
310301,3727,8.168333333333333,11.4831
310330,3727,84.205,99.1782
310363,3754,20.083333333333332,28.379099999999998
310378,3727,26.638333333333332,34.7521
310381,3727,63.80166666666666,82.3167
310390,3727,13.286666666666667,5.848
310417,3727,20.966666666666665,29.5642
310424,3523,162.74833333333333,150.9241
310437,3523,31.65666666666667,22.9174
310491,3494,73.565,49.6466
310493,3494,293.1633333333333,220.178
310539,3727,19.02,26.805400000000002
310557,3727,265.12333333333333,289.39790000000005
310584,3727,5.281666666666666,7.4693000000000005
310612,3727,9.548333333333334,13.4978
310669,3727,62.54333333333333,88.0424
310673,3523,19.248333333333335,26.1674
310696,3523,126.175,124.76219999999999
310697,3727,51.31666666666667,65.63210000000001
310739,3523,198.76166666666668,158.0854
310742,3727,14.43,17.5586
310743,3523,102.48666666666666,122.95339999999999
310825,4370,25.285,23.1557
310997,30057,43.42666666666666,56.989
311170,6918,60.29833333333333,53.1663
311498,8269,62.215,63.716
510004,8154,30.071666666666665,23.2592
510005,4370,38.483333333333334,41.3491
510059,6502,15.435,20.7688
510101,3792,39.041666666666664,30.8418
510112,6502,28.05,24.3086
510158,3494,104.22666666666667,106.1435
510220,6918,10.931666666666667,10.1999
510229,6502,31.53166666666667,21.0452
510310,6502,66.46166666666666,64.7505
510387,6580,79.61333333333333,89.6373
510411,15598,41.50333333333333,19.4823
510474,30057,13.946666666666665,13.188799999999999
510478,3494,104.96333333333334,97.70060000000001
510503,8269,71.29666666666667,74.24860000000001
510504,8269,8.698333333333332,8.5882
510518,8154,19.11,18.037599999999998
510520,3727,272.02833333333336,295.59459999999996
510540,6359,178.74333333333334,142.394
510612,3494,284.9483333333334,216.7643
510646,6919,27.861666666666668,27.9049
510667,3494,174.10166666666666,176.4759
510705,6359,178.23166666666665,142.18179999999998
510707,8269,14.59,14.281600000000001
510739,3727,255.96,259.1921
510743,3523,134.85833333333332,105.1839
510754,6502,68.48166666666665,77.5967
510762,3727,251.66833333333335,191.6064
510875,23733,5.963333333333334,3.8628
510955,3494,271.6166666666667,219.5446
510981,37376,89.91666666666667,58.4929
510988,4370,178.13333333333333,145.9546
510991,6352,18.185,14.273100000000001
511054,6502,16.345000000000002,17.8283
511079,6502,25.486666666666668,23.7634
511182,3494,64.33666666666666,78.4606
511224,6580,7.364999999999999,5.1991000000000005
511246,6732,6.305000000000001,5.7269
511255,8269,57.955000000000005,62.6329
511300,6502,40.208333333333336,27.5989
511335,3727,140.77333333333334,118.45939999999999
511374,4370,80.58833333333334,94.045
511392,4370,12.803333333333335,10.2883
511425,37376,58.89333333333333,38.0268
511427,3494,114.275,86.7928
511429,3754,26.259999999999998,27.9363
511432,6919,10.33,13.308
511436,3523,209.04666666666665,181.756
511483,3494,156.66,158.7154
511564,6580,34.82333333333334,43.4976
511717,6502,62.468333333333334,56.189699999999995
511842,3754,38.63,39.6361
511845,3727,187.45833333333334,137.86260000000001
511904,3523,17.40666666666667,16.5642
512028,6352,23.558333333333334,26.4635
512082,8269,19.196666666666665,18.450400000000002
512171,6580,7.903333333333333,8.895100000000001
512182,3494,88.97666666666667,70.6533
512265,4370,129.40666666666667,110.9756
512266,37376,22.58833333333333,15.180399999999999
512366,3792,76.36999999999999,55.1065
512398,15598,5.841666666666667,2.9663000000000004
512421,6359,74.21166666666666,61.5195
512472,4370,134.04166666666666,117.8828
512512,37376,84.77833333333334,68.1448
512534,3727,272.69,294.254
512572,6733,38.86,32.3425
512576,3494,7.575,10.3559
512582,6502,17.495,20.242099999999997
512606,3754,24.091666666666665,15.328299999999999
512616,3523,57.32,71.6399
512621,37376,76.865,49.8255
512694,8269,112.77,89.0394
512699,6359,104.97166666666666,89.6865
512758,4370,139.32999999999998,121.3994
512784,6352,31.425,22.0199
512828,6580,80.53833333333334,68.3449
512879,3523,96.18333333333334,98.3014
512890,30057,10.225,7.3084
512911,37376,28.918333333333333,16.025
512947,3494,7.001666666666667,9.5451
512968,3727,152.21666666666667,162.9032
512990,6918,60.24666666666667,54.179199999999994
513021,3494,18.153333333333332,17.5999
513046,6919,14.173333333333334,19.7743
513081,3655,19.798333333333336,8.934299999999999
513135,3770,50.45166666666667,36.7929
513161,4370,20.671666666666667,20.2
513170,3754,60.47166666666667,58.3636
513219,6359,134.68166666666667,116.8992
513243,3792,54.52833333333333,36.0116
513305,3494,15.293333333333333,13.773399999999999
513339,4370,15.2,8.6372
513494,6502,33.62166666666666,43.9784
513532,6919,13.44,7.8711
513544,6502,22.185,21.8855
513545,3754,448.72999999999996,387.9341
513550,4370,129.88500000000002,140.8251
513638,6502,68.435,66.19969999999999
513649,3494,286.87166666666667,221.3564
513674,6919,43.465,29.9438
513743,30057,11.565,8.7551
513774,6502,56.27166666666667,59.7229
513789,11020,2.8633333333333337,1.5928
513830,6733,86.675,71.6648
513852,3727,251.28333333333333,275.3295
513949,4370,87.72666666666667,109.90960000000001
513953,3727,153.49333333333334,139.9654
514002,6732,336.8833333333333,332.3265
514131,6918,29.006666666666668,29.636400000000002
514159,6919,44.52833333333333,34.341300000000004
514231,8269,20.53166666666667,17.8305
514273,6918,63.79333333333333,56.403
514286,6502,38.73833333333334,36.834300000000006
514422,6502,64.26666666666667,64.2005
514473,6359,137.56166666666667,107.9851
514528,6502,32.13166666666667,22.2267
514537,3770,11.913333333333332,11.099200000000002
514551,8269,6.05,6.3868
514581,6919,6.145,8.452399999999999
514583,6918,49.46,41.608
514645,3727,37.84666666666667,27.9023
514661,6732,273.98333333333335,310.09959999999995
514670,3494,95.94833333333332,86.74260000000001
514702,6502,53.455000000000005,46.072900000000004
514715,8269,21.058333333333334,12.4
514884,6359,115.925,99.70830000000001
514916,3494,33.513333333333335,33.4979
514937,3494,103.46000000000001,100.2674
514954,6502,35.81166666666666,34.9377
515066,6502,57.45,54.1042
515102,6918,51.480000000000004,42.9489
515123,6732,9.121666666666666,6.1217
515136,6502,29.828333333333333,21.2672
515209,6502,32.95333333333333,33.919
515253,3792,58.156666666666666,57.919599999999996
515271,6502,70.51166666666667,54.583400000000005
515306,6352,8.923333333333334,6.709
515325,6502,9.668333333333333,8.5228
515329,3727,159.785,95.0991
515359,8269,65.68333333333334,70.5273
515374,3727,67.065,56.622699999999995
515428,4370,178.93833333333333,221.4615
515443,3494,36.99666666666667,29.2759
515456,3655,7.791666666666667,5.4781
515470,6359,137.82333333333332,108.09339999999999
515510,30057,30.935,34.5646
515517,3727,93.48833333333333,85.4895
515568,37376,160.60333333333335,144.282
515627,6359,72.85333333333332,60.2745
515647,3523,86.58166666666666,65.2071
515740,11020,5.54,3.7204
515787,3523,79.56,84.0398
515814,6918,73.43,57.1659
515847,3655,307.37,204.41639999999998
515943,4370,91.94333333333334,115.6965
515949,6352,28.083333333333332,16.5589
516036,6359,116.44666666666667,100.1855
516063,3494,35.769999999999996,35.169
516120,3523,132.73333333333332,95.9824
516174,6919,42.22833333333333,54.0338
516280,3494,91.93666666666667,70.82589999999999
516300,3792,8.233333333333333,4.4277
516301,3655,3.0516666666666667,2.1061
516388,6352,18.206666666666667,9.7651
516486,6580,22.073333333333334,21.997700000000002
516508,6359,178.23166666666665,142.18179999999998
516586,6502,54.736666666666665,54.0405
516588,3754,27.955,26.6283
516606,6733,34.18,17.1346
516651,6502,11.938333333333333,15.8307
516657,6733,74.53166666666667,66.5942
516688,3792,42.39333333333333,30.3513
516693,6733,80.82333333333332,75.8211
516761,3727,153.435,163.408
516764,8269,126.96833333333333,93.8645
516768,3727,151.71666666666667,139.17229999999998
516799,11775,1.9233333333333333,1.41
516815,6502,8.928333333333335,9.985
516826,6919,36.35333333333333,29.884700000000002
516848,8269,69.86999999999999,73.30210000000001
516854,6733,69.45666666666666,64.5234
516896,6918,72.04166666666667,56.5874
516903,3494,173.30333333333334,176.14239999999998
516947,3523,73.8,51.6813
516985,3655,10.043333333333333,6.9898
517032,3727,241.14333333333335,183.2971
517040,8269,68.66833333333334,66.4027
517117,3727,146.75333333333336,120.9387
517142,3727,19.178333333333335,23.0472
517171,3754,94.07666666666667,95.36880000000001
517174,6502,47.565000000000005,48.3128
517209,3727,91.15166666666667,107.18889999999999
517227,6502,18.408333333333335,9.2392
517260,11020,2.408333333333333,1.6257000000000001
517281,3494,11.996666666666666,9.418299999999999
517320,6502,28.02,37.434400000000004
517330,6733,5.2733333333333325,3.3682
517369,6502,8.751666666666667,10.8315
517384,3523,142.725,137.68789999999998
517402,3754,459.56666666666666,403.83009999999996
517482,3523,176.49833333333333,191.6771
517488,3792,11.408333333333333,5.7526
517526,3494,23.675,29.406200000000002
517589,8269,65.65,66.7518
517655,3494,138.96166666666667,111.6235
517672,6502,59.751666666666665,62.3232
517673,4370,125.33166666666666,136.6705
517683,4370,201.77666666666667,232.8459
517689,3523,90.065,95.9205
517823,37376,40.50333333333333,24.2524
517835,6502,42.730000000000004,36.2606
517891,3727,279.28,214.6084
517948,6580,43.325,45.456199999999995
517963,6502,27.27,34.6836
517991,6919,75.48666666666666,44.4189
518011,6359,126.72666666666667,97.0675
518046,11020,3.058333333333333,2.1237
518050,3494,41.77166666666667,58.6834
518119,3727,177.38,186.15720000000002
518144,6502,8.608333333333333,10.746
518188,6502,45.513333333333335,29.8072
518221,3494,57.72166666666667,32.7122
518234,4370,11.316666666666666,11.094100000000001
518267,3727,162.00833333333333,211.8611
518313,3494,157.42166666666665,124.1191
518326,6502,47.72666666666667,58.7452
518331,6732,6.488333333333333,4.3727
518335,6502,74.02166666666668,50.9135
518440,23733,2.578333333333333,1.1505
518462,6359,184.86333333333332,151.0588
518546,6502,68.57166666666667,66.65589999999999
518549,35125,45.25333333333333,35.6424
518593,6502,43.693333333333335,46.322
518611,4370,127.73666666666666,113.76180000000001
518623,8269,46.373333333333335,37.6751
518672,3727,210.11833333333334,230.67260000000002
518742,6502,11.733333333333333,15.5434
518747,3494,113.40166666666667,86.2106
518774,3494,5.463333333333334,4.31
518790,3523,75.64166666666667,52.434599999999996
518865,4370,135.37833333333333,118.7702
518889,8269,64.03833333333334,65.68130000000001
518953,4370,27.84333333333333,32.6461
518959,6359,162.64,132.2871
518994,6580,30.875,40.4627
519011,3727,83.00166666666668,107.614
519025,3523,10.811666666666667,14.6439
519042,3770,83.07333333333332,58.2903
519087,3523,67.32,52.785199999999996
519096,6919,17.436666666666667,16.3842
519297,3727,158.69166666666666,208.786
519304,6502,16.386666666666667,20.713900000000002
519404,23733,2.5416666666666665,1.8877000000000002
519551,35125,11.465,7.992100000000001
519563,3494,75.50333333333333,59.9893
519601,3494,31.0,14.104
519620,3494,86.17166666666667,91.3533
519828,3494,114.98833333333333,99.3461
519841,6502,32.876666666666665,16.6735
519865,6502,28.86,38.8227
519877,35125,24.776666666666664,21.9223
519997,6359,128.85666666666665,104.367
520113,6502,28.691666666666666,38.640800000000006
520163,3727,211.71833333333333,162.0246
520182,3655,323.43333333333334,211.0649
520186,3727,76.53500000000001,88.3638
520254,28254,16.351666666666667,9.1693
520322,11775,115.92333333333333,100.4845
520326,6580,28.23,24.7886
520359,6502,49.48166666666667,50.7918
520376,6359,12.67,5.9858
520391,6918,49.98166666666667,43.8455
520445,3494,67.21666666666667,73.4041
520456,6919,12.071666666666665,7.1623
520511,37376,91.24499999999999,58.8455
520551,30057,20.288333333333334,23.8551
520647,28254,42.42833333333333,17.825599999999998
520679,3494,288.315,219.0609
520727,3523,9.293333333333333,12.7666
520738,3494,61.583333333333336,75.8841
520795,6502,60.52333333333333,59.3307
520962,6580,12.003333333333334,13.453100000000001
520986,8269,56.17666666666666,60.5956
521012,3494,98.905,60.5251
521053,3655,9.161666666666667,6.7181999999999995
521144,3523,81.82666666666667,86.9518
521163,11775,42.35333333333333,21.4505
521192,3494,100.23666666666666,78.1331
521255,3770,33.58,16.6051
521258,3754,141.83666666666667,136.5794
521357,6580,67.835,53.595699999999994
521389,3494,27.346666666666668,24.9253
521392,30057,24.685,19.988599999999998
521431,3494,101.91000000000001,107.6022
521439,4370,21.05,10.8194
521454,3754,96.93,93.9363
521497,3727,168.5366666666667,183.9645
521585,3494,86.24333333333334,54.637800000000006
521597,6502,25.148333333333333,21.6452
521656,3655,257.85499999999996,183.8243
521661,3792,22.33833333333333,18.3353
521697,3494,90.00166666666668,61.313900000000004
521713,3494,142.52333333333334,121.1346
521733,4370,30.651666666666664,26.897599999999997
521734,6502,36.57666666666667,33.4212
521742,3494,275.49,213.7872
521809,8269,37.34,26.133599999999998
521816,6580,30.94,42.3114
521842,8269,16.968333333333334,13.223600000000001
521986,6502,52.27333333333333,59.1758
521993,3494,102.96666666666667,73.9087
522002,6502,28.221666666666668,38.1366
522025,3727,56.22166666666667,47.7355
522103,8269,52.361666666666665,44.529199999999996
522174,4370,94.27166666666668,107.3539
522194,4370,60.54666666666667,76.2182
522210,6502,23.428333333333335,31.0123
522275,6732,14.221666666666666,9.5108
522306,6502,25.805,26.3695
522326,6502,48.72833333333333,50.4799
522474,6919,39.92166666666667,30.294
522475,3655,309.84833333333336,205.392
522511,6359,92.34833333333333,78.1219
522576,3655,181.4633333333333,152.0909
522589,8154,15.861666666666668,16.351399999999998
522634,3494,104.98666666666666,72.6551
522638,3754,10.251666666666667,14.483600000000001
522653,30057,75.49333333333334,82.7865
522689,6502,24.516666666666666,24.6327
522697,6359,94.55333333333333,76.704
522725,3494,113.06833333333334,106.6097
522749,3523,26.426666666666666,13.0942
522781,4370,21.223333333333336,21.8981
522847,3494,93.71499999999999,102.6199
522871,6502,44.218333333333334,55.4191
522890,6918,86.82666666666667,62.743900000000004
522925,8269,70.06333333333333,73.2684
522933,6732,20.728333333333335,18.046599999999998
522946,3523,30.725,22.5422
522958,30057,19.116666666666667,15.585700000000001
522967,3523,98.51166666666667,104.9147
523014,6502,54.736666666666665,54.0405
523056,28254,32.575,13.7627
523070,3754,71.615,87.124
523086,6502,53.365,57.167199999999994
523109,3655,275.0683333333333,190.9294
523117,6502,64.48166666666667,62.9463
523202,3523,92.4,112.444
523203,3494,144.71166666666667,82.0141
523225,3727,131.915,83.5082
523247,3727,145.485,144.7001
523297,3494,35.20166666666667,34.517900000000004
523343,6919,11.004999999999999,7.0311
523375,8269,72.26333333333334,77.07730000000001
523385,3494,107.16000000000001,101.2439
523427,3655,135.62333333333333,129.2702
523446,6359,105.19,89.8873
523522,3523,23.936666666666667,22.4525
523560,8269,64.95833333333333,65.6095
523631,6359,155.16833333333335,129.1856
523650,3792,48.36666666666667,34.3453
523654,6919,8.826666666666666,11.8072
523669,3754,90.86833333333334,92.57169999999999
523671,3754,37.06666666666667,37.797599999999996
523730,6352,27.298333333333336,23.846799999999998
523745,6919,17.03666666666667,23.8203
523780,30057,36.755,47.669
523850,8269,42.190000000000005,45.411
523929,6502,14.073333333333332,11.9171
523956,6919,12.163333333333332,9.483
523966,3494,104.72,100.21039999999999
523985,3494,30.508333333333333,23.8767
523996,6919,9.95,12.553600000000001
524003,3494,77.85166666666667,88.6045
524044,3494,18.946666666666665,10.9818
524045,3494,145.09666666666666,105.6961
524085,6502,43.49666666666667,38.422599999999996
524124,6502,22.45,22.4983
524256,6502,58.365,57.2735
524266,4370,140.995,122.6058
524268,3754,36.43666666666666,51.4883
524288,3494,98.26,96.4508
524336,28254,16.18,6.7372
524368,3494,148.095,122.051
524415,11020,11.351666666666667,7.1455
524439,37376,9.623333333333333,5.802
524484,3754,26.728333333333335,25.0453
524488,8154,81.44666666666667,53.4282
524508,3727,82.48166666666665,115.9345
524509,6732,58.473333333333336,65.654
524551,6502,73.8,54.613699999999994
524573,3727,129.62,115.3091
524615,6918,56.74666666666667,55.0279
524646,3523,48.55833333333333,55.3226
524665,4370,20.995,26.318099999999998
524677,23733,11.103333333333333,7.3953
524707,3494,137.67333333333332,117.9035
524708,6919,15.426666666666668,18.4477
524722,3655,2.518333333333333,1.547
524725,3523,97.19,98.719
524766,6732,38.766666666666666,22.2557
524775,8269,87.85,80.7418
524818,8269,23.55666666666667,19.636
524855,6359,85.24666666666667,69.9316
524889,10972,16.663333333333334,16.1053
524916,6502,24.418333333333333,24.59
524932,3494,33.38,24.944
524972,30057,44.623333333333335,38.793099999999995
524985,4370,52.845,69.5054
525021,3770,120.76333333333334,73.97019999999999
525044,6359,184.78,151.00379999999998
525112,6502,56.875,47.5845
525124,3494,19.779999999999998,13.8101
525219,8269,70.225,73.5377
525257,3792,4.0183333333333335,2.627
525316,3494,3.94,2.949
525354,6359,80.53666666666666,66.6772
525432,3655,24.540000000000003,21.5568
525482,6359,94.55333333333333,76.704
525529,3792,58.46666666666667,58.037699999999994
525535,6359,178.67000000000002,146.8111
525607,6502,54.54666666666667,46.5268
525609,6502,25.073333333333334,24.3702
525616,6502,26.186666666666667,27.9365
525628,3727,141.49666666666664,95.8934
525652,3494,17.436666666666667,17.424400000000002
525677,3494,22.273333333333333,22.2702
525680,6502,34.843333333333334,32.3067
525710,3523,64.44,50.356300000000005
525768,4370,158.91833333333335,145.2833
525786,3494,68.54166666666667,66.1545
525814,3754,30.328333333333333,28.3202
525907,6502,32.18,43.688
525952,3523,80.41833333333334,60.859300000000005
525998,6919,27.861666666666668,27.9049
526062,6732,73.23666666666666,52.3221
526112,6502,49.64333333333333,49.8594
526135,6502,71.9,70.3489
526157,6918,62.41833333333333,48.9919
526175,6359,117.06833333333334,93.1082
526277,3523,9.398333333333333,12.91
526290,6733,68.9,69.3902
526340,6502,45.325,56.611599999999996
526352,3494,165.7866666666667,90.76
526383,30057,44.125,43.391
526398,37376,58.626666666666665,29.3342
526409,35125,75.99833333333332,61.6983
526429,8269,63.47166666666667,68.46589999999999
526473,3754,41.995,42.703900000000004
526475,6919,29.39,41.2697
526487,3727,230.185,238.0466
526573,6502,31.403333333333332,20.991400000000002
526587,6502,22.913333333333334,31.3277
526614,3523,53.083333333333336,59.5276
526624,10972,10.743333333333334,10.6661
526656,6502,41.416666666666664,54.5375
526684,4370,62.695,78.9417
526702,3727,35.02833333333333,25.984900000000003
526818,6502,51.0,50.6952
526829,8154,77.04666666666667,53.334300000000006
526830,3655,64.27666666666667,66.014
526851,6502,87.75666666666666,61.264
526948,6502,27.501666666666665,26.8416
526971,3494,75.25333333333333,59.885400000000004
527014,3494,81.95833333333333,65.88969999999999
527026,3494,151.77833333333334,106.0835
527034,6352,46.365,45.695800000000006
527037,6502,11.546666666666665,13.3167
527049,8269,21.938333333333333,19.575200000000002
527078,3494,110.49166666666666,82.9813
527080,3494,283.63666666666666,216.8201
527227,6352,18.621666666666666,10.948
527232,3792,58.348333333333336,39.4672
527265,3655,44.218333333333334,44.7488
527278,37376,138.69166666666666,118.81689999999999
527284,8269,70.85,53.7829
527314,8269,36.25833333333333,33.263
527393,6359,80.92333333333333,66.822
527407,8269,71.73833333333333,76.51089999999999
527466,4370,48.8,51.498400000000004
527469,3494,47.95666666666667,29.624
527481,4370,146.21,125.1602
527493,6502,46.97666666666667,43.3801
527513,4370,35.33166666666667,45.9333
527621,6580,42.77166666666667,48.381800000000005
527635,3494,22.793333333333333,31.859099999999998
527648,4370,11.335,9.545200000000001
527663,3754,115.15,106.0711
527746,3727,193.26666666666668,149.1615
527801,3727,137.79833333333332,94.3569
527859,3727,21.223333333333336,17.4904
527861,6502,38.431666666666665,39.1579
527893,6580,14.366666666666667,8.1103
527939,11775,26.821666666666665,24.9677
527985,8154,34.64,25.2286
528017,6502,22.105,17.861099999999997
528021,3494,286.8433333333333,218.4477
528031,6502,14.155,13.2102
528047,30057,47.505,51.2603
528068,37376,146.92000000000002,133.9752
528069,6502,62.748333333333335,75.11510000000001
528076,3494,147.56666666666666,120.11330000000001
528145,6732,12.678333333333335,12.994399999999999
528184,11775,79.70333333333333,48.7254
528219,8269,42.190000000000005,45.411
528249,4370,133.01166666666666,117.2975
528255,3523,83.125,96.6807
528356,37376,24.875,13.6985
528358,6352,19.898333333333333,8.0646
528386,3727,36.03333333333333,43.7301
528423,8269,25.720000000000002,24.339299999999998
528425,3754,71.675,74.4355
528448,6502,80.875,77.4528
528477,6580,25.58833333333333,32.919599999999996
528490,3494,32.99,33.2816
528499,8269,64.28166666666667,64.5699
528514,11775,140.75333333333336,114.9584
528567,3655,18.473333333333336,12.1851
528603,3494,95.35,97.4207
528619,6918,22.426666666666666,12.1383
528634,3494,42.09,35.844199999999994
528640,3727,0.8366666666666667,0.8172999999999999
528670,3523,95.65833333333333,71.69030000000001
528688,3523,161.84833333333333,132.797
528791,37376,58.865,29.4339
528803,3523,44.26,44.618900000000004
528826,6733,41.515,18.6594
528829,6359,162.64,132.2871
528862,3523,208.79166666666666,177.39270000000002
528890,37376,160.13500000000002,144.87439999999998
528906,3727,92.30166666666668,100.446
528933,4370,144.00333333333336,124.61019999999999
528995,3727,156.01166666666668,171.7819
529012,3494,269.9583333333333,218.52870000000001
529033,6352,24.646666666666665,15.6249
529039,6502,60.123333333333335,62.6247
529108,3494,147.36,121.2632
529141,6352,20.483333333333334,8.4381
529173,6732,22.240000000000002,22.1448
529182,3727,101.48666666666666,116.211
529338,6502,54.24333333333333,52.7691
529388,6732,22.523333333333333,11.4237
529397,6359,115.86166666666666,99.6508
529443,37376,70.02166666666668,44.8988
529482,3754,12.593333333333334,13.3017
529503,8269,16.785,17.459400000000002
529529,3494,86.515,55.7909
529610,3727,135.59833333333333,116.3091
529619,6359,181.04666666666665,147.7751
529657,6352,31.425,22.0199
529699,6733,82.485,32.5427
529750,28254,12.546666666666665,5.4638
529769,3494,106.00166666666668,80.47739999999999
529780,6352,14.273333333333333,8.7035
529785,3494,53.44833333333334,35.9462
529857,3523,4.128333333333333,4.1425
529859,3523,13.276666666666667,15.434299999999999
529866,8269,131.825,95.4803
529885,6919,14.908333333333333,9.7983
529950,3792,61.43666666666666,45.1325
529972,3727,83.78999999999999,97.8454
530014,6502,45.651666666666664,52.8329
530023,4370,53.144999999999996,54.285199999999996
530049,3727,103.17833333333333,89.4628
530068,6502,21.96333333333333,19.9695
530139,4370,7.133333333333334,6.0593
530224,3727,166.785,130.7629
530276,30057,39.79833333333333,33.2116
530282,3770,20.315,21.8595
530285,6359,178.74333333333334,142.394
530288,8269,56.513333333333335,60.0751
530324,3655,54.1,48.9463
530337,3727,142.82833333333335,119.31160000000001
530403,27733,20.063333333333333,12.646
530414,8269,37.24166666666667,31.687900000000003
530428,6919,27.861666666666668,27.9049
530447,8269,8.731666666666666,7.3877
530503,6919,31.303333333333335,21.457900000000002
530517,6733,88.59166666666667,71.6857
530533,6352,57.281666666666666,36.137
530569,6502,8.968333333333334,4.7925
530683,6502,68.61833333333334,66.6986
530734,3727,80.01166666666667,97.13080000000001
530737,6580,52.99666666666667,50.044
530772,3754,60.005,60.997800000000005
530798,3727,147.515,151.1097
530845,6502,32.17166666666667,42.4116
530937,3727,36.89666666666667,27.2755
530979,3494,113.405,106.8331
531016,4370,52.885,70.25110000000001
531056,3655,296.4183333333333,199.8578
531061,6502,33.9,32.5785
531077,6502,32.163333333333334,29.8767
531091,3523,65.97,48.2652
531133,6732,60.50666666666667,61.750699999999995
531261,6502,55.95166666666667,59.3759
531289,8269,36.431666666666665,25.7546
531324,8269,59.115,61.3594
531341,8269,9.139999999999999,7.5137
531385,6502,51.593333333333334,51.166199999999996
531443,3494,48.18666666666666,66.9491
531448,6502,53.38666666666666,42.3455
531576,15598,44.11333333333334,20.1516
531630,8154,33.766666666666666,24.5649
531658,6919,27.861666666666668,27.9049
531697,3494,154.25333333333336,128.9389
531734,6919,23.243333333333332,18.851200000000002
531738,3523,127.30833333333334,105.27380000000001
531776,6580,6.553333333333333,5.0538
531796,8269,119.72166666666666,91.45230000000001
531797,3494,92.79333333333334,97.6332
531824,32615,4.148333333333333,2.5493
531952,3727,74.385,55.3071
532027,3494,150.90666666666667,115.80460000000001
532183,8269,6.430000000000001,6.8424
532254,6502,35.79,33.4345
532282,8269,65.03666666666666,66.3465
532390,8269,73.38166666666666,75.88419999999999
532441,3494,118.32166666666667,119.5561
532554,8154,41.49666666666667,30.3036
532576,4370,57.343333333333334,59.1447
532618,6502,68.48166666666665,77.5967
532662,3494,84.10166666666667,93.7524
532725,30057,45.47,58.947199999999995
532767,6502,54.79833333333333,53.0003
532774,3523,93.77666666666667,67.3391
532824,3494,115.66333333333334,106.9826
532874,6352,16.191666666666666,12.6825
532881,28254,2.753333333333333,1.8282
532950,3727,238.165,261.1475
533004,6352,31.921666666666667,25.214299999999998
533029,3494,129.03666666666666,106.6306
533030,3792,19.558333333333334,17.1267
533048,3523,115.375,97.33439999999999
533251,8269,5.343333333333334,5.1487
533256,3754,75.54333333333334,78.5698
533282,6502,28.473333333333336,39.1622
533343,3655,6.364999999999999,4.8545
533353,30057,20.846666666666668,16.2684
533408,6918,59.22833333333333,52.7482
533437,6502,38.02333333333333,36.1803
533504,4370,77.77833333333334,78.3618
533513,8269,10.736666666666668,9.945799999999998
533517,6502,22.396666666666665,17.8547
533598,6919,16.95,11.867700000000001
533599,3494,6.411666666666666,8.2211
533603,4370,63.09166666666667,79.2359
533735,6359,137.62833333333336,108.0125
533755,6918,18.203333333333333,10.511299999999999
533816,6502,62.89333333333333,75.1959
533830,3754,70.35833333333333,68.0545
533867,4370,122.8,110.409
533878,3754,58.98833333333334,61.1866
533905,6502,58.583333333333336,57.561099999999996
533920,15598,8.866666666666667,4.4355
533931,3494,16.943333333333335,19.023
533942,3494,101.59833333333333,77.466
533943,11775,145.60333333333335,121.3253
533967,3727,148.47833333333335,137.29410000000001
533993,3494,268.40833333333336,208.4812
534034,37376,45.083333333333336,22.068
534056,3727,123.34333333333333,135.613
534066,28254,27.458333333333332,11.4109
534070,11775,22.098333333333336,17.996599999999997
534095,3494,98.20833333333333,96.36110000000001
534175,30057,89.28999999999999,79.39410000000001
534189,3727,41.519999999999996,52.591699999999996
534243,3727,315.40166666666664,316.1427
534277,3727,226.09166666666667,236.346
534295,6502,12.370000000000001,13.2349
534317,6502,45.666666666666664,56.453
534329,3727,80.875,97.4267
534340,11775,112.73,98.38080000000001
534372,6733,77.275,72.7355
534431,3727,215.22833333333335,228.90720000000002
534442,3494,126.21333333333334,111.2434
534518,6918,42.87833333333333,44.4601
534523,3754,33.376666666666665,30.353099999999998
534537,6359,120.65333333333334,94.5946
534554,3727,243.79833333333332,179.2176
534560,3792,57.27833333333333,38.9775
534582,6919,16.668333333333333,23.3008
534587,6352,27.175,10.7723
534591,6732,16.191666666666666,8.7938
534608,8269,69.43,66.71910000000001
534660,37376,204.43666666666667,172.5789
534662,8269,78.88333333333334,77.94
534695,6502,49.28666666666666,52.195800000000006
534805,3494,50.8,44.7274
534806,6733,37.541666666666664,34.6562
534862,6502,65.15333333333334,63.556
534881,3727,29.053333333333335,40.9453
534949,6580,16.685,16.3268
535077,3494,126.40666666666667,104.8768
535146,3770,32.641666666666666,26.6925
535180,3494,125.45833333333333,110.93010000000001
535202,3494,55.61333333333334,37.1096
535244,6502,33.43,24.323
535245,4370,18.0,20.9733
535329,6502,16.046666666666667,17.705099999999998
535384,6502,55.041666666666664,35.8722
535441,8269,1.8566666666666667,1.0408
535447,3494,69.85,56.2278
535484,6733,3.966666666666667,3.9012
535489,3754,4.281666666666666,3.2100999999999997
535490,3727,99.26166666666667,114.4418
535577,3754,132.78666666666666,130.5489
535617,4370,87.25500000000001,109.0555
535637,3523,192.52666666666667,170.69660000000002
535643,30057,15.620000000000001,10.7618
535645,3727,81.19333333333334,102.05930000000001
535663,3770,56.135,40.575300000000006
535667,6919,12.520000000000001,7.6345
535723,6919,57.40833333333333,39.7012
535744,37376,70.90166666666667,45.5
535769,4370,129.86666666666667,140.8089
535789,3727,222.325,233.74960000000002
535840,6352,16.211666666666666,14.5797
535842,3494,5.371666666666667,7.2382
536004,6502,40.17166666666667,27.5834
536065,11775,122.96000000000001,107.5165
536070,3494,104.56333333333333,79.4425
536089,3727,272.835,215.4705
536112,28254,3.828333333333333,1.8534000000000002
536157,3494,36.965,30.3272
536177,8269,30.785,23.4103
536194,6502,35.035,47.308699999999995
536225,6502,75.98333333333333,73.439
536262,6352,19.57,13.02
536482,6502,55.20666666666667,66.30680000000001
536559,11775,121.25666666666666,107.2711
536562,3494,35.64333333333333,30.710900000000002
536592,6502,43.78333333333333,42.1475
536608,6502,76.69833333333332,56.719300000000004
536646,3727,269.02166666666665,210.3938
536648,3754,32.045,45.263
536653,3727,147.515,151.1097
536698,6352,12.403333333333334,8.889700000000001
536720,3727,166.65,182.7076
536726,3494,105.94,101.914
536735,30057,14.31,12.439
536758,3727,271.69666666666666,198.9659
536765,4370,15.938333333333333,17.7518
536801,35125,52.86833333333333,38.6633
536814,6359,95.60833333333333,84.2621
536836,3754,64.545,65.4201
536882,6502,57.54833333333333,48.7719
536916,28254,17.063333333333333,7.3375
536938,3494,121.30333333333333,85.8058
536974,3655,5.9,4.1145
537001,6502,25.834999999999997,25.2048
537084,6502,65.6,64.7564
537126,6918,60.24666666666667,54.179199999999994
537130,6502,32.54,32.765
537169,3754,23.975,24.208599999999997
537171,6580,11.238333333333333,11.4421
537175,3494,13.993333333333334,19.3995
537233,4370,22.751666666666665,28.846700000000002
537297,3754,68.35166666666667,71.036
537415,3494,91.53500000000001,83.911
537458,6918,63.94666666666667,56.427699999999994
537459,6359,155.16833333333335,129.1856
537478,37376,15.229999999999999,9.2529
537489,8269,61.48166666666667,62.9912
537532,6918,53.38333333333333,54.857699999999994
537578,6502,22.76833333333333,23.6542
537582,3494,43.763333333333335,61.4995
537755,3754,31.56,30.421599999999998
537775,3727,213.55333333333334,226.7524
537784,3494,84.64166666666667,66.2247
537789,4370,4.485,3.3414
537797,6352,12.091666666666667,5.8869
537814,6352,25.483333333333334,24.5757
537880,3494,88.50333333333333,81.813
537883,3727,230.175,241.4702
537898,6502,50.28333333333333,56.0845
537901,3792,53.595,37.4844
537905,6359,123.47666666666667,102.13369999999999
538063,3727,158.82166666666666,208.1769
538076,3523,8.835,3.5765
538091,4370,209.52833333333334,236.07770000000002
538107,8269,36.61333333333334,25.779799999999998
538180,3792,2.9633333333333334,1.4617
538191,4370,4.98,3.4886
538235,6918,42.86666666666667,37.2406
538271,6359,178.17000000000002,142.1542
538301,4370,33.19166666666667,35.4907
538334,4370,81.91499999999999,106.5244
538407,8269,4.845,4.9387
538409,3494,192.2133333333333,154.201
538505,6733,42.37,18.647599999999997
538534,6359,178.17000000000002,142.1542
538535,8269,84.20333333333333,82.5347
538550,3727,148.69500000000002,146.9317
538578,30057,34.03333333333333,38.0411
538654,6502,15.278333333333334,15.101
538755,3494,42.23166666666667,32.1362
538774,3792,2.0966666666666667,1.1007
538796,3494,103.985,99.7938
538831,3494,158.31,118.8818
538848,10972,1.5599999999999998,1.0949
538882,3494,105.78333333333333,107.1805
538892,3494,100.68166666666666,65.0547
538904,3494,74.78166666666667,86.424
538954,6352,22.30666666666667,18.7772
538966,3494,112.70166666666667,86.8942
538984,3494,32.35666666666667,25.0857
539042,6502,32.55833333333333,32.3211
539055,3523,167.35166666666666,142.58270000000002
539083,6502,29.601666666666667,20.2464
539100,28254,18.935,8.0769
539116,6580,32.40833333333333,43.814800000000005
539156,6919,16.76,7.0172
539166,3494,83.57666666666667,82.4249
539194,3494,128.31666666666666,106.1516
539246,6502,61.16833333333333,73.5765
539251,3727,105.70833333333333,108.712
539254,11020,13.1,10.2536
539260,3494,60.626666666666665,57.6009
539302,3494,5.175,5.8948
539306,8269,53.10666666666667,56.996
539320,6502,46.461666666666666,47.7443
539402,6919,24.918333333333333,24.530900000000003
539447,6733,58.915,29.6191
539448,3494,179.54666666666665,141.21679999999998
539482,6502,25.64333333333333,19.203799999999998
539514,3494,18.381666666666668,25.593700000000002
539601,6359,137.56166666666667,107.9851
539613,6359,9.091666666666667,7.0977
539785,11020,4.333333333333333,2.7783
539789,6502,57.94666666666667,61.528400000000005
539809,6359,152.37166666666664,129.5097
539815,3754,116.635,106.2952
539904,8269,69.65,74.6301
539945,3494,157.91666666666666,124.3251
539972,3792,4.053333333333333,2.649
540003,3494,267.4316666666667,216.8474
540031,6359,119.765,103.2302
540041,6502,49.29333333333333,49.0643
540042,8269,4.505,3.161
540058,6732,55.07833333333333,46.9478
540084,3792,60.755,44.6858
540142,3494,267.98833333333334,208.30689999999998
540224,3792,26.709999999999997,22.3858
540247,3727,276.75166666666667,200.9392
540315,3494,279.10833333333335,214.3291
540413,6502,78.95,88.10810000000001
540414,37376,80.17166666666667,60.4651
540432,3494,79.48833333333333,89.6917
540454,6359,137.82333333333332,108.09339999999999
540507,6352,12.205,4.773
540613,6502,123.12333333333332,96.5443
540731,3792,8.573333333333332,7.8108
540768,6502,48.75666666666667,50.9898
540787,4370,118.68,107.6685
540808,8269,55.64833333333333,59.7113
540859,6732,24.220000000000002,11.9759
540865,6359,162.64,132.2871
540903,6502,48.50666666666667,40.3176
541013,3727,228.8383333333333,238.948
541038,8269,81.48666666666666,73.59410000000001
541040,6580,75.68166666666666,56.2046
541045,6732,15.703333333333335,11.0953
541107,3494,109.44166666666666,99.5504
541185,30057,37.33833333333334,41.5532
541237,4370,32.251666666666665,37.3076
541341,3754,10.326666666666666,9.699
541402,6732,20.466666666666665,20.524900000000002
541462,3494,149.12333333333333,120.5715
541483,3655,234.15333333333334,173.9744
541533,3494,14.268333333333334,14.6099
541547,11020,4.121666666666667,3.0406999999999997
541556,3727,232.78833333333333,174.7196
541582,6918,63.84166666666667,56.423
541766,6919,37.195,32.7774
541778,3494,66.35666666666667,75.7912
541819,3523,193.76000000000002,171.5946
541869,3494,125.70833333333333,104.5709
541885,3523,72.01333333333334,50.776199999999996
541901,6502,27.959999999999997,28.827599999999997
541926,3770,65.435,46.3392
541957,6919,15.785,13.8996
541967,3727,239.375,258.2865
542080,6732,12.406666666666666,8.3077
542155,6352,23.845000000000002,14.8926
542244,3494,268.375,209.1383
542249,4370,53.934999999999995,54.9394
542270,6733,83.74333333333334,76.9893
542287,4370,11.073333333333332,11.2802
542293,3494,81.13333333333334,52.4016
542349,6502,72.65333333333334,70.3903
542360,6352,22.154999999999998,14.5557
542380,6502,31.691666666666666,30.801099999999998
542408,6580,37.855000000000004,40.3412
542480,6502,62.99,61.099599999999995
542532,3727,94.90333333333334,108.2684
542594,6359,155.16833333333335,129.1856
542648,3792,3.4883333333333337,3.541
542649,4370,41.095,35.381800000000005
542670,3523,157.90666666666667,175.2268
542692,8269,67.38666666666667,65.87010000000001
542729,6502,70.19,68.1318
542743,3494,24.725,22.740599999999997
542746,6580,27.111666666666668,22.449
542823,3727,41.61333333333334,30.351
542834,8269,107.555,87.3073
542850,3523,57.294999999999995,58.3125
542853,4370,23.51833333333333,19.7152
542857,8269,55.333333333333336,58.7452
542865,6352,20.618333333333332,13.4614
542873,11775,136.11166666666665,115.2909
542884,6502,22.69333333333333,31.0145
542892,8269,64.285,64.2567
542959,6502,93.24499999999999,63.547
542972,6580,44.14833333333333,58.1217
542976,3754,33.57,33.7765
543086,4370,59.519999999999996,75.535
543098,3655,9.376666666666667,6.6185
543100,30057,20.92,24.4325
543101,3494,117.11166666666666,88.6581
543112,6502,37.03666666666666,39.124
543171,6502,62.73833333333334,61.3558
543235,15598,14.776666666666667,6.3142
543251,3494,157.84833333333333,128.5277
543311,30057,32.718333333333334,36.9957
543313,3727,12.708333333333334,17.9035
543528,6502,70.0,78.3604
543560,6919,27.861666666666668,27.9049
543637,6732,49.318333333333335,40.5815
543707,11775,122.73833333333333,104.753
543722,6502,41.80833333333333,49.2888
543744,4370,68.43333333333334,78.8275
543786,3494,12.25,16.9453
543804,6580,44.49666666666667,42.946400000000004
543827,6502,64.42666666666666,77.09519999999999
543855,6502,54.805,58.1471
543866,15598,44.11333333333334,20.1516
543909,30057,9.975,8.1536
543922,6580,24.78666666666667,32.0711
543971,30057,22.721666666666668,18.5948
544026,3494,80.25166666666668,87.9877
544033,6732,62.61333333333334,59.6079
544045,6732,78.515,89.6666
544051,3754,38.77833333333333,39.4513
544095,3523,14.776666666666667,19.836599999999997
544180,3523,2.0566666666666666,1.785
544200,8269,10.778333333333334,9.3599
544217,4370,188.95,151.2186
544239,6359,184.86333333333332,151.0588
544292,4370,204.89333333333335,159.885
544316,3523,67.11,71.2085
544327,6502,28.011666666666667,37.9089
544362,6580,69.99666666666667,54.314
544489,3754,73.09666666666666,69.5384
544493,6502,51.13166666666667,53.9709
544537,3523,14.973333333333333,17.9821
544565,6502,41.68,28.2134
544584,3727,105.185,116.24889999999999
544601,37376,50.608333333333334,32.840900000000005
544626,8269,49.75333333333333,36.891
544628,3727,147.515,151.1097
544644,4370,69.19166666666666,94.59639999999999
544687,6502,45.00333333333333,39.0484
544699,6733,26.171666666666667,20.215799999999998
544781,8269,56.94166666666667,59.9192
544784,6502,54.434999999999995,54.8715
544813,8269,47.9,30.5125
544825,4370,29.986666666666668,31.3428
544894,3494,62.333333333333336,36.1031
544921,3727,80.855,58.0032
544933,3770,56.82,40.5177
545044,6502,60.95666666666667,49.2779
545048,3523,195.21833333333333,204.0079
545071,6918,46.405,39.5713
545072,30057,21.871666666666666,22.508599999999998
545086,4370,139.09833333333333,121.2261
545213,6502,53.57833333333333,65.123
545228,6918,55.11833333333333,54.3475
545270,3727,90.98166666666665,96.5888
545334,3523,80.16000000000001,82.1563
545337,3727,53.57,73.5783
545360,8154,71.22,56.0409
545409,4370,29.245,28.115099999999998
545449,3754,100.25,101.1177
545475,8269,57.281666666666666,60.1442
545478,35125,33.983333333333334,23.357599999999998
545516,3655,320.5383333333333,209.8605
545519,3494,67.62833333333333,56.5451
545528,6732,5.633333333333334,3.4004000000000003
545530,3655,24.408333333333335,23.424799999999998
545546,6502,91.63333333333334,62.8744
545572,3494,216.75166666666667,174.02720000000002
545607,3523,45.958333333333336,44.3812
545650,3727,139.73,120.4185
545685,6919,47.465,56.1624
545744,3727,97.47166666666666,95.4681
545785,6732,13.543333333333333,7.6946
545809,8269,14.696666666666665,12.9393
545835,3494,129.26833333333335,110.34530000000001
545891,3727,130.64333333333335,130.6315
545913,3494,61.95333333333333,49.6714
545924,11775,106.615,97.1066
545951,3523,49.848333333333336,59.7651
546014,28254,18.96833333333333,8.0907
546049,3754,27.001666666666665,27.392799999999998
546066,30057,12.635,10.2972
546157,6502,71.32166666666667,69.88419999999999
546201,11775,120.75166666666668,105.76989999999999
546203,3494,194.53,160.12560000000002
546212,4370,28.791666666666668,28.569599999999998
546243,3655,114.61,90.814
546292,6919,47.465,56.1624
546324,3494,116.83,107.3335
546389,6502,50.49,62.182900000000004
546523,6359,186.75666666666666,152.31529999999998
546542,6352,25.253333333333334,15.8297
546586,4370,7.906666666666666,6.9526
546610,6580,42.76833333333333,39.5419
546651,4370,50.9,52.2667
546709,6919,27.861666666666668,27.9049
546789,6502,31.813333333333333,42.0216
546814,4370,27.029999999999998,25.9968
546820,6359,181.04666666666665,147.7751
546830,6502,22.211666666666666,13.443299999999999
546859,3727,137.86833333333334,138.8108
546895,3727,108.6,111.83760000000001
547003,3727,266.17333333333335,291.0338
547032,6502,49.72,49.9114
547092,3494,99.27333333333333,60.840300000000006
547102,6502,14.311666666666667,11.9818
547116,3727,255.215,277.1648
547126,6359,105.71000000000001,90.3615
547137,6502,62.065000000000005,74.54639999999999
547149,6918,45.49333333333333,48.3895
547158,3523,153.80666666666667,141.84220000000002
547163,6502,17.355,18.249
547241,6359,100.64166666666667,85.721
547248,3494,44.60333333333333,31.808
547272,6502,83.49333333333334,78.542
547294,15598,28.763333333333332,14.161299999999999
547314,6502,45.730000000000004,57.4149
547357,6502,14.966666666666667,14.7361
547362,3754,75.58500000000001,78.9434
547368,37376,138.50666666666666,115.759
547414,6352,14.945,5.6815
547486,6502,53.026666666666664,55.1776
547509,6359,85.08999999999999,69.7886
547524,6502,45.00333333333333,39.0484
547530,3727,193.53833333333333,196.961
547533,6919,27.955,22.5311
547535,6732,22.131666666666668,19.9117
547606,4370,49.785,51.8858
547612,6502,54.485,53.8085
547643,3727,39.75666666666667,28.914099999999998
547644,6502,52.84,53.810300000000005
547646,3494,237.01666666666668,195.2321
547662,6732,13.958333333333334,9.3364
547686,6918,22.013333333333332,22.441
547774,3655,62.07,58.7518
547778,3494,38.718333333333334,44.0846
547860,6502,30.071666666666665,31.2825
547866,3523,22.666666666666668,18.6355
547868,6502,6.428333333333333,7.9723999999999995
548023,6919,28.790000000000003,40.421800000000005
548039,3727,114.65333333333334,104.7702
548047,3754,33.193333333333335,27.0345
548102,6502,52.99,55.0764
548117,3655,41.84,32.671
548313,3523,153.80666666666667,141.84220000000002
548315,4370,144.38500000000002,124.8635
548367,6359,178.19833333333332,142.1834
548398,3727,131.72833333333332,117.0957
548454,4370,83.93333333333334,98.25689999999999
548534,6502,48.53,50.3975
548545,6502,29.59,39.6105
548552,6352,24.891666666666666,20.585
548555,6733,39.70666666666667,16.8805
548579,3727,140.86333333333332,159.49970000000002
548613,3494,97.01166666666667,94.0266
548634,4370,29.71333333333333,26.043599999999998
548656,3727,238.17999999999998,246.40720000000002
548734,8269,69.02666666666667,68.3995
548760,3494,84.05833333333334,92.024
548815,30057,21.4,24.643900000000002
548830,6580,18.709999999999997,15.5816
548840,6359,178.23166666666665,142.18179999999998
548854,6359,184.71,150.9566
548901,6919,24.384999999999998,29.7773
548916,28254,17.086666666666666,9.4754
548931,6918,14.323333333333332,13.9278
549021,3494,112.12333333333332,105.9817
549023,6502,60.38333333333333,62.5855
549048,4370,19.81833333333333,16.2749
549137,3494,274.64666666666665,213.2261
549147,8269,9.661666666666667,9.4643
549162,6919,25.555,26.3707
549229,6359,178.17000000000002,142.1542
549294,3792,16.821666666666665,11.3073
549325,6502,78.45,87.74130000000001
549388,6502,26.15,22.1081
549404,3494,127.41666666666667,109.9162
549422,6919,15.861666666666668,18.6285
549426,11020,7.739999999999999,5.5645
549440,3494,82.49499999999999,91.6955
549448,6502,36.443333333333335,48.4069
549470,6359,110.29833333333333,93.3463
549552,8269,62.858333333333334,61.873400000000004
549563,3754,19.246666666666666,22.2331
549571,6919,50.019999999999996,33.850199999999994
549584,6919,19.501666666666665,12.5338
549618,3494,36.91166666666666,24.291
549646,3770,21.483333333333334,22.6221
549677,6502,34.70333333333333,46.0373
549773,6918,74.38833333333334,57.564800000000005
549792,3655,27.415000000000003,23.9587
549818,8269,49.76833333333333,36.8971
549855,3792,18.533333333333335,17.381700000000002
549867,4370,27.65666666666667,27.5057
549887,8154,38.23833333333334,28.5913
549904,6352,17.133333333333333,9.883700000000001
549961,3754,45.81666666666667,43.75
550046,3727,141.11833333333334,159.6715
550057,23733,34.208333333333336,13.7987
550071,6502,27.91,21.8087
550094,37376,204.31666666666666,172.5281
550134,3494,106.115,63.633300000000006
550244,8269,53.916666666666664,57.417300000000004
550260,3494,38.89333333333333,44.1571
550319,3754,25.171666666666667,21.7621
550329,8269,63.10666666666667,64.0907
550330,3494,77.58500000000001,63.1265
550361,3754,70.34666666666666,68.3126
550375,6502,31.273333333333333,29.3915
550462,3727,229.735,173.5146
550499,6502,34.001666666666665,45.6233
550576,3754,77.42666666666668,74.7395
550615,6918,65.10833333333333,58.499300000000005
550646,3754,33.895,35.5353
550660,3523,177.84166666666667,191.9905
550820,3792,50.13166666666667,36.7333
550823,6580,40.04666666666667,42.2109
550824,3727,215.28,228.1325
550863,3494,36.79833333333333,28.26
550950,4370,78.99833333333332,104.2226
551056,6502,50.885,45.0984
551093,3727,170.62,185.3477
551169,6359,137.01833333333335,107.7582
551230,6918,4.17,1.9897
551242,6733,55.126666666666665,24.286900000000003
551272,6502,27.27,34.6836
551290,23733,23.918333333333333,10.1688
551298,6502,64.62333333333333,63.0748
551303,6919,10.22,8.242799999999999
551305,3727,48.63166666666667,60.2674
551374,11775,125.21166666666666,102.718
551440,3792,1.73,1.1027
551459,6359,111.97833333333332,94.1613
551469,3523,184.4,194.7124
551493,6918,38.03333333333333,34.0221
551610,6502,41.1,51.655800000000006
551618,37376,9.71,5.77
551646,6580,52.22,70.0223
551648,6502,38.33166666666667,27.5785
551671,6502,8.808333333333334,10.9818
551677,3494,95.935,59.4647
551739,3655,2.81,2.1238
551975,26707,1.3,0.6003999999999999
552192,4317,3.631666666666667,2.3779
552406,11775,3.83,2.9
552416,4370,2.6816666666666666,1.4981
552848,11020,3.83,2.5789
552949,6733,2.665,1.0776
552952,6732,34.443333333333335,19.967299999999998
553114,3727,242.44333333333333,249.81539999999998
553190,6580,18.84333333333333,14.8001
553396,4317,1.8016666666666665,1.0372000000000001
553521,11775,82.21833333333333,49.505300000000005
553669,37376,4.303333333333333,2.1087
553691,4370,1.3599999999999999,0.666
553764,27733,2.55,1.5717
553833,3494,248.645,197.76239999999999
553953,3727,116.48833333333333,131.22070000000002
554440,8154,3.6416666666666666,1.344
554514,4370,90.79333333333334,124.7564
554655,10972,11.246666666666666,10.6534
554725,8154,2.515,1.419
554990,37376,2.955,1.0607
555136,4370,22.583333333333332,24.1967
555196,4370,31.19333333333333,30.2633
555564,30057,2.615,1.8533
555661,8154,5.171666666666667,2.1019
556288,30057,28.06833333333333,30.1487
556323,8154,1.3033333333333335,0.573
556418,4370,1.5166666666666666,0.7253999999999999
556593,8154,34.95333333333333,31.9985
556618,6918,1.9,0.7562000000000001
556634,4370,21.538333333333334,12.8475
556730,4370,23.591666666666665,15.6238
556744,26707,0.8616666666666667,0.3484
556781,11775,5.88,4.0224
557217,4317,6.2683333333333335,3.9465
557521,3523,1.3366666666666667,1.6129
557611,4370,0.9183333333333333,0.4584
557841,8835,0.7133333333333333,0.4372
557862,35125,3.5716666666666668,1.6969
557916,3494,39.55,26.7237
558056,3792,114.81166666666667,119.4785
558100,6919,48.56666666666667,58.5109
558144,4370,2.0783333333333336,1.1418
558640,6919,1.1066666666666667,0.4506
558760,29146,1.7583333333333333,0.9157000000000001
558933,8154,1.68,0.7767000000000001
558949,8154,6.165,2.6321
558993,30057,22.298333333333336,18.7811
559574,3727,158.82999999999998,132.25779999999997
559806,3727,2.0783333333333336,1.3734000000000002
559985,11775,2.425,2.1336
560067,3727,159.65666666666667,202.366
560200,11775,5.114999999999999,3.5108
560247,11775,3.7933333333333334,2.7105
560322,11020,3.475,2.7798000000000003
560667,30057,3.58,2.1536
561046,6502,30.623333333333335,40.723699999999994
561553,11775,2.7383333333333337,2.3934
561589,3754,68.42833333333333,71.1027
561764,4317,3.006666666666667,2.0542
561803,4317,1.9983333333333335,1.3499
561815,6919,31.953333333333333,25.289900000000003
561916,3523,1.5083333333333333,1.2598
562176,8154,1.3916666666666666,0.5864
562382,11470,3.371666666666667,1.8225
562442,37376,45.8,29.1343
562596,8154,6.235,2.7676999999999996
562667,11775,3.2550000000000003,2.1552
562773,11775,4.6899999999999995,2.9904
562813,6502,3.121666666666667,1.5916
562825,3727,145.465,126.9675
563106,30057,23.321666666666665,19.4234
563240,3792,1.3033333333333335,1.038
563410,29146,1.8900000000000001,0.7711
563618,4370,94.21333333333334,129.4939
564026,3727,72.48666666666666,79.6597
564467,6733,3.3400000000000003,2.4766999999999997
564544,6352,28.491666666666667,16.7295
564728,8154,4.408333333333333,1.6830999999999998
564834,30057,3.021666666666667,2.0414
564898,4370,1.0516666666666667,0.5192
565108,30057,1.4866666666666668,1.1636
565973,3523,69.64666666666668,49.7926
566055,10972,1.6083333333333334,0.7132000000000001
566410,4317,2.0833333333333335,1.2133
566679,11775,123.81333333333333,105.7093
566746,29146,3.2816666666666667,1.5144000000000002
566877,3523,97.49833333333332,72.8143
566899,6352,3.3216666666666668,1.283
567134,6732,20.611666666666668,20.453400000000002
567537,3523,14.491666666666667,15.205200000000001
567930,32615,2.115,1.0279
567937,4370,28.66166666666667,28.546599999999998
568157,11775,65.785,58.0432
568169,30057,2.69,1.9809
568385,29146,2.1333333333333333,1.1582999999999999
568414,10972,10.458333333333334,10.474200000000002
568750,4370,54.07333333333334,72.9528
568914,3523,32.66,43.193599999999996
568946,4370,23.066666666666666,24.455099999999998
569081,6352,20.483333333333334,8.4381
569208,11470,2.58,1.3172000000000001
569217,3655,218.67000000000002,167.54479999999998
569331,3655,102.67,102.71260000000001
569343,4317,3.015,1.8709
569467,6502,75.71000000000001,51.622099999999996
569669,29146,1.625,1.0086
569685,11775,4.883333333333334,3.556
569724,6502,30.041666666666668,40.097300000000004
569760,3792,88.735,91.6454
569962,6580,52.461666666666666,60.7706
570080,29146,1.05,0.5186000000000001
570281,3523,92.5,114.13119999999999
570297,6733,77.32666666666667,72.7217
570435,3727,273.05,212.07
570544,26707,0.9366666666666668,0.3384
570685,3727,71.58166666666666,78.8115
570697,8750,1.1900000000000002,0.5949
570946,3727,255.97,277.4805
570996,30057,14.338333333333333,13.350700000000002
571191,3655,83.74,78.03869999999999
571492,4370,22.59333333333333,24.6218
571509,8154,6.031666666666666,2.3577
571518,11775,2.893333333333333,2.3529
571552,15598,61.434999999999995,27.7284
571704,4370,52.31166666666666,69.1256
571855,30057,22.95,19.2082
572121,3655,68.08166666666666,71.1639
572181,4370,24.334999999999997,25.6192
572358,3727,165.23999999999998,149.2805
572513,6918,53.39,49.6059
572574,8154,3.475,1.3095
572640,8154,5.711666666666667,2.2697
572679,11775,79.19666666666667,48.471199999999996
572764,6502,31.881666666666668,23.291700000000002
572848,3655,289.3816666666667,196.93210000000002
573006,6732,292.2916666666667,319.7945
573013,6732,48.72,35.5168
573019,3494,88.02,55.5833
573053,4370,130.605,111.4743
573102,6918,50.26833333333333,52.8513
573139,3754,67.53833333333334,68.1268
573164,3727,96.43,95.3922
573217,6352,19.513333333333332,20.2841
573243,6580,62.75,75.58160000000001
573253,6733,38.06333333333334,39.7352
573265,6502,104.01666666666667,57.1966
573278,3523,217.71666666666667,166.3946
573375,4370,58.44833333333334,57.978199999999994
573482,6502,107.445,90.0493
573486,6732,66.81833333333333,69.2368
573493,6733,58.251666666666665,60.6121
573527,6733,76.58500000000001,31.7592
573540,3754,89.82833333333333,90.158
573560,6502,80.57333333333332,88.9955
573895,6732,33.666666666666664,29.3678
573959,3494,255.17333333333332,201.69289999999998
574004,4370,44.93666666666666,56.4632
574139,37376,43.485,26.0355
574156,30057,50.141666666666666,64.2556
574224,4370,47.335,58.7652
610010,10972,18.055,16.4694
610068,3494,154.30333333333334,151.402
610073,3523,90.43166666666666,68.27069999999999
610093,3494,31.855,28.324900000000003
610097,3523,124.05,118.4579
610191,6918,55.625,46.1886
610225,8154,23.586666666666666,19.0371
610252,6502,74.52833333333334,55.7943
610306,6502,41.91166666666666,37.765699999999995
610338,6733,37.708333333333336,39.587900000000005
610458,6918,23.223333333333336,24.355700000000002
610498,3494,68.47666666666667,77.803
610508,37376,101.075,86.5135
610522,3494,117.635,89.0255
610527,6502,19.4,21.5128
610538,8269,16.65,18.0083
610551,37376,160.395,120.3834
610609,6918,61.94666666666667,55.3106
610612,3494,82.78999999999999,53.3159
610633,6918,52.013333333333335,44.6773
610757,15598,42.81333333333334,19.6109
610758,3523,73.17333333333333,78.23610000000001
610770,6502,31.53166666666667,21.0452
610848,3523,13.473333333333333,15.4656
610857,3494,159.85166666666666,88.3022
610877,6919,121.46833333333333,95.5968
610887,3494,38.138333333333335,32.7348
610895,3494,96.24333333333334,66.7761
610921,6502,18.428333333333335,19.3697
610948,3770,10.541666666666666,10.7493
610960,6919,57.90833333333333,39.909800000000004
610998,6733,78.945,62.1631
611007,6580,32.416666666666664,16.694
611037,6919,2.1383333333333336,2.7801
611038,30057,39.843333333333334,36.0764
611076,4370,145.9633333333333,125.06
611092,6919,34.83166666666667,48.949
611121,6359,162.64,132.2871
611125,6580,44.983333333333334,52.8063
611126,3523,107.54833333333333,110.38289999999999
611141,3523,64.40666666666667,45.6803
611155,4370,123.03999999999999,140.1827
611161,3754,48.98833333333334,50.6125
611187,3754,28.458333333333332,23.9407
611202,3494,82.13833333333334,52.458800000000004
611205,6580,16.968333333333334,16.119799999999998
611266,6502,34.445,34.8393
611275,6502,18.466666666666665,19.0939
611347,6919,44.059999999999995,32.848699999999994
611363,6502,28.36,24.5141
611389,3792,27.11,21.6342
611391,8269,39.056666666666665,38.6872
611412,6918,27.756666666666668,26.2224
611452,8269,13.09,10.3697
611483,6502,15.781666666666666,19.439
611490,6502,64.44833333333334,77.1186
611557,6919,43.39833333333333,54.5211
611584,3727,13.528333333333334,5.9477
611674,4370,23.94333333333333,24.2222
611724,6919,32.986666666666665,22.8424
611753,3523,109.88333333333334,112.4844
611768,3523,109.78,111.26610000000001
611808,30057,56.08833333333334,61.922599999999996
611853,6733,38.445,30.340799999999998
611863,6580,40.986666666666665,47.3089
611883,3727,114.89666666666668,114.95739999999999
611903,6502,53.626666666666665,55.5739
611918,6359,114.98333333333333,98.93360000000001
611920,3727,71.30833333333334,54.0313
611930,3792,24.21333333333333,16.156399999999998
611980,6919,19.451666666666664,14.2102
611982,6918,40.46666666666667,40.115199999999994
612053,3792,5.275,3.6357
612054,6502,20.823333333333334,28.363400000000002
612056,4370,138.96666666666667,121.2337
612099,3754,10.229999999999999,8.4807
612103,3494,125.095,110.7802
612150,6919,21.651666666666664,20.2443
612194,3655,58.61833333333333,60.9543
612245,3727,97.95333333333333,108.8848
612262,6502,26.186666666666667,27.9365
612278,6502,70.19166666666666,69.214
612308,3754,26.07,22.7108
612313,6502,45.443333333333335,47.1442
612332,37376,196.41666666666666,169.0831
612349,3494,25.865000000000002,27.549400000000002
612376,3523,108.93833333333333,80.0932
612430,6919,32.20666666666667,27.2179
612433,4370,61.11,77.8265
612445,4370,79.99,84.195
612456,6580,47.461666666666666,63.305800000000005
612515,3792,79.69333333333334,48.458
612517,3754,22.115000000000002,31.2407
612575,4370,24.256666666666668,28.773799999999998
612599,6919,25.555,26.3707
612670,3727,265.12333333333333,289.39790000000005
612684,6919,5.5183333333333335,2.3438000000000003
612707,3494,149.65833333333333,148.2707
612722,3655,5.871666666666667,3.9680999999999997
612727,6918,21.166666666666668,22.7972
612751,3655,102.14666666666668,102.3268
612797,6359,111.97833333333332,94.1613
612802,3494,150.2133333333333,92.4675
612853,6733,37.39833333333333,43.6083
612867,6502,85.47166666666666,79.3221
612985,6918,24.685,25.1378
613005,4370,16.168333333333333,19.8068
613038,3494,153.715,124.0264
613046,3792,157.72333333333333,155.7426
613112,6352,27.298333333333336,23.846799999999998
613117,4370,22.36,23.895599999999998
613140,6918,43.16166666666666,41.046699999999994
613182,6502,17.023333333333333,19.7901
613240,6919,21.35,14.3698
613271,6502,32.071666666666665,33.1128
613352,6918,53.291666666666664,45.217
613355,3727,239.16,222.1571
613386,6502,35.29333333333333,33.2274
613394,6918,77.26833333333335,58.7631
613397,6919,14.561666666666667,9.7433
613406,23733,23.315,14.992299999999998
613465,30057,32.705,36.3876
613597,8269,11.326666666666666,7.9718
613618,6732,311.35166666666663,316.5288
613629,6918,59.92666666666666,52.960699999999996
613655,3754,13.096666666666666,12.6696
613662,6502,21.945,21.0304
613665,6502,32.99333333333333,34.488
613683,3523,34.85,19.797400000000003
613701,4370,19.513333333333332,19.6148
613753,4370,82.525,113.43310000000001
613794,6580,26.988333333333333,27.1333
613811,30057,11.276666666666667,8.2845
613865,3792,100.63666666666667,61.3256
613898,6502,79.98666666666666,77.0841
613913,8154,13.315,14.4251
613919,6352,34.401666666666664,37.7526
613927,3655,46.80166666666666,47.636300000000006
613946,6919,61.49666666666667,41.2989
613959,3494,139.5366666666667,111.57419999999999
613975,4370,24.868333333333332,27.1196
614018,3770,70.50166666666668,50.3099
614046,6502,17.921666666666667,20.4275
614090,6502,25.08,21.600099999999998
614112,3494,95.35333333333332,86.4498
614163,3792,50.781666666666666,34.4811
614208,6359,181.04666666666665,147.7751
614212,3523,196.17833333333334,204.6474
614215,6580,57.695,53.1487
614230,6580,37.535,34.0721
614258,8269,67.315,67.8613
614323,4370,123.72333333333333,148.457
614331,3727,102.485,136.0685
614378,30057,13.906666666666666,13.2101
614380,4370,103.75666666666666,126.601
614416,3494,104.84666666666666,90.21119999999999
614479,6580,34.17166666666667,17.1739
614574,6580,28.303333333333335,30.2437
614614,6502,17.871666666666666,20.495
614635,6918,25.015,25.9954
614706,3727,247.06666666666666,188.7866
614712,6580,57.78666666666666,50.6269
614823,6502,22.035,23.1784
614881,3727,66.87666666666667,56.5477
614960,4370,85.235,115.1183
614973,6919,34.22166666666667,23.6639
614975,8154,35.82833333333333,25.8669
614981,6732,96.07166666666667,49.868
614987,6580,57.468333333333334,53.0441
614989,6918,64.04333333333334,56.4995
615028,10972,11.261666666666667,10.556299999999998
615038,3792,155.95166666666668,157.2005
615042,6580,27.941666666666666,38.2562
615052,6502,4.046666666666667,3.6364
615075,3727,196.16833333333335,214.559
615092,3792,81.81,58.8752
615191,6918,20.861666666666668,23.5984
615206,3523,147.73833333333332,139.3199
615212,6352,29.31,33.3843
615234,6580,24.756666666666668,28.7672
615294,6733,49.245,22.575400000000002
615299,3494,112.4,100.72019999999999
615314,6502,48.275,59.789
615351,3494,94.39833333333333,68.2257
615353,8269,76.25333333333333,81.2645
615365,6580,48.285,45.090300000000006
615384,11775,77.08500000000001,46.4478
615425,3655,10.568333333333333,10.8591
615478,6502,15.416666666666666,14.4628
615497,3727,112.54166666666667,103.8924
615507,3792,32.42666666666666,26.4668
615508,6919,34.06166666666667,47.86
615584,8269,6.963333333333334,5.3332
615612,6502,47.49,57.2131
615630,6502,86.95833333333333,93.2881
615653,8269,54.17666666666666,45.6087
615655,6502,83.515,78.06230000000001
615662,8269,8.363333333333333,6.6928
615666,3727,30.154999999999998,30.33
615698,6359,162.64,132.2871
615719,3727,11.056666666666667,5.3728
615725,3727,27.303333333333335,26.3785
615769,6919,10.463333333333333,5.3048
615802,3792,68.41499999999999,64.7452
615814,6919,21.618333333333332,16.0812
615818,3494,54.736666666666665,67.3015
615864,6502,27.23166666666667,26.7076
615884,6359,110.29833333333333,93.3463
615993,3754,75.25833333333334,75.58760000000001
616015,6919,51.05,29.1328
616017,6502,77.02333333333333,86.8255
616025,4370,100.12166666666667,105.0898
616029,6733,38.86,32.3425
616087,6502,33.961666666666666,45.5471
616112,3523,129.90166666666667,94.36410000000001
616133,3523,97.66666666666667,103.63260000000001
616137,6502,88.14666666666668,81.106
616144,3494,156.54666666666665,123.7554
616174,6919,64.11666666666666,68.843
616203,3523,23.846666666666668,22.415
616210,37376,151.45499999999998,127.3575
616249,30057,24.488333333333333,26.9425
616250,6502,31.58,32.6643
616253,3792,46.82,34.365199999999994
616256,6502,14.951666666666666,17.2497
616289,6352,26.363333333333333,21.5622
616333,3727,10.636666666666667,14.9719
616342,8012,3.32,1.4839
616349,6502,70.36666666666666,73.82119999999999
616368,30057,11.491666666666667,9.9497
616371,6580,42.105000000000004,45.8272
616408,6919,40.27333333333333,28.600099999999998
616410,6919,38.281666666666666,30.0673
616563,6502,78.66166666666666,52.8392
616582,6502,72.705,50.367
616585,3727,159.625,137.4841
616587,6733,24.571666666666665,26.404
616637,6359,145.38,126.07289999999999
616638,3727,156.85,198.17079999999999
616645,4370,93.10666666666665,124.3309
616692,4370,81.54666666666667,111.856
616703,8154,33.73833333333333,31.2821
616713,6502,31.740000000000002,29.7027
616800,3494,69.12833333333333,57.3731
616802,6918,56.415,50.084300000000006
616832,6918,54.25666666666667,45.611599999999996
616841,4370,28.458333333333332,29.019099999999998
616845,6918,72.43333333333334,62.0848
616884,3770,54.77833333333333,23.069599999999998
616901,3754,20.63,19.1311
616952,6918,64.18833333333333,56.5672
616954,6580,41.105000000000004,30.1367
617081,6502,31.334999999999997,31.5793
617117,6502,83.56666666666666,91.1723
617130,6732,63.45666666666667,61.2605
617147,3727,50.05333333333333,69.2584
617161,6919,29.56,19.4332
617164,6919,87.99666666666667,48.4471
617191,3727,115.36333333333333,105.05760000000001
617283,30057,24.353333333333335,30.4724
617294,3494,166.73833333333332,91.1041
617297,3754,0.6883333333333332,0.6245
617298,26411,15.57,6.458399999999999
617333,6502,25.986666666666668,27.8537
617357,3523,22.34,11.6785
617407,6580,16.206666666666667,21.854200000000002
617411,6502,33.49666666666666,28.9761
617445,35125,64.615,53.2948
617497,30057,13.97,10.0565
617514,3754,98.60166666666667,99.3845
617522,6502,21.278333333333332,25.898
617524,6580,38.294999999999995,34.770199999999996
617545,3494,19.83,18.7254
617573,6919,6.781666666666666,5.2548
617590,3770,53.95333333333333,37.338800000000006
617612,6352,16.575,9.0369
617629,3754,14.966666666666667,14.694600000000001
617642,3792,141.395,147.2595
617665,6352,10.663333333333332,4.4266000000000005
617670,6502,57.11,57.899800000000006
617711,6733,113.185,43.7191
617836,3727,146.18666666666667,128.5704
617880,6919,60.291666666666664,47.040099999999995
617908,4370,26.371666666666666,31.007
617991,3494,50.181666666666665,61.817099999999996
618010,6918,52.57166666666667,54.319300000000005
618065,6502,31.403333333333332,20.991400000000002
618099,6502,19.458333333333332,26.44
618174,3754,39.57333333333334,34.4567
618213,6502,26.71833333333333,26.321099999999998
618288,3494,24.023333333333333,21.642
618293,6919,36.49,30.1205
618302,6732,65.215,42.3228
618317,8269,11.546666666666665,8.6084
618325,6502,32.75666666666667,33.7394
618326,6502,11.053333333333335,12.4291
618335,3792,65.67166666666667,46.5361
618339,3792,24.69,19.6996
618342,3494,154.61499999999998,124.8165
618349,6359,152.37166666666664,129.5097
618429,3494,150.86166666666668,150.5608
618453,37376,147.19666666666666,133.521
618465,6502,79.11166666666666,57.9959
618475,6919,21.08,19.9028
618481,6502,95.35,67.898
618495,3727,88.16666666666667,102.0389
618527,3727,18.941666666666666,18.9885
618550,6732,71.99333333333334,53.854099999999995
618598,6919,34.15333333333333,42.0623
618617,6502,12.805,14.5721
618634,6919,34.64833333333333,45.2466
618677,37376,200.54,170.9482
618683,3754,23.126666666666665,20.395799999999998
618687,3494,47.72,66.5765
618713,6918,18.053333333333335,19.621599999999997
618725,6580,79.375,94.41189999999999
618820,3727,181.52166666666665,104.1394
618853,6918,56.31166666666666,55.8347
618908,8269,39.22666666666667,38.801199999999994
618915,6502,61.376666666666665,73.79960000000001
618928,3727,24.706666666666667,18.560299999999998
618948,6502,26.638333333333332,22.633599999999998
618983,3727,252.04500000000002,276.1572
619040,3727,145.70333333333335,162.714
619056,6502,88.29833333333333,81.2079
619073,30057,45.858333333333334,48.6525
619198,37376,60.19833333333334,38.565
619202,3727,156.00166666666667,147.491
619214,37376,154.54666666666665,117.9495
619337,3494,81.53,54.191199999999995
619438,3727,234.15333333333334,182.5525
619476,6502,16.143333333333334,16.907400000000003
619524,6502,58.10333333333333,66.71
619611,30057,40.166666666666664,44.496900000000004
619625,37376,162.37333333333333,121.20689999999999
619648,3727,72.39166666666667,58.8371
619659,6502,19.178333333333335,19.8603
619878,6919,3.9683333333333333,2.7702
619892,30057,93.15,94.98039999999999
619998,6918,51.90333333333333,52.9714
620006,6502,84.935,89.20410000000001
620008,6359,137.56166666666667,107.9851
620027,37376,198.1616666666667,169.6312
620035,8269,67.97666666666666,68.2997
620118,11775,62.26833333333333,55.230199999999996
620119,8269,16.871666666666666,13.2105
620155,3770,48.013333333333335,35.095699999999994
620218,6502,80.93166666666666,88.7753
620223,6580,32.38,29.7132
620241,6919,25.053333333333335,26.0392
620251,3523,84.02333333333333,63.2829
620275,8269,18.68,16.5753
620279,6502,47.10166666666667,53.2865
620301,11775,33.553333333333335,32.2198
620311,6580,38.68666666666666,37.698699999999995
620316,6502,65.18333333333334,62.082
620364,6733,67.85666666666667,63.8188
620428,6502,57.265,58.002199999999995
620470,6919,14.151666666666667,8.9441
620505,30057,14.886666666666667,12.045
620507,3494,117.64,102.7038
620508,6580,28.483333333333334,30.318099999999998
620549,6359,181.04666666666665,147.7751
620593,3523,213.03,214.3673
620675,8154,45.05833333333333,39.8318
620682,37376,59.336666666666666,38.251400000000004
620697,6732,2.6683333333333334,2.2099
620707,4370,17.28166666666667,14.2495
620725,3523,86.97,65.9614
620741,3523,21.313333333333333,29.0854
620752,4370,48.30333333333333,57.841699999999996
620863,3523,143.76166666666668,111.747
620969,4317,10.491666666666667,5.8969
620970,37376,173.72,153.9781
621013,6919,26.933333333333334,37.8143
621021,3494,80.39833333333333,88.284
621054,4370,88.80666666666666,84.8834
621097,6733,39.36666666666667,45.5011
621229,6733,90.94333333333334,73.40039999999999
621251,6919,76.67333333333333,77.1823
621279,3494,51.74,69.7895
621288,6919,7.611666666666666,3.9895
621290,37376,197.405,169.6697
621331,3792,6.413333333333333,6.9007
621371,6580,46.843333333333334,51.094800000000006
621412,6502,5.153333333333333,6.1709
621438,3754,15.916666666666666,14.4894
621453,3494,149.22,92.0548
621459,6502,48.19666666666667,59.0595
621463,4370,23.07,19.572599999999998
621492,3792,16.96,15.8628
621604,6580,14.058333333333334,15.8546
621632,3494,168.63,168.0156
621644,6502,30.855,31.9997
621766,8269,3.9566666666666666,2.7693000000000003
621786,3770,31.515,15.1987
621787,4370,26.003333333333334,28.1358
621810,37376,175.13,154.91729999999998
621849,11775,74.85833333333333,45.5267
621861,6502,16.281666666666666,16.7379
621876,6502,28.701666666666664,38.6566
621929,6733,19.92,10.1564
621943,3754,67.53333333333333,68.20660000000001
622030,6359,137.82333333333332,108.09339999999999
622035,3727,169.61499999999998,136.7565
622061,6919,17.461666666666666,12.3361
622066,6580,45.64,48.0792
622125,3655,212.18666666666667,169.1517
622149,3494,66.78333333333333,44.5185
622170,3727,141.95,118.947
622172,6502,50.445,58.445699999999995
622228,6919,6.626666666666667,9.1305
622240,6502,12.343333333333334,14.9884
622257,6580,22.303333333333335,29.4328
622272,6580,67.92833333333333,73.7845
622274,6502,34.766666666666666,29.8214
622300,6919,32.35333333333333,33.037099999999995
622321,6502,21.581666666666667,13.8568
622334,6359,144.90166666666667,125.99539999999999
622343,3727,127.89666666666668,124.1115
622361,3494,28.391666666666666,22.962
622418,3792,34.748333333333335,27.2105
622460,6732,283.885,316.2928
622527,6919,78.225,78.211
622531,6502,63.973333333333336,65.1835
622591,6918,46.46666666666667,42.4207
622601,3754,29.945,30.3602
622621,3494,153.62166666666664,123.5799
622656,3494,57.016666666666666,29.036
622676,6502,22.436666666666667,30.6519
622752,3655,124.51,122.0947
622758,6919,52.17833333333333,29.601599999999998
622768,6502,52.34166666666667,51.849599999999995
622784,30057,23.240000000000002,23.7353
622832,3792,41.156666666666666,30.7833
622855,6352,19.021666666666665,11.863700000000001
622874,3727,227.46,176.4289
622905,6919,34.64833333333333,45.2466
622981,6919,31.748333333333335,25.1549
623018,6502,48.74666666666667,49.2629
623072,6732,69.52,78.9095
623095,3727,222.67999999999998,172.0709
623123,3727,101.48666666666666,116.211
623125,4370,48.358333333333334,47.4834
623174,3727,24.671666666666667,25.2807
623221,3523,94.44666666666667,70.8827
623248,6918,64.18833333333333,56.5672
623259,3655,140.83333333333334,133.0181
623271,6502,34.13,35.2309
623286,6580,37.505,49.268699999999995
623321,6733,24.875,11.7298
623343,3727,101.24833333333332,110.25410000000001
623355,3494,111.08833333333334,103.56530000000001
623406,6918,40.46666666666667,40.115199999999994
623409,6502,7.638333333333334,6.0873
623432,6919,19.168333333333333,11.469700000000001
623478,3754,23.32,20.9877
623539,3494,74.955,71.9723
623581,6919,47.16,27.5183
623587,3770,9.316666666666666,9.848
623595,6580,57.54333333333333,50.5265
623600,3655,90.68,82.8475
623610,4370,18.490000000000002,13.2685
623626,3494,65.45333333333333,52.7488
623641,6580,27.76833333333333,30.3186
623657,4370,74.05,100.6669
623683,4370,88.15,96.085
623687,6733,2.6333333333333333,2.3018
623716,6919,4.21,1.6890999999999998
623768,30057,17.705,16.426599999999997
623792,3523,53.72666666666667,72.931
623808,6919,53.45166666666667,30.136
623810,11775,43.82333333333334,43.9945
623817,3727,113.93166666666666,158.6443
623831,6919,12.186666666666667,11.4964
623846,6502,40.075,37.0017
623875,3727,146.04333333333335,140.852
623916,6918,41.855000000000004,41.380199999999995
623993,6502,30.465,31.2889
624002,6918,61.785,55.2031
624019,6918,10.504999999999999,10.023399999999999
624021,6502,19.528333333333332,26.5368
624027,6919,7.078333333333333,3.0108
624037,30057,28.95,28.9559
624066,37376,169.56666666666666,136.6923
624092,6580,16.441666666666666,22.26
624112,6919,27.545,26.3811
624149,6502,63.72833333333333,76.346
624160,6502,25.926666666666666,27.0322
624183,6919,10.628333333333334,6.1602
624211,3792,119.99499999999999,120.5938
624241,6502,32.51833333333333,32.071799999999996
624253,8269,16.256666666666668,14.364700000000001
624256,3494,130.04666666666668,111.0884
624324,6919,23.243333333333332,18.851200000000002
624347,3494,32.195,24.7351
624386,6733,52.108333333333334,22.474400000000003
624400,6502,86.575,80.05839999999999
624441,6502,23.441666666666666,21.2452
624459,6502,88.385,83.09830000000001
624465,30057,50.35,47.559599999999996
624507,6502,55.39833333333333,56.7571
624519,6359,162.64,132.2871
624535,6502,42.72166666666667,51.087199999999996
624550,3523,90.44,68.2761
624560,6352,31.425,22.0199
624601,3792,43.17833333333333,41.197900000000004
624652,3494,49.88,68.2987
624711,6359,101.77,85.3095
624878,3754,21.935,14.0229
624894,3792,29.89333333333333,23.280099999999997
624955,6502,35.873333333333335,33.4694
624991,6733,39.556666666666665,43.5246
625004,37376,146.92999999999998,133.98160000000001
625026,6502,35.55333333333333,37.529
625027,3792,14.766666666666667,15.1236
625050,6502,6.263333333333334,5.9293000000000005
625085,6918,59.73833333333334,52.9088
625088,6918,52.28666666666666,53.693
625090,6502,12.04,15.9731
625110,6918,63.79333333333333,56.403
625121,6919,16.208333333333332,18.772
625178,6502,31.941666666666666,43.5885
625182,4370,13.335,13.002799999999999
625214,3494,158.44666666666666,118.93769999999999
625280,3727,162.80499999999998,205.7565
625291,4370,78.09666666666666,78.65360000000001
625305,3494,166.15666666666667,90.912
625310,3727,31.459999999999997,44.3594
625366,6733,30.4,24.3747
625402,30057,25.026666666666664,29.4543
625502,37376,166.28833333333333,137.3676
625508,6918,64.04333333333334,56.4995
625544,6502,25.336666666666666,20.739900000000002
625746,11775,128.57666666666668,108.8579
625748,6918,13.514999999999999,13.3919
625770,4370,110.27666666666667,109.3151
625775,37376,106.16666666666667,92.175
625812,30057,58.62,60.9878
625871,3523,63.86666666666667,68.5351
625877,4370,61.07333333333334,76.7878
625886,6502,21.653333333333332,19.209400000000002
625896,6918,21.956666666666667,23.398400000000002
625903,6580,73.02833333333334,87.02560000000001
625943,6919,31.56,44.3228
625956,6580,40.181666666666665,44.6216
625978,37376,146.11833333333334,133.443
626001,6359,129.80666666666667,98.3487
626009,3727,147.0883333333333,161.9724
626022,3523,170.93333333333334,187.3819
626026,3770,79.05833333333334,56.2427
626042,6580,37.76,28.7461
626047,6919,91.36166666666666,49.845699999999994
626157,3792,69.735,56.542699999999996
626162,3727,259.82666666666665,262.7022
626202,3727,242.31333333333333,223.39679999999998
626268,3727,153.59833333333333,204.0199
626289,6502,31.904999999999998,42.1202
626292,3523,106.56,78.88589999999999
626343,4370,27.633333333333333,34.9825
626367,6502,59.77333333333333,59.6765
626368,6732,37.54833333333333,32.9445
626391,6918,40.46666666666667,40.115199999999994
626404,3727,114.905,104.8394
626406,6918,74.08166666666666,57.435300000000005
626407,3754,33.725,30.4626
626431,15598,38.843333333333334,18.381
626433,6580,48.05166666666666,50.0604
626459,37376,182.55,143.7189
626508,3754,31.833333333333332,26.1806
626539,6502,14.963333333333333,18.56
626584,6580,44.14833333333333,23.9057
626589,3494,156.63666666666668,158.69279999999998
626629,3727,18.751666666666665,18.909200000000002
626646,3523,115.13833333333334,84.5308
626652,6359,148.23166666666665,128.4622
626695,3494,105.97833333333332,100.7548
626713,30057,21.388333333333332,20.8783
626741,6918,54.19166666666667,45.591800000000006
626783,6919,35.711666666666666,29.555799999999998
626805,6919,23.243333333333332,18.851200000000002
626806,6502,16.715,15.325899999999999
626836,6502,54.64833333333333,56.256
626868,3523,103.91499999999999,76.6125
626892,6919,46.325,55.7052
626907,3494,85.33833333333334,82.9369
626965,6502,29.315,20.1274
649692,6502,51.91833333333333,63.7324
649715,3727,158.53333333333333,172.97220000000002
649757,6502,56.235,68.11189999999999
649796,8269,5.178333333333333,4.8892
649803,6919,47.16166666666666,57.5799
649829,6502,35.15333333333333,33.169
649843,6733,39.77333333333333,18.3213
649846,6502,48.165,48.030199999999994
649849,6919,58.781666666666666,65.2929
650025,4370,92.56,113.2993
650040,3523,88.61,110.1569
650075,4370,96.84333333333333,126.8065
650114,3754,20.315,12.8591
650115,3754,63.37833333333333,65.7897
651049,3727,118.41000000000001,129.7534
651050,3494,111.395,103.7837
651051,6732,276.0933333333333,313.0565
651069,6359,2.006666666666667,1.2415999999999998
651077,6359,1.1466666666666667,0.6259
651078,6359,1.9016666666666666,1.0979
651083,15835,2.558333333333333,1.2661
651085,6733,142.36666666666667,52.4635
651092,6352,68.47333333333333,35.4041
651167,10972,7.931666666666667,6.0737
651168,4317,2.65,1.841
651185,6732,83.98666666666666,96.21589999999999
651186,6732,69.08666666666666,78.3904
651188,6732,64.56333333333333,70.99419999999999
651242,11020,12.856666666666666,9.9314
651245,4370,29.421666666666667,30.7398
651246,4370,28.033333333333335,29.8487
651397,3727,40.92666666666666,29.784299999999998
651398,3523,15.695,13.839799999999999
651400,3523,74.425,70.0175
651401,3523,79.25833333333334,60.755199999999995
651402,3523,83.83166666666666,63.7623
651403,3523,89.52666666666667,92.0723
651713,4370,56.79833333333333,59.0114
651716,4370,23.41,15.5105
651966,6733,1.55,1.4915
651970,15598,38.608333333333334,17.865599999999997
651973,15598,1.4316666666666669,0.639
651976,6733,91.91666666666667,35.704699999999995
651977,6733,61.63666666666666,31.409599999999998
651980,6733,117.41000000000001,44.1735
651981,6733,52.39833333333333,36.2079
651993,6919,73.48,56.3031
651994,6919,37.43,30.7471
652165,3523,16.216666666666665,18.783099999999997
652166,3523,40.788333333333334,35.1127
652170,3727,178.915,212.6285
652334,6733,14.531666666666666,8.989700000000001
652335,6732,68.04833333333333,44.6962
652338,6502,117.02166666666668,76.0259
652470,8154,2.3800000000000003,0.9921
652472,3655,11.576666666666666,6.363899999999999
652473,3655,103.28666666666666,103.17760000000001
652474,3655,85.76666666666667,90.0458
652475,3523,65.315,49.6282
652476,3727,84.44,63.8025
652491,3727,2.5833333333333335,2.3494
652493,11775,31.65666666666667,30.958
652528,3754,37.065000000000005,36.273300000000006
652529,3792,14.979999999999999,14.9845
652530,3655,17.17,13.3932
652531,3770,76.27,53.873400000000004
652538,3523,91.86999999999999,113.38260000000001
652542,3523,102.36666666666666,122.6306
652670,4370,196.64,156.5039
652718,6732,76.02,55.564099999999996
652724,6502,64.45833333333333,48.475699999999996
652725,8269,145.70166666666668,100.0935
652729,6919,93.69333333333334,51.998400000000004
652730,6919,51.818333333333335,34.582
652731,6733,44.485,51.0219
652732,6352,57.693333333333335,36.3076
652734,6502,25.41,25.4912
652735,6502,74.705,80.1868
652757,6918,67.80666666666667,59.6222
652799,6919,74.61666666666666,53.002199999999995
652800,6502,152.38,77.2944
652922,6733,18.040000000000003,15.7784
652960,6359,111.28500000000001,91.549
653001,6733,75.47833333333332,45.780199999999994
653002,6732,65.79833333333333,74.44789999999999
653005,6732,30.71333333333333,31.999599999999997
653006,6733,26.416666666666668,25.4733
653007,6733,61.63666666666666,31.409599999999998
653008,6733,53.34166666666667,48.2716
653010,6733,54.144999999999996,36.933
653013,6733,77.07,64.0287
653016,6733,53.25833333333333,36.661699999999996
653018,6733,81.67666666666668,32.2983
653020,6733,68.32,28.3274
653024,6733,61.13666666666666,39.825
653028,6733,45.105000000000004,20.1174
653032,6919,37.391666666666666,30.7212
653034,6918,65.16,58.520900000000005
653035,6733,119.41666666666667,44.8393
653038,6733,53.63166666666667,57.9221
653039,6733,56.22166666666667,56.7851
653042,6733,22.83833333333333,21.2317
653043,6580,67.69166666666666,76.7372
653044,6733,106.33999999999999,40.496300000000005
653055,6580,26.976666666666667,33.533699999999996
653056,6502,85.30833333333334,81.8205
653062,6919,88.18,66.0781
653082,15598,52.193333333333335,23.9242
653089,6919,23.18166666666667,17.5365
653092,6733,61.440000000000005,61.1704
653101,15598,61.434999999999995,27.7284
653108,6732,64.70666666666666,48.7704
653109,6733,77.41333333333334,32.1022
653114,6732,59.32,46.9612
653125,6733,42.37833333333333,41.0109
653130,6502,128.58833333333334,98.8159
653134,6352,60.72833333333333,55.2528
653137,6352,13.343333333333334,7.7467
653140,6733,22.384999999999998,21.132
653144,6502,118.615,93.9933
653147,6352,16.68,11.6294
653149,8269,42.91833333333333,38.2697
653158,6352,32.24666666666666,36.9017
653162,6352,37.18666666666666,42.817
653166,6502,145.25166666666667,74.3373
653170,6733,71.765,29.7561
653173,6732,69.13000000000001,61.433699999999995
653186,6732,69.08666666666666,78.3904
653187,6359,105.32833333333333,85.7524
653188,6359,103.61,85.6227
653189,6733,30.4,24.3747
653193,6919,69.48,40.684
653201,6919,122.3,95.9413
653207,35125,77.33,62.2737
653251,30057,24.065,23.9387
653257,4370,134.24833333333333,144.8091
653514,3754,0.7566666666666666,0.5149
653589,8269,3.485,2.574
653631,3655,2.105,2.9074
653803,4370,103.89166666666667,117.0292
653841,3792,0.9,0.7489
653845,3770,106.675,68.107
653846,3494,166.91,161.5952
653897,23733,68.22666666666666,35.781
653900,3727,146.71666666666667,163.3876
653938,4370,45.3,44.214800000000004
654003,3655,39.36666666666667,28.67
654007,3792,28.971666666666668,14.9806
654010,3494,120.51333333333334,122.3874
654083,10972,11.229999999999999,11.4162
654130,6502,24.955,16.1033
654131,8269,42.190000000000005,45.411
654134,6919,63.525,68.279
654149,4370,33.525,34.3493
654151,4370,27.566666666666666,31.460900000000002
654156,4370,33.13666666666667,30.9478
654167,30057,101.65666666666667,100.0435
654189,4370,94.97833333333332,108.8689
654190,4370,91.42166666666667,105.2962
654199,4370,27.793333333333333,27.6843
654201,4370,23.063333333333333,20.871299999999998
654245,4370,86.13833333333334,109.9202
654258,4370,29.853333333333335,31.1822
654265,4370,27.235,26.877200000000002
654320,6732,337.12666666666667,338.3581
654529,30057,13.201666666666666,12.6677
654533,10972,10.428333333333335,10.4605
654543,10972,10.616666666666667,10.6793
654547,30057,100.57833333333333,99.6273
654562,30057,50.626666666666665,51.1623
654565,30057,41.5,34.192
654567,30057,21.688333333333333,21.716900000000003
654582,4370,126.51,137.7485
654583,4370,128.11666666666667,139.20729999999998
654595,4370,129.80333333333334,115.06160000000001
654596,4370,122.64333333333335,110.30460000000001
654598,4370,118.61166666666666,107.6225
654604,4370,51.24666666666667,53.975699999999996
654615,4370,8.908333333333333,7.6609
654634,6732,337.12666666666667,338.3581
654726,8269,77.61999999999999,79.7995
654731,6352,35.391666666666666,36.0154
654733,6359,154.96166666666667,131.2305
654735,8269,3.1383333333333336,1.9377
654742,6580,82.82,102.6344
654744,6580,56.38,75.892
654753,6580,23.515,28.3644
654754,6580,18.31833333333333,24.9193
654757,6580,27.384999999999998,34.045199999999994
654760,6580,85.45833333333333,71.066
654761,6580,42.080000000000005,47.9243
655001,6502,103.45,88.3996
655042,8269,17.35666666666667,10.8184
655099,6502,107.485,90.06530000000001
655110,6580,43.05333333333333,33.8188
655112,6580,37.09166666666667,42.5679
655113,6352,57.16166666666666,52.8828
655116,4370,11.615,9.5034
655118,4370,17.05,10.4443
655123,6732,31.293333333333333,27.6902
655124,6732,33.666666666666664,29.3678
655154,30057,22.46333333333333,21.2197
655177,4370,45.445,48.0039
655179,4370,50.29833333333333,52.5983
655196,6580,35.723333333333336,42.9786
655345,8154,4.89,1.8729
655346,37376,1.99,0.9198
655348,37376,2.83,1.3122
655365,10972,10.854999999999999,10.976899999999999
655462,3754,20.506666666666668,20.3737
655464,3655,8.595,9.541
655601,6502,111.605,71.5144
655626,6733,47.961666666666666,43.86
655628,4370,15.305,10.6567
655750,11775,5.4383333333333335,4.0071
655754,3494,23.85,26.2694
655826,30057,20.976666666666667,24.266
655828,4370,28.075,36.353
655888,6502,45.068333333333335,47.022800000000004
656027,3523,46.44833333333334,38.594
656028,3523,69.41833333333334,51.3399
656029,6919,17.195,17.379900000000003
656065,37376,68.70666666666666,42.743
656091,11775,21.601666666666667,23.6308
656107,37376,153.05499999999998,128.5266
656108,37376,139.98666666666668,119.5442
656112,37376,176.77,144.3341
656247,37376,152.81833333333333,117.2324
656256,3494,148.56,103.874
656315,3494,62.925,60.095800000000004
656328,37376,156.04833333333332,118.5723
656458,37376,150.15833333333333,122.6737
656654,3494,71.50500000000001,69.36489999999999
656665,3727,135.6,116.3094
656732,3523,58.62833333333333,35.6435
656933,4370,60.52833333333333,76.3906
657024,6732,322.4166666666667,323.90009999999995
657028,6732,342.48333333333335,324.2458
657140,8154,37.57166666666667,25.6844
657142,8154,31.038333333333334,23.318
657149,37376,175.19166666666666,139.0291
657155,37376,176.895,127.1611
657156,37376,177.215,127.7672
657158,37376,170.28333333333333,124.4902
657159,37376,178.71666666666667,128.7618
657162,37376,186.13666666666668,131.02439999999999
657200,6732,331.40999999999997,328.17179999999996
657221,37376,43.21333333333334,27.9605
657231,37376,73.42833333333333,44.7086
657266,37376,95.02666666666667,60.2121
657388,37376,104.33833333333334,90.2055
657395,37376,128.24833333333333,112.0175
657402,37376,107.11666666666666,86.19019999999999
657413,37376,150.58666666666667,122.8514
657535,4370,12.270000000000001,10.3641
659567,4370,58.335,57.902800000000006
661860,8154,46.138333333333335,40.692800000000005
661863,8154,56.461666666666666,39.1334
661864,8154,39.535,29.4026
661867,3494,23.771666666666665,15.0209
661881,37376,164.53,122.10239999999999
661890,3792,59.65833333333333,44.1396
661895,3754,145.73999999999998,139.3151
661902,3754,140.0,134.6887
661912,37376,205.04500000000002,172.8304
661913,37376,204.79,172.72560000000001
662002,11775,147.86499999999998,122.3913
662132,3523,123.66666666666667,123.721
662188,3727,123.33833333333334,75.6106
662189,3727,104.09833333333333,105.11630000000001
662319,3494,116.53500000000001,77.0561
662320,3727,153.23,129.9306
662321,3727,140.77333333333334,118.45939999999999
662323,3727,217.95666666666665,237.8565
662329,3727,145.20666666666665,162.3851
662330,3523,90.01833333333335,95.901
662334,3494,107.06833333333334,64.0303
662363,3727,244.16333333333333,179.4102
662364,3494,195.53,156.4143
662366,3494,185.59666666666666,155.8486
662367,3727,98.11999999999999,109.0345
662368,3727,99.41000000000001,114.60719999999999
662372,3655,80.51,79.32289999999999
662394,3727,212.51166666666668,232.861
662397,8154,71.26333333333334,48.503800000000005
662421,6502,11.66,13.505
662454,3727,13.528333333333334,5.9477
662455,3727,9.236666666666668,4.1654
662456,3727,5.819999999999999,8.1785
662461,3754,35.876666666666665,31.8826
662462,3754,42.105000000000004,36.1449
662466,3754,27.001666666666665,23.3093
662467,3754,35.78,27.5975
662468,8154,29.14333333333333,27.593
662474,3655,126.90833333333333,121.6175
662493,37376,188.60166666666666,163.8819
662498,3754,29.051666666666666,35.85
662508,3494,32.803333333333335,28.875400000000003
662510,3494,42.208333333333336,34.748400000000004
662548,3494,140.74666666666664,114.2347
662549,3494,98.57166666666667,60.547599999999996
662552,3494,288.23833333333334,218.132
662553,3727,272.31,214.99079999999998
662585,3727,199.85833333333332,149.27929999999998
662587,3727,199.85833333333332,149.27929999999998
662593,3727,194.50333333333336,147.0952
662594,3727,155.89333333333335,131.0362
662602,3770,55.940000000000005,40.447
662603,3727,58.19833333333334,52.942800000000005
662604,3727,127.54833333333333,81.6926
662608,3523,109.55166666666668,111.22160000000001
662609,3523,164.62333333333333,181.60989999999998
662615,3523,119.25833333333334,140.6467
662616,37376,69.845,44.409099999999995
662620,11775,41.35666666666667,29.6323
662625,37376,84.54833333333333,67.84989999999999
662631,37376,96.705,65.4789
662635,3494,78.55833333333334,57.51
662643,3494,16.108333333333334,18.186799999999998
662649,3494,111.59333333333333,79.99419999999999
662654,3494,41.40833333333333,31.545099999999998
662655,3494,41.55166666666666,31.7076
662658,3494,40.348333333333336,30.203799999999998
662664,3494,35.12,32.9373
662669,3494,33.00666666666667,32.1073
662672,3494,37.16833333333333,26.3469
662679,37376,140.21833333333333,116.66560000000001
662688,37376,131.74666666666667,112.2993
662696,37376,114.39,102.74910000000001
662710,37376,169.165,124.0272
662712,37376,160.13333333333333,141.56789999999998
662717,37376,160.57166666666666,144.26870000000002
662720,37376,152.66333333333333,138.81429999999997
662727,3494,147.45833333333334,119.4635
662734,3494,207.48333333333332,168.735
662738,3494,97.50666666666666,92.2133
662742,3494,202.175,165.035
662743,3494,229.10333333333335,182.8126
662745,3494,165.57999999999998,140.8755
662747,3494,144.77666666666667,127.0917
662752,3494,184.59666666666666,152.637
662755,3494,178.40166666666667,149.2188
662756,3494,169.99333333333334,142.0757
662757,3494,176.53833333333333,147.98260000000002
662759,3494,167.2,138.1368
662763,3727,164.97666666666666,128.5003
662767,3494,154.05499999999998,127.0
662768,3494,153.815,126.841
662771,3494,133.57333333333332,113.43639999999999
662782,3494,159.02833333333334,130.6081
662786,3494,181.41333333333333,152.50220000000002
662789,3494,167.83333333333334,139.0334
662790,3494,166.71666666666667,137.4518
662791,3494,167.78333333333333,138.961
662800,3494,117.44833333333332,105.50439999999999
662801,3494,118.94,106.1246
662802,3494,120.08833333333334,106.6014
662806,3494,111.56333333333333,103.05930000000001
662813,3494,104.98666666666666,72.6551
662826,3494,74.955,71.9723
662832,3494,84.87833333333333,82.74560000000001
662841,3727,117.16333333333334,131.6414
662847,3494,89.17166666666667,97.7654
662849,3727,85.31333333333333,98.9994
662862,3494,154.75,127.2439
662864,3494,144.77666666666667,127.0917
662865,3494,138.4633333333333,118.4298
662870,3494,110.19833333333332,102.48610000000001
662872,3494,178.56166666666667,145.0195
662876,3754,46.123333333333335,63.870400000000004
662884,3655,144.89833333333334,135.3591
662888,3655,328.2433333333333,213.0701
662893,3655,309.8833333333333,205.462
662904,3655,211.6,168.7618
662911,3655,31.928333333333335,26.7875
662913,3655,36.68833333333334,28.0645
662916,3655,33.28666666666667,28.095200000000002
662923,3655,22.326666666666664,22.2248
662935,3727,27.378333333333334,36.593
662939,3727,28.113333333333333,39.675
662943,3727,38.555,44.9551
662944,3727,22.618333333333332,31.908
662945,3727,19.221666666666668,27.0947
662949,3727,19.01833333333333,26.8019
662951,3727,29.983333333333334,35.0402
662953,3727,4.765,1.9703
662954,3727,4.568333333333333,6.4072
662959,3727,4.833333333333333,6.7219
662964,3727,5.698333333333333,8.0542
662972,3727,17.333333333333332,14.894
662977,3727,128.80166666666668,133.7306
662981,3727,113.57333333333332,123.5866
662984,3727,97.29333333333334,87.023
662985,3727,50.486666666666665,62.2696
662992,3727,69.24666666666667,92.663
662996,3727,47.79333333333333,59.3618
663012,3523,30.828333333333333,42.5403
663013,3523,33.08166666666667,43.3685
663016,3523,56.92333333333333,50.9512
663023,3523,40.568333333333335,44.1601
663024,3523,37.56166666666666,25.380200000000002
663040,3523,38.913333333333334,33.8917
663041,3523,31.05666666666667,28.6647
663042,3523,40.845,34.9558
663046,3523,63.60666666666667,61.6066
663049,3727,75.70166666666667,104.58460000000001
663050,3727,95.23333333333333,100.82
663065,3727,115.24166666666666,110.2718
663069,3727,123.20166666666667,120.4807
663074,3727,41.818333333333335,59.0396
663075,3727,95.85166666666667,102.2752
663076,3727,41.809999999999995,59.028400000000005
663078,3727,39.718333333333334,56.0717
663080,3727,132.05833333333334,117.21539999999999
663081,3727,120.025,127.87910000000001
663083,3727,116.77333333333333,125.7368
663084,3727,116.75166666666668,125.72210000000001
663096,3494,235.675,185.53979999999999
663099,3494,273.28499999999997,203.0046
663103,3494,225.26666666666668,177.5612
663113,3727,273.93833333333333,295.4544
663115,3727,272.655,294.9229
663122,3727,265.0683333333333,289.37559999999996
663133,3727,247.2133333333333,270.8247
663141,3727,259.07166666666666,281.226
663147,3727,286.695,303.38190000000003
663149,3727,296.005,306.3583
663152,3727,275.26,273.3658
663157,3727,256.7133333333333,280.9307
663160,3494,206.815,172.79979999999998
663161,3494,207.14,171.70329999999998
663162,3494,193.86333333333332,162.45770000000002
663172,3727,289.7083333333333,282.2524
663187,3494,282.9533333333333,218.7509
663204,3727,214.38666666666668,213.0967
663208,3727,182.95833333333334,193.5385
663211,3727,217.94333333333333,216.754
663214,3727,53.47166666666667,74.05189999999999
663215,3727,173.85333333333335,187.497
663216,3727,145.20333333333335,160.946
663220,3727,124.24499999999999,130.5782
663226,3727,175.22166666666666,188.411
663227,3727,245.965,252.6234
663230,3727,246.0883333333333,252.7211
663233,3494,280.43666666666667,225.4474
663247,3727,94.975,99.0465
663253,3727,114.26666666666667,111.8893
663260,3727,81.28333333333333,58.1813
663262,3727,73.74666666666667,55.0549
663265,3727,65.13833333333334,60.7963
663267,3727,67.06,52.2689
663270,3727,65.93333333333334,51.8018
663275,3727,60.25833333333333,49.4456
663279,3727,88.73833333333333,61.2772
663281,3727,83.63333333333334,59.1537
663284,3727,36.23166666666667,39.4801
663294,3727,34.01,38.2535
663299,3727,30.951666666666664,36.014900000000004
663302,3727,25.153333333333332,35.4605
663308,3727,18.301666666666666,25.7908
663316,3727,21.933333333333334,30.911
663331,3727,220.86833333333334,169.8281
663332,3727,278.73499999999996,201.8894
663350,3727,251.00666666666666,257.1314
663354,3727,213.70333333333335,227.5099
663355,3727,222.64666666666665,228.2775
663368,3727,158.39333333333335,127.22330000000001
663370,3727,196.25666666666666,143.3172
663373,3727,203.935,148.4119
663377,3727,225.80666666666667,162.1934
663389,3727,86.86,89.1876
663403,3727,114.905,104.8394
663405,3727,112.405,103.8357
663409,3727,132.57,112.2152
663416,3727,158.90833333333333,143.2076
663422,3727,71.70666666666666,78.86930000000001
663423,3727,72.195,79.4648
663426,3727,59.945,70.9561
663427,3727,70.80833333333334,78.37780000000001
663432,3727,66.05833333333334,73.4907
663441,3727,108.22,90.9708
663442,3727,97.43833333333333,86.4628
663445,3727,92.08666666666666,84.2983
663457,3727,117.615,77.5818
663461,3523,82.67,62.616699999999994
663465,3523,216.66833333333335,163.67020000000002
663466,3523,210.69833333333332,161.8202
663467,3523,210.665,161.7657
663480,3727,94.75666666666666,107.2923
663483,3727,91.02833333333334,103.3288
663485,3727,90.60666666666665,102.8806
663488,3727,123.5,128.1602
663495,3727,83.35166666666667,95.6364
663496,3727,83.37166666666667,95.6572
663506,3727,65.35333333333332,76.4418
663509,3727,62.781666666666666,74.6025
663511,3727,93.58500000000001,102.1447
663514,3523,1.3366666666666667,1.6129
663517,3523,110.61333333333333,57.257
663520,3727,69.71166666666666,73.42660000000001
663549,3494,82.35333333333332,90.3863
663556,3494,33.3,46.677800000000005
663565,3494,32.645,20.2975
663581,3494,36.54,23.8443
663583,3494,46.495,27.9175
663591,3494,95.14333333333335,61.5223
663605,3494,46.288333333333334,42.0994
663607,3494,47.016666666666666,42.886300000000006
663613,3494,47.39666666666667,43.2981
663625,3494,67.87666666666667,73.6777
663628,3494,44.27166666666667,57.9501
663637,3494,67.16666666666667,76.7552
663651,37376,227.77,182.2371
663652,37376,219.66666666666666,178.8761
663658,37376,205.12666666666667,172.8648
663670,3494,150.17000000000002,124.29939999999999
663673,37376,153.00833333333333,140.2009
663681,3494,90.00833333333334,71.4073
663786,3523,49.04333333333333,49.957
663791,3523,58.2,35.4646
663796,3523,55.68,34.4171
663797,3523,36.36333333333334,26.3857
663803,3523,11.123333333333333,12.5933
663804,3523,24.118333333333332,12.133700000000001
663807,3523,28.42,17.132099999999998
663825,3523,149.48,130.628
663832,3523,94.14166666666667,98.741
663857,3523,49.205000000000005,65.86110000000001
663866,3523,168.085,154.4871
663879,3523,82.86833333333334,63.155800000000006
663890,3523,64.79833333333333,49.8091
663900,3523,98.71833333333333,73.6717
663906,3523,80.78166666666667,61.7528
663910,3727,97.025,101.9262
663911,3523,116.28500000000001,81.9731
663919,3523,103.525,76.842
663923,3523,84.06,63.951
663924,3523,87.67166666666667,66.3576
663929,3523,152.88666666666668,170.9819
663947,3523,182.34,197.5179
663958,3523,70.89,90.6273
663959,3523,69.28666666666666,89.7338
663960,3494,143.325,146.9915
663963,3494,118.52,120.9452
663972,3727,119.945,133.82989999999998
663991,3494,10.928333333333335,15.0773
663999,3494,11.036666666666667,9.0175
664002,3494,98.20833333333333,96.36110000000001
664010,3494,86.0,94.0914
664025,3494,88.98833333333333,97.5662
664038,3494,81.51666666666667,65.76469999999999
664083,3494,95.35333333333332,86.4498
664088,3494,115.35833333333333,99.34960000000001
664092,3494,68.25333333333333,37.095
664094,3494,60.830000000000005,33.992599999999996
664099,3494,58.32,46.2859
664103,3494,67.10333333333332,42.2451
664109,3494,85.58333333333333,93.6495
664110,3494,100.56666666666666,103.7119
664114,3494,102.60166666666667,105.0665
664115,3494,102.05666666666666,104.70660000000001
664117,3494,104.18166666666666,106.1135
664132,3727,143.2,119.46560000000001
664134,3727,135.56833333333333,116.296
664138,3727,135.56833333333333,116.296
664140,3727,158.82999999999998,132.25779999999997
664147,3727,140.77333333333334,118.45939999999999
664151,3727,135.755,116.374
664154,3727,156.41333333333333,131.2523
664155,3727,135.6,116.3094
664159,3727,156.87333333333333,131.44310000000002
664164,3727,128.10166666666666,113.1899
664168,3727,158.82999999999998,132.25779999999997
664169,3727,158.82999999999998,132.25779999999997
664173,3727,158.82999999999998,132.25779999999997
664176,3727,158.82999999999998,132.25779999999997
664179,3727,158.82999999999998,132.25779999999997
664191,3727,115.565,112.7529
664198,3727,156.41333333333333,131.2523
664202,3727,158.82999999999998,132.25779999999997
664205,3727,157.82999999999998,131.842
664210,3727,158.82999999999998,132.25779999999997
664212,3727,158.82999999999998,132.25779999999997
664214,3727,158.82999999999998,132.25779999999997
664221,3727,156.54166666666666,131.3198
664223,3727,161.35333333333335,133.3236
664227,3727,183.35833333333332,142.5655
664228,3727,183.155,142.4292
664230,3727,195.29333333333335,147.4247
664241,3727,192.265,146.1637
664242,3727,178.03,140.25060000000002
664244,3727,191.42833333333334,147.9352
664245,3727,160.88,133.1267
664248,3523,18.95,25.7494
664254,3727,261.91833333333335,286.5017
664259,3523,83.91333333333334,63.7722
664273,3523,185.61,200.5005
664278,3523,99.72166666666666,102.45389999999999
664279,3523,97.19,98.719
664284,3523,144.03333333333333,103.5031
664288,3727,234.17000000000002,182.568
664304,6502,12.125,12.267
664307,6919,12.370000000000001,7.603800000000001
664311,6502,24.955,16.1033
664314,6502,3.5050000000000003,3.2386999999999997
664320,6502,45.71,39.160599999999995
664326,6502,152.42666666666668,77.3143
664327,6502,51.55833333333333,41.8157
664334,6502,89.81333333333333,65.5945
664340,6502,24.755,25.8785
664342,6502,23.291666666666668,24.3005
664345,6502,30.323333333333334,25.7883
664348,6502,17.158333333333335,17.6855
664349,6502,16.793333333333333,17.291900000000002
664351,6502,37.77166666666667,34.9778
664352,6502,15.588333333333333,14.2626
664362,6502,52.77833333333333,45.879400000000004
664365,6502,41.593333333333334,40.0926
664366,6502,50.218333333333334,45.7248
664372,6502,30.275,31.7125
664382,6359,83.75,76.8412
664387,6352,27.203333333333333,17.0167
664388,6352,17.290000000000003,10.714799999999999
664389,6352,36.38333333333333,38.7525
664394,6919,27.615000000000002,20.608400000000003
664396,6919,24.575,19.346700000000002
664400,6919,39.99666666666667,52.8145
664407,6919,102.67666666666668,68.3923
664411,6919,40.28666666666666,34.5238
664414,6919,14.996666666666666,17.27
664415,6919,87.99666666666667,48.4471
664418,6502,29.913333333333334,39.9576
664419,6502,31.3,41.454800000000006
664422,8269,64.88166666666667,51.3008
664430,6502,16.611666666666668,22.430799999999998
664433,6502,91.04666666666667,92.9153
664437,6502,41.318333333333335,52.2903
664438,6502,64.36999999999999,61.743300000000005
664439,6502,67.61666666666666,65.5958
664445,6502,50.906666666666666,62.6383
664446,6502,51.30833333333333,63.072
664450,6502,61.236666666666665,68.0137
664453,6502,56.70333333333333,68.9103
664454,6502,120.78999999999999,95.572
664457,6732,48.42833333333333,47.961
664461,6732,37.626666666666665,31.0797
664463,8269,6.3966666666666665,5.8164
664470,6918,40.46666666666667,40.115199999999994
664472,6359,154.96166666666667,131.2305
664473,6359,155.00666666666666,131.2608
664474,6359,181.04666666666665,147.7751
664481,8269,7.466666666666667,6.0053
664482,8269,3.83,2.7316
664484,6359,162.64,132.2871
664485,6502,121.545,95.21119999999999
664486,6502,121.545,95.21119999999999
664493,6580,39.195,45.971
664495,6580,19.759999999999998,26.0898
664496,6580,29.328333333333333,24.439
664583,3727,62.35333333333333,74.17739999999999
664585,3523,61.51166666666666,58.5765
664587,3523,94.31833333333334,50.485699999999994
664590,3523,113.13833333333334,58.3083
664591,3523,58.215,55.573
665985,3727,158.75166666666667,201.3161
666124,3494,37.94666666666667,35.3385
666127,3494,29.78666666666667,36.9688
666131,3494,33.01,33.2894
668223,3727,3.5766666666666667,4.0533
668224,3727,8.055,3.3404000000000003
668225,3727,4.993333333333334,2.0652
668227,3727,12.875,7.6756
668228,3727,3.466666666666667,3.7658
672910,3494,22.058333333333334,30.818900000000003
672912,3494,22.73166666666667,31.7763
672914,3494,71.78,54.4242
672916,3494,17.884999999999998,23.8164
672918,3494,24.878333333333334,34.807300000000005
673601,6919,85.58500000000001,61.297
673608,6919,25.091666666666665,18.875
673613,3727,48.961666666666666,57.0623
673614,3727,36.335,39.5225
673616,3727,88.65166666666667,61.2413
673617,3727,79.74666666666667,57.5373
674014,3494,150.59166666666667,121.95089999999999
674015,3494,48.919999999999995,33.0208
674018,3727,114.57666666666667,112.0954
674156,3655,19.30666666666667,9.5587
674162,3754,80.26833333333335,91.5935
674275,3494,165.35166666666666,140.7247
674280,3494,101.58833333333334,94.38210000000001
674289,3523,101.63833333333334,53.5214
674292,3523,93.09666666666666,49.979
674298,3523,69.475,40.1492
674433,3727,118.07333333333332,116.9434
674585,6918,10.354999999999999,11.9359
674587,6919,61.49666666666667,41.2989
674591,6919,35.711666666666666,29.555799999999998
674592,6919,54.093333333333334,38.221599999999995
674621,6580,74.53,82.38969999999999
674637,3494,71.61,69.4782
674643,3494,70.65333333333334,68.4427
674650,3727,158.82999999999998,132.25779999999997
674652,3727,186.97333333333333,143.9617
674665,3754,96.70166666666667,97.4496
674668,3754,88.68166666666666,95.08239999999999
674675,3727,37.22666666666667,52.5167
674676,3727,29.043333333333333,40.9315
674682,3727,129.41833333333335,124.74289999999999
674684,3727,126.325,132.0846
674737,6502,51.96,59.050599999999996
674789,6502,45.873333333333335,57.205400000000004
674948,3727,84.58999999999999,82.881
675029,6919,32.96,22.825400000000002
675032,6502,66.56833333333333,64.8473
675132,3727,152.345,124.7625
675136,3727,158.39333333333335,127.22330000000001
675158,3727,105.30166666666668,120.26960000000001
675163,3727,123.57333333333332,130.0036
675166,3727,96.02666666666667,94.8203
675169,3727,110.325,121.4229
675209,3727,89.84166666666667,61.7374
675212,3727,78.73666666666666,90.8009
675232,3727,51.690000000000005,45.8467
675351,3494,153.69500000000002,124.01310000000001
675353,3494,156.63500000000002,125.6524
675375,3727,103.685,67.48780000000001
675381,3727,84.04333333333334,82.5986
675538,6919,73.75166666666668,56.488
675551,6580,21.803333333333335,16.9456
675622,3727,82.35166666666667,58.620400000000004
675628,3727,71.44666666666667,54.0896
675629,3727,94.71000000000001,63.7625
675734,3727,60.125,71.4958
675735,3727,24.38,30.2769
675736,3727,17.995,25.3627
675739,3727,21.53666666666667,30.3457
675816,6502,17.40666666666667,18.2701
675817,6502,17.983333333333334,20.5695
675848,3523,112.93,111.2432
675852,3523,47.34166666666667,57.976099999999995
675853,3523,47.245,54.450300000000006
675873,3523,149.61166666666668,142.1923
675875,3523,189.57666666666668,181.1595
675882,3523,193.05,171.124
675933,3727,87.94833333333332,60.9506
675939,3727,56.13333333333333,47.6984
675944,3727,76.39666666666668,56.1475
676124,3523,163.8,134.7544
676387,6502,20.735,18.7837
676498,3727,79.00333333333333,100.609
676501,3727,70.36166666666666,98.95639999999999
676503,3727,114.095,123.4202
676506,3727,114.07333333333332,123.4111
676531,3523,19.403333333333332,26.3893
676574,8269,8.585,9.4192
676627,3727,114.07333333333332,123.4111
676655,3494,280.405,205.95860000000002
676660,3523,75.04333333333334,52.036199999999994
676661,3523,61.8,48.7545
676726,6919,26.14,30.5084
676730,6502,4.84,5.1147
676769,6359,63.776666666666664,51.881
676828,3494,84.98666666666666,54.7772
676830,3727,66.68833333333333,52.1149
676897,3523,154.1,125.97439999999999
676901,3523,103.00500000000001,92.05460000000001
677005,6733,38.86,32.3425
677007,6352,14.661666666666667,8.9643
677024,37376,131.74666666666667,112.2993
677047,6502,31.26833333333333,41.4204
677048,6502,40.44666666666667,45.881800000000005
677092,37376,88.75666666666666,72.68839999999999
677113,3727,123.57333333333332,130.0036
677118,3494,98.68833333333333,68.4828
677122,3494,104.45,72.1537
677143,3727,114.58,112.0972
677144,3727,88.78833333333334,61.298
677148,3727,94.12333333333332,101.0192
677153,3727,87.99333333333334,60.9679
677192,23733,28.765,17.2997
677193,23733,19.016666666666666,8.1293
677294,6502,28.296666666666667,38.912800000000004
677300,6502,34.93,43.3159
677314,3523,208.12,218.8704
677319,3523,189.60666666666665,204.1687
677320,3523,191.68833333333333,206.0762
677321,3523,194.83333333333334,203.75289999999998
677344,6502,77.08999999999999,74.42869999999999
677357,11775,120.145,105.5184
677372,3494,54.45,36.4175
677379,3494,18.458333333333332,17.6352
677413,3727,256.51666666666665,265.3895
677416,3494,250.59,198.986
677422,3494,256.59666666666664,202.286
677436,3727,127.37166666666667,132.28070000000002
677440,3727,125.11666666666666,126.9495
677534,35125,52.913333333333334,41.1366
677581,3494,137.91833333333335,128.6585
677589,3494,146.3383333333333,134.0962
677692,3727,89.14333333333335,61.4465
677696,3494,155.14833333333334,124.60560000000001
677787,6502,110.79166666666667,90.7348
677788,6502,78.75833333333334,74.8107
677914,3727,198.925,204.1832
677937,3523,164.95,152.4027
677942,3523,66.315,52.227599999999995
677959,3494,78.24666666666667,58.066
678027,37376,144.08166666666665,132.24689999999998
678030,37376,165.725,141.20829999999998
678073,6732,28.621666666666666,18.0393
678100,6580,608.9283333333333,359.3553
678104,6502,27.90666666666667,37.7965
678105,6502,32.08,42.3106
678107,3727,174.01000000000002,187.6018
678145,3727,147.63500000000002,163.99710000000002
678146,3727,148.735,137.43710000000002
678268,3727,129.97,133.35670000000002
678269,3727,123.00166666666668,129.7551
678270,3494,62.519999999999996,59.654199999999996
678271,3494,60.626666666666665,57.6009
678298,3523,93.385,70.0788
678338,3523,106.76833333333335,78.9832
678341,3523,53.50833333333333,50.402699999999996
678414,4370,50.30166666666666,49.9803
678529,6732,31.293333333333333,27.6902
678569,3494,106.14,81.788
678571,3494,47.105000000000004,42.9819
678572,3494,50.401666666666664,44.586
678574,3494,37.4,18.2447
678591,3727,66.64333333333333,75.8249
678599,6502,31.11,40.5174
678665,6502,30.313333333333333,40.3895
678677,6919,29.133333333333333,22.975
678679,6919,50.2,36.722199999999994
678716,3727,83.40333333333334,95.69069999999999
678717,3727,83.37166666666667,95.6572
678719,3727,83.40333333333334,95.69069999999999
678720,3523,88.705,67.0463
678746,3523,121.80166666666668,127.324
678851,3727,108.12833333333333,111.5232
678855,3727,65.105,78.0138
678857,3727,95.49666666666667,94.6515
678870,3727,147.515,151.1097
678871,3727,147.41833333333335,151.0696
678878,3727,147.515,151.1097
679059,6919,47.29333333333333,38.423
679110,3494,155.79333333333335,125.3506
679122,3727,26.673333333333336,34.775800000000004
679165,6502,14.566666666666666,17.1189
679214,3727,5.836666666666667,8.2515
679215,3727,7.371666666666667,8.2854
679217,3727,35.22833333333333,40.6174
679234,37376,171.05333333333334,137.3092
679244,37376,184.07666666666668,144.3522
679251,3727,203.37333333333333,224.5039
679252,3727,229.04166666666666,163.5334
679445,3523,64.44,50.356300000000005
679447,3727,90.41166666666666,97.53269999999999
679455,3727,123.5,128.1602
679591,3727,42.01166666666666,46.281099999999995
679620,37376,155.08333333333334,129.887
679623,3494,138.84666666666666,111.2889
679633,3727,14.756666666666666,20.796799999999998
679641,3727,116.68333333333334,77.18130000000001
679642,3727,177.71166666666667,157.63420000000002
679653,3523,74.97833333333332,52.009
679658,3523,74.145,51.6634
679661,3523,97.76666666666667,72.876
679663,3727,93.24333333333334,103.6822
679667,3727,79.67333333333333,92.7765
679672,3727,90.87166666666667,103.1616
680006,3727,115.565,112.7529
680009,3727,156.41333333333333,131.2523
680021,3523,70.46499999999999,54.3634
680026,3523,193.99666666666664,150.90789999999998
680030,3727,147.53833333333333,141.8664
680046,3727,163.65333333333334,206.6695
680051,3727,148.14666666666665,194.05110000000002
680071,3727,139.21,86.5443
680114,3727,154.17666666666668,141.0157
680115,3727,137.19666666666666,186.2608
680462,4370,139.025,97.0305
680463,4370,137.36499999999998,96.3615
680464,4370,89.98333333333333,111.61460000000001
680649,4370,33.88,31.5774
680652,10972,4.97,3.1915
680968,3727,74.44833333333332,55.333800000000004
680969,3727,103.33166666666666,116.285
680976,3727,118.14333333333335,165.11020000000002
680989,3494,192.35833333333332,161.24960000000002
680992,3494,194.14833333333334,155.4926
680994,3655,184.255,153.2502
680997,3523,16.418333333333333,16.7402
680998,3523,13.918333333333333,16.937900000000003
680999,3494,256.5566666666667,202.942
681001,3727,276.97833333333335,219.2621
681003,3494,210.87666666666667,176.0517
681025,3727,103.43833333333333,88.98519999999999
681026,3523,70.18833333333333,54.1788
681033,3494,70.99333333333334,54.0994
681039,6919,88.18,66.0781
681055,3727,242.70499999999998,178.7848
681059,6352,18.866666666666667,11.6781
681064,6502,114.82666666666667,67.80160000000001
681065,6502,100.71166666666666,61.949400000000004
681066,6502,105.72833333333332,64.0262
681067,6919,111.275,89.9097
681068,6919,86.25500000000001,59.644
681069,6919,88.18,66.0781
681071,6502,186.74333333333334,104.9517
681080,6919,40.28666666666666,34.5238
681083,6502,30.348333333333336,28.7773
681089,8269,8.01,6.3659
681091,6580,44.684999999999995,46.0192
681727,3494,18.373333333333335,25.577599999999997
681849,3727,34.48166666666667,48.64
681877,3494,121.46166666666666,106.2123
681936,6919,52.17833333333333,29.601599999999998
682066,6732,69.08666666666666,78.3904
682114,3494,66.35333333333332,75.78880000000001
682115,3494,175.91333333333333,136.96429999999998
682117,6359,113.49333333333334,92.47439999999999
682222,3655,102.61833333333334,102.39489999999999
682316,3754,71.105,68.35260000000001
682333,6502,106.435,58.200300000000006
682356,4370,196.86166666666668,156.569
682370,6502,112.75333333333333,60.830400000000004
682653,11775,71.02833333333334,43.0385
682715,6919,45.845,56.7051
682736,6502,102.17166666666667,90.44069999999999
682748,6580,55.04333333333333,48.247800000000005
682805,8269,107.29333333333334,87.2205
682868,3754,38.88,39.1652
682913,6580,27.645,38.0831
682923,6733,71.67166666666667,44.2028
682934,6733,41.218333333333334,47.5011
682952,6502,18.058333333333334,16.7833
682988,6502,89.61,64.2118
683038,10972,16.07,15.8215
683061,4370,29.171666666666667,27.407
683062,4370,19.016666666666666,22.5307
683067,4370,25.471666666666668,31.103
683068,4370,29.058333333333334,33.5825
683118,4370,89.41000000000001,110.48830000000001
683119,30057,28.83833333333333,35.893699999999995
683211,4370,15.7,18.2988
683212,4370,18.478333333333335,19.6328
683213,4370,51.48833333333334,69.2035
683254,30057,33.998333333333335,38.2292
683319,30057,23.485,19.3732
683320,30057,22.351666666666667,18.991799999999998
683321,4370,23.136666666666667,24.4866
683322,30057,24.473333333333336,19.8639
683324,4370,52.416666666666664,51.725300000000004
683327,4370,22.296666666666667,23.9931
683397,3754,79.81833333333334,74.08030000000001
683405,30057,70.295,77.1317
683465,6732,82.88666666666667,58.3675
683577,4370,49.83833333333334,49.7865
683584,30057,12.82,7.0782
683585,30057,12.82,7.0782
683586,4370,81.31,102.1208
683616,3754,23.505,33.1826
683794,37376,55.55166666666666,35.6163
683795,3770,4.008333333333334,1.8637000000000001
683798,3655,0.9966666666666666,0.5546
683799,3655,1.8883333333333332,0.7643
683800,3655,2.7449999999999997,1.9875
683801,3655,2.115,1.828
683827,8154,6.581666666666666,2.4606
683828,6733,22.76833333333333,24.3025
683829,37376,2.038333333333333,1.0023
683850,6580,45.77833333333333,45.433
683903,8269,118.67166666666667,91.77560000000001
683946,3523,12.828333333333335,16.227
683975,3523,210.49833333333333,161.72310000000002
683977,6502,134.85333333333332,80.8721
683979,3727,21.748333333333335,29.1822
684000,3727,21.433333333333334,29.0499
684044,11775,9.348333333333333,6.2795
684081,6502,84.14166666666667,63.207699999999996
684082,8269,5.265,2.6742
684128,6919,88.18,66.0781
684146,4370,29.46333333333333,33.283
684205,4370,88.16666666666667,114.1258
685941,35125,52.745,38.884699999999995
685944,35125,54.67666666666666,34.9007
685950,11775,37.65,38.9036
685951,3494,66.67166666666667,37.9371
685953,3494,48.406666666666666,29.83
685955,3494,143.67333333333332,105.0635
685973,11775,76.15,46.4456
685976,3494,77.81166666666667,57.2243
685987,35125,7.203333333333333,3.431
685990,3494,12.901666666666667,9.038200000000002
685998,37376,138.085,126.2802
685999,37376,178.41833333333335,127.86460000000001
686001,3494,137.59333333333333,110.267
686004,3494,155.32166666666666,124.7222
686016,3494,153.6,127.2317
686017,3494,157.77666666666667,129.9403
686022,3494,107.33833333333334,97.4399
686023,3494,112.10833333333333,99.97319999999999
686035,3494,165.55666666666667,135.80939999999998
686036,3494,159.72833333333335,131.0849
686041,3727,163.75666666666666,127.9955
686042,3727,165.12,128.5601
686043,3494,91.075,88.79860000000001
686056,3727,106.68333333333334,112.51289999999999
686058,3727,97.02,111.46419999999999
686062,3727,99.96333333333334,109.7195
686065,3727,115.08999999999999,116.009
686068,3494,108.75,103.7863
686072,3655,3.2583333333333333,2.0693
686076,3655,7.026666666666667,5.714899999999999
686085,3770,11.756666666666666,12.7105
686087,3770,100.17,65.4071
686091,3655,62.86666666666667,62.159
686096,3754,45.86333333333334,63.631
686097,3754,47.03666666666666,66.4438
686099,3792,56.718333333333334,38.4285
686101,3655,211.36833333333334,168.6089
686106,3655,229.395,171.9987
686109,3655,44.28666666666666,44.748400000000004
686114,3792,2.378333333333333,1.2181
686121,3792,45.766666666666666,34.9092
686124,3792,37.135,25.750700000000002
686132,3754,71.94,63.1054
686133,3754,71.22,62.8069
686153,3727,18.831666666666667,26.619400000000002
686157,3727,32.434999999999995,42.7868
686159,3727,24.256666666666668,34.189699999999995
686162,3727,15.308333333333334,21.554599999999997
686164,3727,5.2283333333333335,7.344600000000001
686168,3727,129.90833333333333,125.9593
686170,3727,129.41833333333335,124.74289999999999
686177,3727,70.91499999999999,93.3574
686178,3727,65.81666666666666,90.3702
686183,3727,91.42166666666667,101.8131
686186,3727,256.51666666666665,265.3895
686189,3494,203.8383333333333,170.326
686190,3494,232.52833333333334,187.02360000000002
686192,3727,288.06166666666667,281.1551
686193,3727,213.68833333333333,227.49579999999997
686194,3727,286.35999999999996,280.02509999999995
686207,3727,105.13000000000001,112.8343
686216,3727,121.65333333333334,74.9093
686219,3727,26.296666666666667,33.311699999999995
686221,3727,50.885,45.561099999999996
686223,3727,59.825,49.2663
686226,3727,62.781666666666666,59.815400000000004
686230,3727,27.375,31.5247
686237,3727,56.22166666666667,47.7355
686238,3727,27.375,31.5247
686245,3727,114.61166666666666,112.11880000000001
686246,3727,99.29833333333333,101.2111
686247,3727,92.91833333333334,100.2195
686249,3727,115.725,112.8595
686252,3727,79.055,57.2491
686256,3727,285.375,204.5994
686257,3727,223.03166666666667,215.41410000000002
686260,3727,201.33666666666667,222.6383
686273,3727,111.265,92.23519999999999
686274,3727,112.435,92.7564
686283,3727,158.82999999999998,132.25779999999997
686284,3727,183.61499999999998,142.7343
686285,3727,158.82999999999998,132.25779999999997
686291,3727,140.77333333333334,118.45939999999999
686298,3727,122.11166666666666,112.279
686300,3727,142.77,126.2821
686301,3727,127.675,128.6551
686315,3727,78.11166666666666,90.0451
686324,3523,45.155,45.212900000000005
686325,3523,44.34666666666667,44.6774
686332,3523,21.34,18.0424
686339,3523,37.91,39.662699999999994
686347,3523,35.86666666666667,37.983
686350,3523,168.95666666666665,155.0608
686351,3727,179.15333333333334,191.3616
686354,3727,187.51166666666668,194.80579999999998
686356,3727,177.95666666666665,183.4921
686359,3523,48.651666666666664,58.3153
686360,3523,121.83666666666666,106.1502
686365,3523,123.90833333333333,108.7176
686366,3523,112.40666666666667,101.25739999999999
686369,3523,47.43833333333334,49.970699999999994
686379,3523,53.50833333333333,50.402699999999996
686380,3523,90.43166666666666,68.27069999999999
686391,3727,116.67333333333333,163.0314
686394,3727,147.315,164.4108
686399,3727,158.97166666666666,176.9806
686404,3727,149.23833333333332,147.31279999999998
686407,3494,97.365,98.44510000000001
686408,3494,99.08999999999999,99.16080000000001
686412,3494,124.35833333333333,119.1135
686417,3494,11.553333333333335,13.482700000000001
686419,3494,13.381666666666666,14.2424
686424,3494,85.01,53.9846
686431,3494,97.47166666666666,74.1199
686433,3494,95.27333333333333,73.1067
688895,30057,48.77166666666667,65.0181
688898,10972,6.753333333333333,5.1785
688899,10972,5.878333333333333,4.2758
688901,30057,31.908333333333335,35.2506
688905,10972,13.285,12.383899999999999
688909,30057,155.4633333333333,148.1908
688920,30057,14.05,12.616
688923,10972,19.235,12.975700000000002
688927,30057,56.32,60.0088
688929,30057,28.608333333333334,32.980599999999995
688930,30057,23.64,29.461299999999998
688945,4370,135.435,118.7793
688951,4370,140.09833333333333,121.9327
688953,4370,137.49333333333334,120.2559
688973,4370,34.55833333333333,43.101099999999995
688983,4370,19.353333333333335,17.6695
689000,4370,96.64666666666668,127.1832
689002,4370,74.14333333333335,95.1375
689003,4370,79.52833333333334,103.4922
689004,4370,68.86166666666666,93.11160000000001
689011,4370,23.441666666666666,29.818900000000003
689027,4370,23.138333333333332,24.3353
691385,15598,34.47,16.1388
691387,6732,96.07166666666667,49.868
691388,23733,24.084999999999997,15.504299999999999
691391,6732,69.08666666666666,78.3904
691393,6733,55.25333333333333,23.517
691396,6733,55.126666666666665,24.286900000000003
691400,6733,42.585,26.1247
691401,6733,56.04333333333333,37.711800000000004
691403,6733,50.19666666666667,35.2836
691409,6733,37.39666666666667,38.3512
691411,6502,6.291666666666667,3.7705
691413,6502,18.23166666666667,17.2795
691415,6502,4.583333333333333,4.1212
691429,6502,93.31,85.1044
691430,6502,99.11166666666666,69.3977
691431,6502,135.54833333333332,83.6875
691432,6502,84.88166666666666,63.543
691441,6919,34.22166666666667,23.6639
691443,6919,32.986666666666665,22.8424
691444,6919,32.986666666666665,22.8424
691445,6919,33.138333333333335,22.9441
691452,6919,52.17833333333333,29.601599999999998
691459,6919,34.22166666666667,23.6639
691463,6502,64.25166666666667,48.3901
691466,6502,22.886666666666667,23.8617
691469,6502,30.62,27.1572
691472,8269,68.67166666666667,68.1767
691477,6502,56.74,60.226800000000004
691482,6733,113.185,43.7191
691487,8269,74.67833333333333,76.4848
691489,6502,54.141666666666666,53.4953
691490,6502,47.76833333333333,47.6664
691495,6502,52.309999999999995,51.8204
691496,6502,39.63666666666666,40.2606
691499,6502,71.61,69.4322
691504,8269,112.99499999999999,89.114
691506,6502,99.54166666666667,66.1642
691511,6502,68.565,66.1863
691516,6502,39.965,27.4975
691523,6733,40.041666666666664,46.7744
691525,6733,61.65333333333333,64.59309999999999
691528,6733,91.46166666666666,73.6157
691531,6359,103.63166666666666,85.632
691537,8269,12.303333333333335,13.3773
691539,6352,13.308333333333334,8.5182
691553,6919,120.73333333333333,95.29169999999999
691556,6919,48.693333333333335,39.772400000000005
691564,6919,27.861666666666668,27.9049
691565,6919,54.13,38.237
691571,6919,60.59166666666667,40.9234
691590,6502,52.00833333333333,63.8301
691591,6502,52.025,63.8495
691598,6732,31.293333333333333,27.6902
691599,6732,50.73833333333334,36.3573
691600,6732,31.293333333333333,27.6902
691604,6732,38.583333333333336,35.2755
691607,6732,69.08666666666666,78.3904
691620,6359,181.04666666666665,147.7751
691626,6359,152.37166666666664,129.5097
691627,6359,153.9633333333333,130.5674
691628,6359,145.37666666666667,126.0204
691630,6359,138.62333333333333,120.5126
691632,6359,141.56333333333333,122.3306
691634,6359,134.69833333333332,116.915
691638,6918,21.134999999999998,23.056
691639,27733,16.851666666666667,11.9813
691650,6918,72.55166666666668,62.5621
691651,6918,71.96166666666666,62.3164
691652,6918,22.015,23.2525
691657,6580,5.528333333333333,6.7875
691661,6580,46.64,50.2902
691663,6580,27.966666666666665,35.4454
691667,6580,45.64,48.0792
691672,6580,62.166666666666664,54.8771
691674,6580,31.728333333333335,31.4307
691678,6580,71.68333333333334,54.8738
691680,6580,13.229999999999999,17.7282
692160,11775,45.38333333333333,44.641
692161,8154,28.334999999999997,21.932299999999998
692171,3655,16.858333333333334,16.3178
692177,3727,123.57166666666667,130.0025
692180,3523,37.74,45.2596
692183,3727,118.2,126.692
692184,3727,295.93833333333333,306.331
692189,3727,283.51500000000004,299.4328
692193,3727,264.275,195.9216
692195,3727,114.62166666666667,104.75710000000001
692207,3523,148.86499999999998,139.7896
692213,3494,110.10666666666665,102.46910000000001
692444,4370,68.03833333333334,92.4676
