CODCP,facilidad_mas_cercana_car,duracion_min_car,distancia_km_car,facilidad_mas_cercana_foot,duracion_min_foot,distancia_km_foot,facilidad_mas_cercana_bike,duracion_min_bike,distancia_km_bike,mismo_hospital_car_foot,ratio_foot_car,ratio_bike_car
110001,4370,92.075,119.67360000000001,4370.0,1531.995,127.21039999999999,4370.0,986.4383333333334,141.2929,True,16.638555525386913,10.71342202914291
110003,4370,69.595,79.15310000000001,4370.0,1554.1966666666667,129.1675,30057.0,968.25,155.1311,True,22.33201618890246,13.912637402112221
110042,3494,32.695,32.9022,3494.0,427.1566666666667,32.2595,3494.0,168.75333333333336,40.1716,True,13.064892695111384,5.161441606769639
110047,4370,8.875,5.7027,4370.0,101.37666666666668,8.4354,4370.0,65.585,8.4354,True,11.422723004694838,7.389859154929577
110085,3727,156.725,131.3816,3494.0,2067.445,171.84120000000001,3494.0,971.9,184.8464,False,13.191545701068753,6.201308023608231
110096,3494,162.285,126.0612,11775.0,1373.32,114.1682,11775.0,620.34,115.0154,False,8.462396401392612,3.822534430169147
110131,3727,265.1166666666667,196.28910000000002,3494.0,2875.8316666666665,239.07229999999998,3494.0,1385.2933333333335,258.5785,False,10.847419375117871,5.225221600553216
110144,3494,154.81833333333333,157.822,3494.0,1568.7516666666668,130.4521,3494.0,621.9066666666666,150.1533,True,10.132854636078847,4.017009182805654
110152,3494,31.825,44.4435,3494.0,509.14666666666665,42.3406,3494.0,170.45499999999998,42.3406,True,15.998324168630532,5.356009426551453
110168,4370,79.78833333333334,76.774,4370.0,1525.2133333333334,126.7596,30057.0,958.7016666666666,152.7519,True,19.11574373864182,12.015562007812335
110184,3727,158.20333333333335,208.53879999999998,3494.0,1893.0733333333333,157.444,3494.0,648.5933333333334,157.60389999999998,False,11.966077410926864,4.099745053833674
110190,4370,18.31833333333333,22.4331,4370.0,366.77000000000004,30.4632,30057.0,169.895,41.8753,True,20.022018014739338,9.274588299517788
110210,3494,164.75666666666666,165.4448,3494.0,1621.0583333333334,134.8063,3494.0,671.4016666666666,157.817,True,9.839106156554111,4.075110769417525
110213,3494,15.75,10.834700000000002,3494.0,115.705,9.6172,3494.0,84.75666666666666,9.6172,True,7.346349206349206,5.381375661375661
110248,3494,168.63,168.0156,3494.0,1936.1916666666666,161.00029999999998,3494.0,662.0400000000001,161.36610000000002,True,11.48189329696179,3.925991816402776
110250,8269,7.958333333333333,8.0946,6352.0,125.46333333333334,10.4342,6352.0,65.305,11.56,False,15.765026178010473,8.205863874345551
110257,3727,78.325,56.9453,3494.0,2211.805,183.8328,3494.0,868.4733333333334,196.8379,False,28.23881263964251,11.088073199276518
110272,3523,158.48333333333332,136.6105,3523.0,1562.6850000000002,129.9517,3523.0,524.7266666666667,129.954,True,9.860248185929121,3.3109264906930282
110289,3655,13.465,11.9139,3655.0,115.365,9.591299999999999,3655.0,44.190000000000005,9.671700000000001,True,8.567768288154474,3.281841812105459
110320,4370,80.24,98.87780000000001,4370.0,1414.6433333333334,117.508,4370.0,856.31,121.5828,True,17.630151213027585,10.671859421734796
110325,4370,146.02833333333334,155.55870000000002,4370.0,1656.1233333333332,137.70870000000002,30057.0,906.0716666666667,140.748,True,11.341109602017871,6.204766198340505
110329,6732,54.79333333333333,44.2181,6732.0,509.4266666666666,42.3231,6732.0,189.24833333333333,42.3231,True,9.297238106825647,3.4538569168998663
110382,37376,59.519999999999996,40.584199999999996,11775.0,427.4,35.5206,11775.0,149.77833333333334,35.6169,False,7.180779569892473,2.516437051971326
110448,3727,286.64666666666665,303.3999,11775.0,3913.2033333333334,325.39959999999996,11775.0,2003.7333333333333,357.013,False,13.651661743842595,6.990255134079122
110487,4370,59.61,73.21539999999999,4370.0,1017.5699999999999,84.51389999999999,30057.0,684.87,110.1927,True,17.07045797684952,11.489179667840967
110515,3523,118.48,139.6233,3523.0,1534.1683333333335,127.5514,3523.0,512.58,127.55980000000001,True,12.948753657438669,4.326299797434166
110532,37376,58.425,37.5711,8154.0,427.77833333333336,35.5553,11775.0,165.63166666666666,39.6162,False,7.321837113107974,2.834945086292968
110563,3523,35.736666666666665,49.531400000000005,3523.0,1016.83,84.5365,3523.0,434.97,84.5857,True,28.453409196903277,12.171532506296057
110568,3494,259.84666666666664,205.0081,3494.0,3140.1933333333336,261.0598,3494.0,1474.9616666666666,280.5915,True,12.084793596223417,5.67627703517459
110587,8154,26.06,20.6238,35125.0,413.8366666666667,34.3995,3655.0,180.38333333333333,39.9955,False,15.88014837554362,6.9218470196981325
110612,3727,57.845,77.48689999999999,3494.0,2590.45,215.3905,3494.0,910.3583333333333,216.05079999999998,False,44.78260869565217,15.73789149162993
110638,11775,110.61,96.63889999999999,35125.0,1130.7483333333332,93.9881,35125.0,583.91,94.985,False,10.222840008438055,5.27899828225296
110642,3494,8.105,10.786299999999999,3494.0,129.69,10.786299999999999,3494.0,43.541666666666664,10.786299999999999,True,16.00123380629241,5.3721982315443135
110683,3494,93.71499999999999,102.6199,3494.0,1117.8016666666667,92.9102,3494.0,373.81,93.11810000000001,True,11.927670774867064,3.988795817105053
110689,23733,3.7150000000000003,2.4239,23733.0,29.09,2.4239,23733.0,10.036666666666667,2.4239,True,7.830417227456258,2.7016599371915655
110699,3792,29.19333333333333,26.977700000000002,3792.0,313.2433333333333,26.0362,3792.0,123.295,30.467599999999997,True,10.729961178351221,4.223395752454898
110732,3727,195.25,142.5711,3494.0,2554.6183333333333,212.367,3494.0,1240.9,230.5779,False,13.083832693128468,6.355441741357235
110759,3494,156.76833333333335,154.3861,3494.0,1762.4116666666666,146.5576,3494.0,595.4833333333333,146.7174,True,11.242140738456957,3.798492467653969
110762,3792,39.37,30.6315,3792.0,368.5183333333333,30.6315,3792.0,153.00166666666667,30.6315,True,9.360384387435442,3.886250105833545
110766,3494,100.77333333333333,72.4513,11775.0,674.315,56.0406,11775.0,360.565,56.3733,False,6.691403148981213,3.577980285789892
110807,3494,293.22666666666663,220.20479999999998,3494.0,3172.3533333333335,263.744,3494.0,1485.535,283.2756,True,10.818775009094217,5.066166105856676
110878,37376,128.24166666666667,112.0128,11775.0,2406.336666666667,200.056,11775.0,1015.6483333333333,200.919,False,18.764078237702257,7.919799857040743
110886,3655,25.551666666666666,24.5443,3655.0,192.46666666666667,16.0035,3655.0,69.57,16.0035,True,7.532450590307221,2.722718674580914
110910,3655,14.141666666666667,8.6556,3655.0,110.115,9.149899999999999,3655.0,38.93833333333334,9.233,True,7.78656452563347,2.75344725987036
110915,3727,97.31166666666667,112.7145,3494.0,2250.6033333333335,187.0832,3494.0,752.0383333333334,187.2957,False,23.12778529467176,7.728141538356142
110944,4370,28.858333333333334,28.752599999999997,4370.0,370.505,30.7787,4370.0,185.405,33.8127,True,12.838752526710943,6.424660698816055
110970,3754,88.53,95.0206,3792.0,833.7766666666666,69.2963,3655.0,314.84833333333336,73.7776,False,9.41801272638277,3.5564027260062505
110983,3494,51.68,38.4786,3494.0,445.77833333333336,37.068599999999996,3494.0,161.39833333333334,40.171099999999996,True,8.625741744066048,3.1230327657378743
110995,30057,41.973333333333336,46.264300000000006,30057.0,550.0033333333333,45.7331,30057.0,263.6666666666667,46.8429,True,13.103637229987292,6.281766200762389
111022,3792,125.85,129.7458,3792.0,1531.98,127.3762,3792.0,591.8083333333333,131.8678,True,12.173063170441003,4.702489736458747
111031,4370,29.366666666666667,23.072400000000002,4370.0,324.815,26.986099999999997,4370.0,181.54833333333332,31.5876,True,11.060669693530079,6.182122587968217
111036,3494,44.59666666666667,21.614,3494.0,245.47,20.3965,3494.0,92.325,20.3965,True,5.504223036101353,2.0702219896853276
111052,3792,7.995,8.1907,3792.0,98.56333333333333,8.1907,3792.0,33.041666666666664,8.1907,True,12.328121742755888,4.132791327913279
111064,3494,19.91,18.820700000000002,3494.0,484.38,40.2602,3494.0,317.38,40.8218,True,24.32847815168257,15.940733299849322
111082,3494,271.515,211.4486,3494.0,3065.05,254.8142,3494.0,1449.47,274.34590000000003,True,11.28869491556636,5.3384527558330115
111114,3727,53.013333333333335,74.6258,3494.0,2624.56,218.22029999999998,3494.0,921.5949999999999,218.88060000000002,False,49.50754527162977,17.384211519114686
111173,3792,16.761666666666667,15.588700000000001,3792.0,187.57666666666668,15.588700000000001,3792.0,74.69166666666666,15.588700000000001,True,11.190812369493885,4.45610022869643
111178,4370,56.406666666666666,58.630199999999995,4370.0,638.7583333333333,53.1156,30057.0,226.01166666666668,56.154900000000005,True,11.3241638104243,4.0068254343458225
111182,3494,161.32999999999998,97.08619999999999,11775.0,1197.1816666666666,96.7348,11775.0,669.6866666666666,110.9482,False,7.420700840926465,4.151036178433439
111197,3494,151.13666666666668,123.7428,11775.0,1349.4366666666667,112.1917,11775.0,615.1650000000001,113.03880000000001,False,8.9285856068459,4.070256500738846
111224,3523,228.05333333333334,220.6124,3523.0,2506.55,208.416,3523.0,837.4449999999999,208.4244,True,10.991069340505145,3.6721454045837225
111244,23733,27.40666666666667,11.0806,23733.0,133.00833333333333,11.0507,23733.0,67.655,11.0806,True,4.853137922646557,2.468559961080029
111252,3792,81.18333333333334,83.39410000000001,3792.0,990.6483333333333,82.37010000000001,3792.0,350.02166666666665,86.8503,True,12.20260726750154,4.311496612605214
111257,11775,54.086666666666666,48.8579,11775.0,503.6566666666667,41.8672,11775.0,171.79833333333332,42.0721,True,9.312030075187971,3.1763527671638108
111265,3727,113.19666666666667,158.7593,3494.0,1796.71,149.4279,3494.0,616.2016666666666,149.5878,False,15.87246385347036,5.443637916310845
111279,3494,20.896666666666665,21.1583,3494.0,440.205,36.590199999999996,3494.0,298.95,37.1518,True,21.065799968096986,14.306109427340884
111348,3727,30.236666666666668,35.7528,3494.0,2246.19,186.6861,3494.0,887.785,199.69129999999998,False,74.28695843898137,29.361206041230293
111410,3523,131.655,95.5306,3523.0,1148.5783333333334,95.5128,3523.0,383.71666666666664,95.5152,True,8.724152773030522,2.914562049801881
111426,3727,195.13500000000002,150.3985,3494.0,2401.976666666667,199.6794,3494.0,1200.4416666666666,212.688,False,12.309307231745544,6.151852136555034
111427,3727,158.69333333333333,201.3247,3494.0,1806.2716666666668,150.2215,3494.0,693.3349999999999,150.4238,False,11.38215215930096,4.369024113594354
111434,3523,97.91000000000001,101.0212,3523.0,1182.6483333333333,98.3505,3523.0,395.185,98.3528,True,12.078933033738465,4.036206720457563
111458,3523,84.04166666666667,63.482099999999996,3727.0,971.7733333333333,80.7812,3727.0,376.21666666666664,81.1977,False,11.562994546355974,4.476549330689141
111467,3754,21.116666666666667,21.054,3754.0,199.22833333333335,16.5655,3754.0,67.04166666666667,16.5655,True,9.434648776637728,3.174822415153907
111507,3655,52.845,48.422599999999996,3655.0,583.3266666666666,48.506800000000005,3655.0,218.15333333333334,48.930800000000005,True,11.038445769073075,4.128173589428202
111559,3494,107.29333333333334,82.27080000000001,3494.0,730.1316666666667,60.7162,3494.0,305.99,69.66680000000001,True,6.80500497079657,2.8519013296880824
111589,3655,116.555,91.67,3655.0,1103.8183333333334,91.7813,3655.0,373.675,92.515,True,9.470364491727796,3.2059971687186306
111601,4370,79.74833333333332,98.5305,4370.0,1410.4666666666667,117.16080000000001,4370.0,857.3016666666666,121.22160000000001,True,17.68647202658363,10.750088821082992
111631,3523,11.74,9.075299999999999,3523.0,151.65833333333333,12.6008,3523.0,51.32833333333333,12.6066,True,12.91808631459398,4.372089721749006
111683,8154,65.825,46.986599999999996,35125.0,558.2433333333333,46.3935,35125.0,225.98666666666668,52.3144,False,8.48071907836435,3.4331434358779593
111701,4370,43.906666666666666,58.6652,4370.0,1649.3816666666667,137.078,30057.0,1070.9216666666666,163.0444,True,37.565631642878834,24.39086699058609
111716,6502,23.708333333333332,20.688200000000002,6502.0,246.95833333333334,20.528599999999997,6502.0,83.93833333333333,20.5596,True,10.41652021089631,3.540456942003515
111719,6919,61.49666666666667,41.2989,,,,,,,False,,
111810,37376,60.38666666666666,41.3992,11775.0,388.4183333333333,32.2861,11775.0,142.30166666666668,32.3823,False,6.432187017001545,2.356508059174211
111825,3727,250.63,191.2209,3494.0,2814.9100000000003,234.0041,3494.0,1358.9666666666667,252.107,False,11.231337030682681,5.4222027158227935
111831,8154,21.35,19.2033,3655.0,294.53333333333336,24.4911,3655.0,105.65166666666667,24.512700000000002,False,13.795472287275567,4.94855581576893
111832,3727,264.39500000000004,289.1343,11775.0,3759.883333333333,312.6441,11775.0,1890.5233333333333,342.7465,False,14.220705131841875,7.150374754943675
111837,3727,169.42666666666668,158.4567,3494.0,1937.72,161.14829999999998,3494.0,672.9366666666666,161.3082,False,11.436924529786731,3.971846226489336
111863,6919,122.3,95.9413,6502.0,1148.4683333333335,95.4221,6502.0,505.635,98.2362,False,9.390583265194877,4.134382665576451
111947,3494,101.07333333333332,97.5517,3494.0,1080.995,89.898,3494.0,406.8433333333333,90.06939999999999,True,10.695155332761692,4.025229206516721
111951,37376,150.80833333333334,138.7535,11775.0,1422.4183333333335,118.2686,11775.0,638.775,119.11580000000001,False,9.431961098524619,4.23567442117478
111954,3494,96.125,68.5746,3494.0,699.1733333333334,58.155800000000006,3494.0,257.0083333333333,58.25,True,7.2735847420892945,2.673688773298656
111973,3494,31.2,25.748900000000003,3494.0,651.3283333333333,54.1537,3494.0,444.1566666666667,54.7467,True,20.875908119658117,14.235790598290599
111977,3494,184.08666666666667,148.6934,11775.0,1694.13,140.8434,11775.0,829.3933333333333,141.69060000000002,False,9.202893564625358,4.505450331365661
111979,3494,53.04833333333333,25.987299999999998,3494.0,312.34166666666664,25.9836,3494.0,104.56166666666667,25.989099999999997,True,5.887869552923434,1.9710641239121556
111998,4370,35.21,41.4784,4370.0,619.7183333333334,51.4695,30057.0,263.0516666666667,64.2732,True,17.600634289501087,7.470936287039667
112002,3770,29.275,13.7567,3770.0,164.12166666666664,13.648,3770.0,55.00333333333333,13.648,True,5.606205522345573,1.8788499857671506
112028,6732,21.154999999999998,21.3581,6732.0,341.4933333333333,28.392,6732.0,117.16333333333334,28.561,True,16.14244071535492,5.538328212400537
112055,3727,148.95166666666668,137.6072,3494.0,1981.7,164.7663,3494.0,688.1966666666667,164.92620000000002,False,13.304315717626523,4.6202683197010215
112060,3494,46.501666666666665,64.24969999999999,3494.0,687.8916666666667,57.197300000000006,3494.0,235.36,57.229,True,14.792838966345293,5.061323966882908
112062,30057,43.095,55.9534,4370.0,1070.49,86.6832,30057.0,540.625,90.7182,False,24.840236686390533,12.544958811927138
112141,3523,114.07333333333332,134.98170000000002,3523.0,1580.8316666666665,131.42770000000002,3523.0,528.3966666666666,131.436,True,13.858029922272221,4.632078779732336
112185,3655,10.421666666666665,9.040799999999999,3655.0,108.81333333333333,9.0385,3655.0,40.69166666666667,9.5978,True,10.441068287222135,3.9045258276027517
112222,3655,159.86333333333332,143.12429999999998,3655.0,1663.9850000000001,138.3474,3655.0,560.2233333333334,138.7858,True,10.4087970975208,3.5043891657457418
112226,3727,252.015,275.8608,11775.0,3600.335,299.37059999999997,11775.0,1837.0933333333335,329.473,False,14.286193282145906,7.289619004159806
112252,30057,1.6883333333333332,1.0315999999999999,30057.0,11.639999999999999,0.9661000000000001,30057.0,4.72,1.0315999999999999,True,6.894373149062191,2.7956564659427445
112259,3523,20.771666666666665,27.9428,3523.0,517.0666666666667,42.9876,3523.0,173.665,42.998400000000004,True,24.892882933483115,8.360667576025035
112288,3727,94.22833333333332,108.5446,3494.0,1178.3633333333335,97.9422,3494.0,394.005,98.15,False,12.50540354104392,4.181385641261475
112404,15598,14.243333333333334,9.107899999999999,15598.0,107.18833333333333,8.902,15598.0,37.175,8.9035,True,7.525509010063187,2.6099929791715417
112405,4370,89.66666666666667,123.0306,,,,,,,False,,
112410,3727,267.42333333333335,197.23239999999998,3494.0,2887.1466666666665,240.0157,3494.0,1389.1933333333334,259.5219,False,10.796165879317435,5.19473493960886
112416,35125,57.13,40.427800000000005,35125.0,424.3,35.2576,35125.0,154.65333333333334,35.2576,True,7.4269210572378785,2.7070424178773558
112436,11775,120.66666666666667,106.92460000000001,3494.0,1332.9199999999998,110.85889999999999,3494.0,596.6683333333333,110.98910000000001,False,11.046298342541435,4.9447651933701655
112449,6732,62.830000000000005,61.0049,6732.0,829.975,68.9794,6732.0,364.68333333333334,68.9799,True,13.209851981537481,5.804286699559658
112469,3727,144.61833333333334,149.7657,3494.0,1922.3283333333334,159.7753,3494.0,668.4833333333333,159.9832,False,13.292424888499614,4.622396883751484
112474,3754,65.015,66.5294,3754.0,784.1066666666667,65.1991,3754.0,265.18666666666667,65.6821,True,12.060396318798226,4.078853597887667
112491,3523,170.92166666666665,187.3717,3523.0,2107.991666666667,175.2686,3523.0,704.115,175.27689999999998,True,12.33308630659269,4.1195186878979655
112495,3494,32.24333333333333,32.965900000000005,3494.0,388.435,32.285,3494.0,130.58833333333334,32.4929,True,12.046986457148765,4.050087873462215
112500,3727,7.668333333333334,8.5163,3727.0,72.58666666666666,6.0359,3727.0,31.71833333333333,6.0359,True,9.465768311236687,4.136274722886328
112514,3523,117.93333333333334,126.148,3523.0,1483.0666666666666,123.3101,3523.0,495.7966666666667,123.3184,True,12.575466365178066,4.204041831543245
112533,3494,111.06166666666667,96.6942,3494.0,1101.3283333333334,91.5877,3494.0,417.51500000000004,93.2045,True,9.91636778366373,3.759307892011946
112540,35125,70.94666666666667,59.420199999999994,35125.0,649.9466666666667,54.0201,35125.0,230.46666666666667,54.0418,True,9.161059951137004,3.248449539560233
112541,3523,149.06333333333333,121.3685,3523.0,1343.6883333333333,111.6541,3523.0,550.5766666666666,128.50039999999998,True,9.014210961783581,3.6935754377334016
112559,3727,128.61,133.58679999999998,3494.0,2237.0433333333335,186.0182,3494.0,772.9583333333334,186.1781,False,17.394007723608844,6.010095119612264
112571,3494,92.76666666666667,99.3399,3494.0,1102.7783333333332,91.6977,3494.0,375.4316666666667,91.8576,True,11.887657204455621,4.047053539346029
112596,3727,187.63833333333332,145.4134,3494.0,2342.0666666666666,194.6943,3494.0,1180.465,207.7029,False,12.481813417656307,6.291171846548768
112597,4370,142.13,123.2686,4370.0,1417.355,117.86319999999999,30057.0,748.8933333333333,120.9584,True,9.972243720537536,5.2690729144679755
112607,3494,287.68833333333333,217.9001,3494.0,3144.6233333333334,261.4393,3494.0,1476.3266666666668,280.971,True,10.930659915533592,5.131687648091396
112629,3727,61.52333333333333,73.2787,3523.0,868.5433333333333,72.1807,3523.0,390.27166666666665,72.1986,False,14.117299669502085,6.343474020696754
112649,37376,66.71666666666667,43.548300000000005,8154.0,462.3016666666666,38.4354,37376.0,268.02833333333336,44.347,False,6.929328003997002,4.017411941044217
112655,3523,107.77833333333334,110.4785,3523.0,1295.2066666666665,107.70989999999999,3523.0,433.01666666666665,107.71589999999999,True,12.0173194983531,4.017659702785037
112673,3494,98.45666666666666,76.88189999999999,3494.0,794.4833333333333,66.11280000000001,3494.0,305.93333333333334,70.0342,True,8.069370619900464,3.107289162745032
112676,3727,163.32999999999998,151.1488,3494.0,2047.1933333333334,170.2364,3494.0,758.06,170.39520000000002,False,12.534092532500665,4.6412783934366
112699,3494,154.01333333333332,156.3783,3494.0,1783.8833333333334,148.33620000000002,3494.0,603.8666666666667,148.7021,True,11.58265518136958,3.9208726517184664
112735,8154,2.881666666666667,1.0474,8154.0,8.43,0.6862,8154.0,4.888333333333334,0.8672000000000001,True,2.9253903990746095,1.6963562753036436
112741,3727,77.13666666666667,107.92880000000001,3494.0,2117.76,176.0411,3494.0,707.6333333333333,176.2535,False,27.45464759517739,9.17376085735275
112772,3655,82.11166666666666,77.129,3655.0,929.025,77.2403,3655.0,315.24,77.9192,True,11.314165668703188,3.839162116629793
112795,3494,56.52166666666667,33.7677,3494.0,388.4866666666667,32.2735,3494.0,223.56666666666666,33.3804,True,6.873234452864684,3.955415327455548
112826,37376,70.19333333333334,45.4426,8154.0,510.6716666666667,42.4543,11775.0,255.00833333333333,52.441,False,7.275216069902174,3.6329423497008255
112914,3494,62.79833333333333,45.5079,11775.0,984.38,81.82039999999999,11775.0,621.8516666666667,82.15310000000001,False,15.67525677433053,9.902359404442794
112953,4370,75.34833333333333,103.3057,4370.0,1532.585,127.28710000000001,4370.0,943.37,131.5762,True,20.33999867283063,12.520117675684046
112970,3494,165.28,129.2442,11775.0,1425.965,118.5405,11775.0,637.0216666666668,119.3877,False,8.627571393998064,3.854196918360762
113010,3727,206.72333333333333,226.2968,3494.0,3032.063333333333,252.10770000000002,3494.0,1400.115,270.3221,False,14.667252527532773,6.772892916458391
113016,30057,58.17833333333333,67.4941,4370.0,1247.6483333333333,100.3147,30057.0,615.4666666666667,104.3743,False,21.445240209700064,10.578966969375772
113023,3727,39.17333333333333,28.7455,3727.0,313.005,26.024,3727.0,114.25166666666668,26.4176,True,7.990256977535739,2.9165673927842075
113051,3494,69.17333333333333,78.35860000000001,3494.0,826.0716666666667,68.6489,3494.0,276.575,68.8568,True,11.942053777949114,3.9982893215111797
113087,3727,189.15166666666667,146.4197,3494.0,2354.161666666667,195.7006,3494.0,1184.4983333333332,208.7091,False,12.44589438810126,6.262161757319963
113105,37376,205.04500000000002,172.8304,11775.0,1829.8566666666666,152.15429999999998,11775.0,775.525,153.1556,False,8.924171116909296,3.7822185373942303
113139,3727,39.519999999999996,40.8469,3494.0,2183.1266666666666,181.4427,3494.0,858.9416666666667,194.4479,False,55.241059379217276,21.734353913630233
113172,3523,10.633333333333333,6.857600000000001,3523.0,65.41833333333334,5.444,3523.0,22.404999999999998,5.455,True,6.1521943573667714,2.10705329153605
113184,6732,32.88333333333333,31.0381,6732.0,467.15333333333336,38.8344,6732.0,202.89166666666668,39.052699999999994,True,14.206386213887482,6.170045615813483
113196,37376,160.415,120.3913,11775.0,1615.7949999999998,134.3613,11775.0,727.7283333333332,135.2085,False,10.0725929620048,4.536535444524098
113321,3727,70.265,78.1742,3727.0,2553.8283333333334,212.3499,3727.0,1555.3066666666666,212.966,True,36.345667591736046,22.134870371688134
113384,3727,276.86333333333334,201.1107,3494.0,2933.7,243.88320000000002,3494.0,1404.9333333333334,263.40009999999995,False,10.59620269928605,5.074465139238373
113401,3754,60.94833333333334,74.0589,3792.0,723.3433333333334,60.138400000000004,3655.0,265.73333333333335,64.6209,False,11.868139681150701,4.3599770297246305
113434,3494,124.985,93.9039,3494.0,869.8283333333333,72.3331,3494.0,352.9566666666667,81.2998,True,6.959461802082916,2.8239922123988217
113439,3770,58.60666666666667,41.7464,3770.0,502.26166666666666,41.7449,3770.0,215.4633333333333,41.7453,True,8.570043226026618,3.676430440222955
113467,3727,248.54833333333332,272.08340000000004,11775.0,3554.963333333333,295.5933,11775.0,1821.8466666666668,325.69559999999996,False,14.302905538158239,7.329949238578681
113507,3727,92.25,129.5691,3494.0,1923.4516666666668,159.952,3494.0,668.505,160.1119,False,20.850424570912377,7.246666666666667
113511,3523,152.765,144.2926,3523.0,1702.165,141.524,3523.0,569.1,141.53,True,11.142375544136419,3.7253297548522246
113514,3727,90.46000000000001,108.1701,3494.0,1880.3516666666667,156.3148,3494.0,628.2566666666667,156.52270000000001,False,20.786553909646987,6.945132286830274
113579,4370,68.09333333333333,92.5391,4370.0,1378.3983333333333,114.4857,4370.0,834.3133333333334,118.3432,True,20.242779518308204,12.252496573330724
113586,10972,14.9,9.5379,11020.0,109.14833333333333,9.0549,11020.0,43.84,9.711799999999998,False,7.325391498881431,2.9422818791946312
113647,30057,21.005,22.1421,30057.0,243.325,20.2407,30057.0,103.355,20.5855,True,11.584146631754344,4.920495120209474
113679,4370,31.738333333333333,30.7853,4370.0,270.68833333333333,22.5355,30057.0,116.51333333333334,26.0329,True,8.528750722050097,3.671060232106286
113748,4370,6.756666666666666,4.4195,4370.0,50.125,4.1713000000000005,4370.0,28.688333333333333,4.308,True,7.418598914652196,4.24592994573261
113758,3494,286.94,229.6662,3494.0,3406.9066666666668,283.233,3494.0,1564.5833333333333,302.8788,True,11.873237145977091,5.4526497990288325
113809,4370,52.205000000000005,62.1085,4370.0,1349.5216666666668,112.12289999999999,30057.0,882.3083333333333,138.0865,True,25.850429396928774,16.900839638604218
113818,3523,57.294999999999995,58.3125,3523.0,700.0083333333333,58.2081,3523.0,250.34333333333333,58.2139,True,12.217616429589553,4.369374872734678
113831,3727,142.15,133.08679999999998,3494.0,1968.9633333333334,163.7029,3494.0,683.3966666666668,163.8628,False,13.851307304490561,4.807574158752492
113837,11775,110.90333333333334,95.8907,3494.0,1028.7216666666668,85.5801,3494.0,400.7316666666667,85.5801,False,9.275840822337774,3.6133419494454633
113865,37376,128.68333333333334,110.6495,8154.0,1958.8366666666666,162.874,11775.0,927.7033333333333,190.9709,False,15.222147390234424,7.209195700038855
113881,3523,114.24166666666666,122.44839999999999,3523.0,1438.5316666666665,119.6105,3523.0,480.65833333333336,119.61880000000001,True,12.592005252024217,4.207382011817055
113911,4370,45.745,60.9045,4370.0,1574.71,130.8667,30057.0,1038.2333333333333,156.8303,True,34.423652858235876,22.69610522097133
113924,4370,104.15666666666667,108.7108,4370.0,1597.535,132.7455,30057.0,1038.4933333333333,158.7188,True,15.337808429609243,9.970493167344065
113946,3494,106.48833333333333,63.840199999999996,11775.0,1834.695,152.5457,3494.0,968.3833333333333,207.1706,False,17.229070477204075,9.093797442599346
113961,6919,15.41,14.922,,,,,,,False,,
113964,3727,178.03333333333333,190.1823,3727.0,3255.7816666666668,270.826,3727.0,1524.225,271.37379999999996,True,18.287483617300133,8.561458528365474
113973,3523,55.75,57.681,3523.0,692.4300000000001,57.5765,3523.0,243.88500000000002,57.582300000000004,True,12.420269058295965,4.374618834080718
114017,3727,119.02166666666668,129.9993,3494.0,1686.575,140.1738,3494.0,589.5266666666666,140.38170000000002,False,14.170319129570245,4.953103776623303
114059,4370,144.91,125.194,4370.0,1440.5116666666665,119.7886,30057.0,769.4483333333334,122.8279,True,9.940733328732776,5.309835990154809
114068,37376,116.48166666666665,88.8787,8154.0,1377.6850000000002,114.5475,11775.0,611.8583333333333,132.6775,False,11.827483581107186,5.252829486757573
114075,35125,78.06,60.991800000000005,35125.0,668.95,55.591699999999996,35125.0,236.64333333333335,55.6134,True,8.569689982065078,3.0315569220257923
114086,3727,45.315000000000005,32.706900000000005,3727.0,358.77666666666664,29.826700000000002,3727.0,129.70666666666665,30.2432,True,7.917393063371215,2.8623340321453523
114136,3727,97.235,95.7838,3727.0,2068.5899999999997,172.0179,3727.0,1241.9283333333333,172.55960000000002,True,21.274129685812717,12.772441336281517
114148,3727,219.73666666666668,159.7252,3494.0,2700.1516666666666,224.48520000000002,3494.0,1300.1483333333333,237.4965,False,12.288125180139863,5.916847438600749
114231,3727,209.54,153.2943,3494.0,2436.8616666666667,202.5786,3494.0,1280.0683333333334,215.5838,False,11.629577487194172,6.108944990614362
114250,3523,47.365,64.8449,3523.0,1301.2083333333333,108.198,3523.0,697.2866666666666,108.24719999999999,True,27.47193778809951,14.72155952003941
114252,4370,26.48166666666667,33.420300000000005,4370.0,591.6766666666666,49.151199999999996,30057.0,232.2,57.1795,True,22.34287872112782,8.768330291396563
114272,3727,48.93333333333333,44.7505,3494.0,2136.1633333333334,177.53910000000002,3494.0,843.2516666666667,190.54420000000002,False,43.65456403269755,17.23266348773842
114319,3727,138.94166666666666,154.79410000000001,3523.0,5592.808333333333,460.56359999999995,3523.0,2159.865,465.8608,False,40.25292388892221,15.54512085407545
114324,3523,100.15166666666667,120.3767,3523.0,1750.4966666666667,145.5191,3523.0,586.625,145.5727,True,17.478457672529995,5.857366327736266
114337,3655,38.725,31.415599999999998,3655.0,270.8233333333333,22.521099999999997,3655.0,95.65,22.5341,True,6.993501183559285,2.4699806326662364
114362,3494,96.25666666666666,73.66,3494.0,798.4599999999999,66.4027,3494.0,349.085,66.47330000000001,True,8.295113758354399,3.626605949371472
114405,3523,67.07833333333333,48.793699999999994,3523.0,1135.07,94.3834,3523.0,541.84,94.3892,True,16.921559370884786,8.077720078515169
114416,35125,46.861666666666665,36.2782,35125.0,397.915,33.0628,35125.0,146.63500000000002,33.0628,True,8.491268627520718,3.1291033894085434
114438,3727,142.315,96.2342,3494.0,2713.435,225.6296,3494.0,969.5849999999999,226.2899,False,19.0664019955732,6.812950145803323
114453,6502,21.278333333333332,19.0838,6502.0,229.97833333333335,19.121299999999998,6502.0,78.18333333333334,19.1523,True,10.808099005247906,3.674316597477873
114464,3727,163.47166666666666,152.4289,3727.0,2308.5,191.9719,3727.0,1207.3783333333333,192.496,True,14.121713242865736,7.385856876319036
114482,3494,120.53,89.8227,3494.0,980.5033333333333,81.5512,3494.0,538.605,88.271,True,8.134931828866948,4.46863851323322
114488,3727,275.28,273.3737,11775.0,3989.116666666667,331.713,11775.0,2066.675,363.32640000000004,False,14.491124188704836,7.5075377797152
114518,4370,29.936666666666667,35.843900000000005,4370.0,609.2733333333333,50.6436,30057.0,216.32333333333332,53.682900000000004,True,20.352076606168577,7.226032735775526
114530,3494,33.026666666666664,22.3375,3494.0,268.5183333333333,22.3313,3494.0,90.055,22.3375,True,8.130349212757368,2.7267359709325802
114551,37376,54.715,35.1464,8154.0,391.4933333333333,32.5421,11775.0,176.3,42.2453,False,7.1551372262329025,3.2221511468518687
114566,3792,28.523333333333333,23.1487,3792.0,211.10333333333335,17.5299,3792.0,72.39666666666668,17.6429,True,7.40107514315765,2.538155895757859
114581,4370,14.883333333333333,18.0009,4370.0,291.7583333333333,24.23,4370.0,138.595,24.4852,True,19.603023516237403,9.312094064949608
114605,3523,129.43166666666667,102.4092,3523.0,1105.5533333333333,91.8665,3523.0,494.955,96.0885,True,8.541598526893212,3.824064178008988
114636,3523,31.404999999999998,28.895599999999998,3523.0,1077.97,89.6332,3523.0,571.205,89.63889999999999,True,34.3247890463302,18.188345804808154
114660,3727,66.20666666666666,75.5356,3727.0,2625.48,218.3003,3727.0,1572.52,218.9165,True,39.65582519383748,23.751686637800827
114669,3523,53.55,43.200300000000006,3523.0,1118.1100000000001,92.96889999999999,3523.0,535.8566666666667,92.97460000000001,True,20.879738562091507,10.00666044195456
114695,3727,127.85333333333332,116.181,3727.0,1827.2033333333334,151.9449,3727.0,1061.03,152.4691,True,14.291401606006884,8.298805923453958
114761,3494,65.82333333333334,75.43639999999999,3494.0,822.325,68.34360000000001,3494.0,281.39500000000004,68.5515,True,12.49291031549096,4.275003798045273
114799,3494,89.25666666666666,59.4206,11775.0,1152.3716666666667,95.7941,11775.0,678.1650000000001,96.1869,False,12.910762968218995,7.597919856593347
114823,3727,14.638333333333332,13.0441,3727.0,126.07833333333333,10.4869,3727.0,49.93833333333334,10.4869,True,8.612888534669247,3.411476716383924
114857,10972,16.086666666666666,12.654399999999999,11020.0,117.16666666666667,9.7261,11020.0,46.675,10.4455,False,7.283464566929134,2.9014711976792373
114894,37376,75.60333333333332,48.850699999999996,8154.0,551.6733333333334,45.8624,11775.0,294.6066666666667,61.5152,False,7.296944579163178,3.8967417662360573
114901,3727,81.19833333333332,114.1295,3494.0,2299.4700000000003,191.1469,3494.0,788.5783333333333,191.3594,False,28.31917732301567,9.711755167388494
114922,3655,17.39333333333333,8.7626,3655.0,88.12833333333333,7.3222,3655.0,29.825,7.3222,True,5.066788041395171,1.7147374472978154
114939,3523,48.365,58.5235,3523.0,709.7116666666666,59.003800000000005,3523.0,241.20833333333334,59.053,True,14.674075605637684,4.987249732933595
114963,35125,9.03,6.8013,35125.0,70.31,5.847300000000001,35125.0,33.96666666666667,5.847300000000001,True,7.786267995570322,3.7615356220007388
115001,3494,80.55,65.0352,3494.0,650.6083333333333,54.122699999999995,3494.0,245.62333333333333,55.118900000000004,True,8.077074280984895,3.0493275398303332
115008,3494,36.45666666666667,31.0497,3494.0,452.37166666666667,37.603199999999994,3494.0,313.525,39.7339,True,12.408475816037303,8.59993599707415
115059,3727,70.02,78.0857,3727.0,2656.1216666666664,220.8504,3727.0,1582.74,221.4665,True,37.933757021803295,22.604113110539846
115061,3727,26.658333333333335,34.7648,3494.0,2353.685,195.62429999999998,3494.0,948.3366666666666,208.65439999999998,False,88.29077836824007,35.57374179431072
115064,3727,120.45333333333333,127.98410000000001,3727.0,2639.561666666667,219.5111,3727.0,1328.03,220.0352,True,21.913562652202792,11.025265663050698
115092,3655,74.83333333333333,60.7422,3655.0,731.8733333333333,60.8544,3655.0,256.57,61.2941,True,9.780044543429845,3.428552338530067
115105,4370,19.811666666666667,16.2706,4370.0,234.94833333333332,19.5192,4370.0,121.09333333333333,20.208599999999997,True,11.85908976192479,6.112223437368554
115164,3792,0.74,0.5735,3792.0,5.95,0.49589999999999995,3792.0,2.1733333333333333,0.49589999999999995,True,8.04054054054054,2.936936936936937
115214,4370,95.295,102.6137,4370.0,1604.1783333333333,133.31,30057.0,991.5266666666666,159.26829999999998,True,16.833814295958163,10.404813124158315
115233,11775,121.78500000000001,107.6382,3494.0,1338.7716666666668,111.3446,3494.0,600.4633333333334,111.4824,False,10.992911004365617,4.930519631591192
115284,4370,25.073333333333334,32.064299999999996,4370.0,576.5933333333334,47.8975,30057.0,241.23666666666668,58.5388,True,22.996277585748473,9.62124434990694
115303,3655,40.405,41.700900000000004,3655.0,503.165,41.8339,3655.0,171.32999999999998,42.2579,True,12.45303799034773,4.240316792476178
115344,3494,81.28166666666667,52.500099999999996,3494.0,931.7733333333333,76.49860000000001,3494.0,326.12666666666667,76.49860000000001,True,11.463511656995221,4.012302897332321
115351,4370,78.935,103.5265,,,,,,,False,,
115399,6732,40.656666666666666,33.3565,6732.0,342.2566666666667,28.4254,6732.0,144.065,28.4254,True,8.41821759449045,3.543453308190539
115414,3494,95.75500000000001,102.5126,3494.0,1140.8933333333334,94.87039999999999,3494.0,388.13,95.0303,True,11.914712895758273,4.053365359511252
115420,4370,22.904999999999998,15.6464,4370.0,189.96166666666667,15.816,30057.0,77.545,19.1881,True,8.293458487957507,3.3855053481772543
115426,11775,65.615,39.441,11775.0,388.905,32.3206,11775.0,141.01333333333332,32.4168,True,5.92707460184409,2.1491020853971396
115435,3494,81.74666666666667,91.19739999999999,3494.0,1002.7566666666667,83.3844,3494.0,342.2416666666667,83.5432,True,12.266636763986298,4.186613113684554
115449,4370,26.778333333333332,26.031,4370.0,361.82,30.067,30057.0,142.86166666666668,35.3962,True,13.511669882367586,5.334972303479182
115476,3727,28.513333333333332,28.9389,3727.0,2656.1216666666664,220.8504,3727.0,1582.74,221.4665,True,93.15367079728782,55.50876782791677
115490,3494,60.769999999999996,35.5125,3494.0,409.47833333333335,34.0183,3494.0,251.48166666666665,38.4854,True,6.738165761614833,4.138253524216993
115498,3792,55.32,41.2551,3792.0,496.045,41.2299,3792.0,195.78333333333333,41.2299,True,8.96682935647144,3.539105808628585
115521,8154,23.473333333333336,18.962400000000002,3655.0,414.76166666666666,34.4819,3655.0,156.99833333333333,34.902,False,17.66948310139165,6.688369781312127
115567,3655,102.80666666666666,102.7573,3655.0,1180.8866666666665,98.1882,3655.0,398.27833333333336,98.6122,True,11.486479476039166,3.874051617923611
115568,6502,45.065000000000005,55.9898,6502.0,1054.72,87.6526,6502.0,358.3616666666667,89.1105,True,23.4044158437812,7.952106216945892
115582,3494,45.736666666666665,31.8432,3494.0,348.0133333333333,28.9242,3494.0,212.13833333333332,30.6417,True,7.609066394577654,4.638255229210698
115590,3727,66.03166666666667,92.8343,3494.0,2061.5783333333334,171.3731,3494.0,691.285,171.6105,False,31.22105555415331,10.46899215023095
115623,3727,183.00166666666667,142.2791,3494.0,2304.4100000000003,191.5634,3494.0,1167.9983333333332,204.5685,False,12.592289687707764,6.382446425806686
115626,3523,112.33500000000001,101.2327,3523.0,1108.1766666666667,92.1145,3523.0,387.87833333333333,96.167,True,9.864927820062016,3.452871619115443
115636,4370,92.17833333333333,127.0566,4370.0,1687.0816666666665,140.0559,4370.0,1107.5016666666668,157.324,True,18.302366789014048,12.014772090332148
115730,10972,13.81,13.7356,10972.0,165.37166666666664,13.703100000000001,10972.0,55.89333333333333,13.7032,True,11.974776731836831,4.0473087134926375
115733,6502,38.585,52.3657,6502.0,946.3883333333334,78.6246,6502.0,316.49666666666667,78.63260000000001,True,24.5273638287763,8.202583041769254
115829,6732,23.273333333333333,13.956,6732.0,193.26166666666668,16.0534,6732.0,66.52,16.0624,True,8.303995989687769,2.8582068175307933
115836,3727,64.66833333333334,90.73310000000001,3494.0,2068.57,171.95489999999998,3494.0,696.7783333333333,172.1674,False,31.98737145949847,10.774644983376716
115837,3727,245.97333333333333,254.99089999999998,3494.0,2912.9533333333334,242.1681,3494.0,1397.4733333333331,261.6743,False,11.842557458803123,5.681401777970511
115845,10972,10.358333333333333,10.3293,10972.0,123.89333333333335,10.2663,10972.0,41.985,10.296899999999999,True,11.960740144810943,4.053258246178601
115915,3494,34.19833333333334,23.2145,3494.0,259.86,21.5998,3494.0,147.81166666666667,22.049400000000002,True,7.5986159169550165,4.32218919050636
115929,3792,139.21833333333333,141.91320000000002,3792.0,1678.41,139.5436,3792.0,640.625,144.0352,True,12.05595527408986,4.601585040284445
115936,3494,108.29333333333334,81.855,3494.0,897.0533333333333,74.5976,3494.0,387.53499999999997,74.6683,True,8.283550849544447,3.5785674710662394
115946,3727,266.1933333333333,268.48040000000003,11775.0,4034.5966666666664,335.4962,11775.0,2095.4083333333333,367.1096,False,15.156640536953091,7.871753612662476
115953,4370,43.80333333333333,49.259800000000006,4370.0,575.435,47.807300000000005,30057.0,205.165,50.8467,True,13.136785632752455,4.683775968343354
115989,3494,47.72666666666667,34.9982,3494.0,565.2583333333333,47.0017,3494.0,345.7933333333333,48.2616,True,11.843658332169298,7.245285654421008
115990,3523,18.955,17.7765,3523.0,353.05833333333334,29.3568,3523.0,133.73999999999998,29.3747,True,18.62613206717665,7.0556581376945395
115991,3494,69.63166666666666,57.8887,3494.0,569.2183333333334,47.3539,3494.0,213.9116666666667,47.4123,True,8.174704995332585,3.072045764618589
116030,3494,152.15833333333333,122.987,11775.0,1344.5566666666666,111.7744,11775.0,609.4366666666666,112.6216,False,8.836562790952406,4.00527958814831
116031,37376,92.20333333333333,56.6933,8154.0,645.985,53.705,11775.0,362.25333333333333,70.8458,False,7.006091609124761,3.9288528975814323
116099,3494,167.52833333333334,138.599,3494.0,2795.82,232.4532,3494.0,1419.2583333333334,232.6668,True,16.688639732582548,8.471751047086563
116125,3727,177.54666666666665,157.5246,3727.0,1584.1100000000001,131.7491,3727.0,924.3833333333333,132.16989999999998,True,8.9222176329228,5.206424601982578
116156,4370,37.156666666666666,36.5316,4370.0,419.09666666666664,34.801199999999994,4370.0,206.36333333333332,37.4571,True,11.279178254238808,5.553870996680721
116164,3494,111.40166666666667,95.0948,3494.0,862.495,71.7372,3494.0,340.0133333333333,73.4035,True,7.742209123142981,3.0521386574108704
116209,3494,74.61333333333333,71.83019999999999,3494.0,868.2366666666666,71.19189999999999,3494.0,304.63666666666666,71.19189999999999,True,11.63648141529664,4.082871694067191
116220,3494,100.28666666666666,64.89059999999999,3494.0,1016.6483333333333,83.55969999999999,3494.0,354.25333333333333,83.55969999999999,True,10.13742272153161,3.532407099647677
116224,4370,64.09333333333333,80.4773,4370.0,1210.585,100.5667,30057.0,776.5233333333333,126.5227,True,18.88784584980237,12.115508633243186
116229,3523,108.46333333333334,128.97039999999998,3523.0,1652.1066666666666,137.35060000000001,3523.0,552.6816666666667,137.3676,True,15.231937060143212,5.095562248378869
116231,35125,73.61833333333334,53.9095,35125.0,578.8483333333334,48.1109,35125.0,242.87833333333336,49.7716,True,7.862828552670304,3.299155554549365
116248,6732,65.97833333333332,51.352599999999995,6732.0,720.2183333333334,59.850699999999996,6732.0,285.53,59.850699999999996,True,10.915982519513983,4.327632808750347
116291,4370,90.50666666666666,98.2392,4370.0,1551.575,128.9356,30057.0,973.8766666666667,154.8939,True,17.143212286387744,10.760275486152034
116296,4370,21.9,22.8379,4370.0,402.455,33.44,4370.0,208.44500000000002,39.515,True,18.376940639269407,9.518036529680368
116297,3727,218.925,168.527,3494.0,2559.7616666666668,212.7945,3494.0,1273.7766666666669,230.8165,False,11.69241368809714,5.818324388108562
116316,4370,24.408333333333335,25.179599999999997,4370.0,352.4116666666667,29.266599999999997,4370.0,171.04500000000002,30.5713,True,14.438170023898941,7.007647661317856
116336,3494,33.13,33.093300000000006,3494.0,283.59666666666664,23.5834,3494.0,95.07166666666667,23.5834,True,8.56011671194285,2.8696548948586376
116351,3523,52.32166666666667,61.103300000000004,3523.0,739.7516666666667,61.5015,3523.0,265.38,61.5507,True,14.138534068104352,5.072086133851495
116389,3523,207.32333333333332,212.0521,3523.0,2403.6466666666665,199.8558,3523.0,803.0916666666667,199.8641,True,11.593710307571104,3.873619306397415
116393,3523,1.0683333333333331,0.6051,3523.0,6.718333333333334,0.5582,3523.0,3.1733333333333333,0.5671,True,6.28861154446178,2.9703588143525748
116404,37376,148.59166666666667,135.07979999999998,11775.0,1506.53,125.2591,11775.0,667.8133333333334,126.1062,False,10.138724692950479,4.494285233581964
116421,3523,49.80333333333333,57.6705,3523.0,820.1133333333333,68.1779,3523.0,316.37166666666667,68.22710000000001,True,16.467037012248177,6.352419516765947
116456,3494,88.07,81.53580000000001,3494.0,920.0416666666666,76.5206,3494.0,346.64500000000004,78.3352,True,10.446709057189357,3.936016804814353
116458,4370,24.05666666666667,12.0694,4370.0,135.05166666666668,11.2361,4370.0,75.77166666666668,12.347100000000001,True,5.613897741443814,3.1497159484550368
116462,3523,4.628333333333333,3.6873,3523.0,75.73,6.2995,3523.0,25.645,6.3018,True,16.362261433201297,5.540871444004321
116532,6732,32.495,15.405100000000001,23733.0,341.5883333333333,26.6693,23733.0,167.50166666666667,26.8807,False,10.512027491408935,5.154690465199774
116573,30057,29.206666666666667,24.7224,4370.0,262.85333333333335,21.892799999999998,30057.0,95.25,22.5487,False,8.999771741611506,3.261241725633417
116611,3727,107.895,101.95989999999999,3727.0,2142.82,178.1956,3727.0,1293.6333333333334,178.8056,True,19.86023448723296,11.98974311444769
116617,3494,104.24499999999999,72.0323,3494.0,870.535,71.394,3494.0,305.26500000000004,71.394,True,8.35085615617056,2.928341886901051
116625,3792,56.455000000000005,42.259,3792.0,461.8833333333333,38.398199999999996,3655.0,179.01166666666668,42.7941,True,8.181442446786525,3.170873557110383
116626,3494,93.13333333333334,99.7295,3494.0,1107.47,92.0873,3494.0,376.9916666666667,92.24719999999999,True,11.891231209735146,4.047870436649964
116721,3727,51.87833333333333,72.9837,3494.0,2612.233333333333,217.1979,3494.0,917.49,217.8582,False,50.353069682269414,17.68541780447843
116728,3494,145.79500000000002,118.8732,11775.0,1295.1100000000001,107.6606,11775.0,592.6733333333334,108.5078,False,8.883089269179328,4.065114258605119
116738,3494,35.593333333333334,34.3598,3494.0,405.2316666666667,33.6789,3494.0,136.15,33.8868,True,11.385044015733284,3.825154523318974
116762,4370,50.37166666666667,50.0537,4370.0,537.08,44.627300000000005,30057.0,199.85,49.5475,True,10.66234324851934,3.9675081891274853
116783,23733,58.52833333333333,24.0359,23733.0,289.1333333333333,24.0352,23733.0,132.69,24.3074,True,4.940057521997893,2.26710709912578
116819,3494,260.35833333333335,205.2063,3494.0,3142.5716666666663,261.258,3494.0,1475.8016666666667,280.78970000000004,True,12.070178920078096,5.668348109976635
116842,3655,6.444999999999999,4.9902,3655.0,65.06666666666666,5.4056999999999995,3655.0,23.728333333333335,5.5019,True,10.09568140677528,3.681665373674684
116884,3494,82.855,60.190599999999996,11775.0,517.9633333333334,43.0458,11775.0,246.485,43.1421,False,6.251443284452759,2.9748959024802364
116906,6733,31.753333333333334,21.9752,28254.0,500.52666666666664,41.571400000000004,28254.0,304.9916666666667,41.8137,False,15.762964518160821,9.605028343480999
116915,3792,34.2,27.625700000000002,3792.0,702.7916666666666,58.426300000000005,3655.0,303.6383333333333,66.9694,True,20.54946393762183,8.878313840155945
116921,11775,105.27166666666668,96.2021,3494.0,977.6733333333334,81.30330000000001,3494.0,401.97666666666663,85.8915,False,9.287145955701915,3.818469673701375
116922,3494,172.44500000000002,176.4002,3494.0,1317.4850000000001,109.562,3494.0,545.8533333333334,111.6768,True,7.6400301545420275,3.165376400204896
116962,3494,48.983333333333334,36.278800000000004,11775.0,1095.5383333333334,91.0587,11775.0,712.0283333333333,91.39280000000001,False,22.365532494045596,14.536134739707382
116965,8154,2.01,0.8518,8154.0,9.238333333333333,0.769,8154.0,3.5133333333333336,0.7854,True,4.596185737976783,1.7479270315091213
117014,37376,27.691666666666666,16.0585,8154.0,198.08166666666665,16.454900000000002,8154.0,114.49666666666667,26.6032,False,7.153114655431838,4.134697562443575
117051,3523,48.92166666666667,40.0978,3523.0,954.4866666666666,79.3699,3523.0,465.79,79.3848,True,19.510509998977955,9.521139236193916
117068,37376,152.66,138.81310000000002,11775.0,1485.6266666666668,123.5231,11775.0,660.7133333333334,124.3703,False,9.73160400017468,4.3280055897637455
117090,11020,6.371666666666667,4.2673000000000005,11020.0,26.175,2.1724,11020.0,9.723333333333333,2.1999,True,4.10803034266283,1.5260266806173162
117107,3523,68.86666666666666,53.735,3523.0,630.6866666666666,52.442699999999995,3523.0,216.20833333333334,53.7355,True,9.158083252662149,3.1395208131655377
117131,3523,169.16,185.76420000000002,3523.0,2088.6383333333333,173.6612,3523.0,697.6633333333334,173.6695,True,12.347117127768582,4.1242807598329
117192,3727,247.53833333333333,194.01839999999999,3494.0,2848.3416666666667,236.8016,3494.0,1376.4283333333333,256.3078,False,11.506669000760825,5.560465382466015
117194,3494,39.10166666666667,54.784699999999994,3494.0,630.1666666666666,52.3999,3494.0,211.12666666666667,52.4031,True,16.11610758279698,5.399428839350412
117218,3494,110.83500000000001,105.0685,11775.0,1891.305,157.2388,3494.0,755.0966666666667,181.4051,False,17.064149411287048,6.812799807521691
117219,4370,56.544999999999995,66.8631,4370.0,1407.2433333333333,116.93839999999999,30057.0,896.89,142.91879999999998,True,24.88714003595956,15.861526218056417
117299,30057,88.63000000000001,91.7561,30057.0,1018.5566666666667,83.9886,30057.0,467.10999999999996,89.2796,True,11.49223363044868,5.270337357553875
117347,35125,16.475,14.4501,35125.0,157.68833333333333,13.1108,35125.0,63.57333333333334,13.1108,True,9.57137076378351,3.858775923115832
117408,3523,102.31333333333333,122.649,3523.0,1727.6633333333334,143.62439999999998,3523.0,578.2866666666666,143.678,True,16.886003779240244,5.652114419756304
117419,3494,117.14166666666667,107.9608,11775.0,1999.1516666666669,166.207,3494.0,718.9216666666667,172.43689999999998,False,17.06610229778758,6.13719854876574
117426,3655,12.101666666666667,6.5465,3655.0,69.03500000000001,5.733,3655.0,23.496666666666666,5.733,True,5.70458614515907,1.9416058394160585
117441,3727,109.00500000000001,152.9061,3494.0,1705.4566666666665,141.82160000000002,3494.0,580.1783333333333,141.9804,False,15.645673745852633,5.322492852009845
117458,6919,11.051666666666668,7.0693,6919.0,83.90166666666667,6.9692,6919.0,28.77,6.9755,True,7.591765947820841,2.6032272658724174
117490,3523,22.763333333333332,20.726599999999998,3523.0,358.815,29.8377,3523.0,136.44,29.8556,True,15.762849611949042,5.993849758383365
117493,3494,44.10666666666667,29.821099999999998,3494.0,339.50166666666667,28.2234,3494.0,171.99666666666664,28.7155,True,7.697286880290205,3.899561668681982
117524,6502,33.3,34.2184,,,,,,,False,,
117537,37376,74.95833333333333,48.5941,8154.0,548.8283333333333,45.629400000000004,11775.0,225.08666666666667,53.526900000000005,False,7.3217787659811,3.0028237909949973
117599,3523,80.78833333333334,86.4858,3523.0,1008.0400000000001,83.844,3523.0,336.685,83.8463,True,12.477544199863841,4.1674953066655664
117608,4370,85.94666666666667,93.94139999999999,4370.0,1495.1033333333332,124.234,30057.0,945.615,150.1924,True,17.39571051815079,11.002346416382252
117641,3792,122.27166666666668,126.484,3494.0,2581.2200000000003,214.343,3792.0,1103.3716666666667,236.99360000000001,False,21.110532557283644,9.023935771437918
117642,3727,11.833333333333334,14.919,3727.0,116.17166666666667,9.6616,3727.0,46.45,9.6616,True,9.817323943661972,3.925352112676056
117696,3494,105.315,106.8684,3494.0,1190.075,98.96419999999999,3494.0,404.9216666666667,99.123,True,11.300147177515074,3.844862238680783
117703,3523,105.95166666666667,55.3168,3523.0,760.62,63.241,3523.0,298.325,63.258900000000004,True,7.17893379056488,2.815670667442702
117728,11775,119.18666666666667,105.7512,3494.0,1337.4266666666667,111.2343,3494.0,600.5016666666667,111.3645,False,11.221277547824142,5.0383292314576575
117765,3494,166.28166666666667,166.4534,3494.0,1633.2083333333333,135.815,3494.0,677.485,158.8256,True,9.821938678346982,4.074321683087933
117773,3523,93.77666666666667,67.3391,3523.0,809.6550000000001,67.3373,3523.0,270.6433333333333,67.3396,True,8.63386414530978,2.886041303806917
117791,30057,95.87333333333332,97.0329,30057.0,1100.0316666666665,89.35,30057.0,518.7733333333333,94.4248,True,11.473802239065433,5.411028440303178
117804,3523,61.05,47.8958,3523.0,1093.155,90.9,3727.0,528.5766666666666,97.70819999999999,True,17.905896805896806,8.658094458094457
117815,3494,163.32666666666668,168.39839999999998,3494.0,1414.51,117.6232,3494.0,591.8666666666667,119.7381,True,8.660618800767377,3.6238213804645083
117823,3494,57.91166666666666,42.2705,11775.0,1023.1466666666668,85.0394,11775.0,653.4583333333334,85.37219999999999,False,17.6673669669324,11.283707946009729
117824,3523,125.69,124.56160000000001,3523.0,1299.3216666666667,108.053,3523.0,437.42833333333334,108.059,True,10.337510276606466,3.4802158750364653
117869,3792,45.535,40.4553,3792.0,340.81166666666667,28.3309,3792.0,223.7866666666667,43.9452,True,7.4846089088979175,4.914607810841479
117900,37376,176.30833333333334,155.6986,11775.0,1623.8899999999999,135.0225,11775.0,706.5616666666666,136.0189,False,9.210511887318617,4.007534149454081
117901,4370,137.235,149.7131,4370.0,1264.5466666666666,104.9275,4370.0,785.425,111.4558,True,9.214461811248345,5.723212008598389
117977,3655,8.196666666666667,8.7001,3655.0,74.68666666666667,6.2095,3655.0,29.27,6.2095,True,9.111834078893859,3.5709638064253757
117980,3655,26.435,23.017,3655.0,176.03,14.6361,3655.0,64.16166666666666,14.6365,True,6.658974843956876,2.4271483513019354
117992,4370,14.445,9.5592,4370.0,102.71333333333334,8.5525,4370.0,48.70166666666667,8.5773,True,7.110649590400369,3.3715241721472253
118041,3727,91.20166666666667,103.51180000000001,3523.0,5617.9400000000005,462.6246,3523.0,2204.55,467.68690000000004,False,61.59909358381609,24.17225562398348
118111,3523,18.923333333333336,17.0551,3523.0,194.64,16.1905,3523.0,65.87666666666667,16.2015,True,10.285714285714283,3.4812400915976744
118152,3727,1.6083333333333334,1.3087,3727.0,15.801666666666668,1.3128,3727.0,6.569999999999999,1.3403,True,9.824870466321244,4.084974093264248
118159,4370,26.988333333333333,28.9727,4370.0,342.43333333333334,28.4452,4370.0,174.79666666666665,31.221799999999998,True,12.688198604335208,6.476749212622738
118199,8154,5.788333333333333,2.8002,8154.0,29.425,2.4208000000000003,8154.0,12.67,2.8589,True,5.083501295709762,2.1888856896055287
118220,3727,78.86,91.62289999999999,3523.0,1123.2416666666666,93.3843,3523.0,382.40999999999997,94.7122,False,14.243490574013018,4.8492264773015465
118241,3727,208.68666666666667,210.594,3727.0,3413.438333333333,283.94390000000004,3727.0,1583.3233333333333,284.49159999999995,True,16.356762930070598,7.587084305018688
118253,3523,41.05833333333333,56.7719,3523.0,1274.9483333333333,106.015,3523.0,660.2183333333334,106.0642,True,31.052120966105136,16.080008118530547
118288,3523,127.83166666666666,105.62289999999999,3523.0,1268.3433333333335,105.5172,3523.0,723.9150000000001,105.523,True,9.921980729866101,5.663033416341804
118300,3494,101.49166666666666,77.43039999999999,3494.0,830.27,69.07,3494.0,411.49,75.7898,True,8.18067164791855,4.054421545282865
118303,3523,92.90333333333334,69.87689999999999,3523.0,840.0966666666667,69.8751,3523.0,280.53,69.8774,True,9.04269670984177,3.019590255103871
118334,3494,41.74333333333333,28.053900000000002,3494.0,337.18,28.053900000000002,3494.0,112.59333333333333,28.053900000000002,True,8.077457478240039,2.697277010301046
118347,11775,16.64,19.402900000000002,11775.0,398.06666666666666,33.0689,11775.0,151.61666666666667,33.2652,True,23.92227564102564,9.111578525641026
118373,3727,147.63500000000002,163.99710000000002,3494.0,1877.6666666666667,156.131,3494.0,652.865,156.2909,False,12.718303022092773,4.42215599282013
118437,3523,111.03166666666667,118.79780000000001,3523.0,1395.4350000000002,116.0292,3523.0,466.39166666666665,116.0352,True,12.567901049250215,4.2005283777901194
118447,4370,23.013333333333332,25.3583,4370.0,356.1816666666667,29.5846,30057.0,161.95166666666668,39.8872,True,15.477187137891079,7.037297219003477
118509,30057,43.263333333333335,46.612199999999994,30057.0,574.48,47.761199999999995,30057.0,271.74833333333333,48.8705,True,13.278680946143771,6.281262038677864
118526,3494,161.27,162.5712,3494.0,1718.2416666666666,142.884,3494.0,597.3083333333333,143.0439,True,10.654440792873235,3.7037783427378512
118596,30057,46.005,50.1618,30057.0,521.945,43.4201,30057.0,258.79,47.6648,True,11.345397239430497,5.625258124116944
118604,3792,63.47666666666667,64.2101,3792.0,759.9866666666666,63.1815,3792.0,273.9816666666667,67.6616,True,11.972693378144198,4.3162579425510685
118651,3523,72.42,78.8765,3523.0,2480.435,206.2271,3523.0,836.0483333333334,207.51760000000002,True,34.250690417011874,11.544439841664365
118672,4370,98.41333333333334,123.77980000000001,4370.0,1485.0766666666668,123.3107,4370.0,949.7016666666666,135.35479999999998,True,15.090197805175452,9.650132095921961
118686,3727,110.80666666666666,121.745,3494.0,2359.2316666666666,196.11370000000002,3494.0,788.13,196.3261,False,21.291423500391073,7.112658684796343
118720,3523,11.74,10.6759,3523.0,127.19833333333332,10.571399999999999,3523.0,43.18333333333333,10.577200000000001,True,10.834611016467916,3.678307779670641
118726,37376,162.715,139.9505,11775.0,1488.6016666666667,123.77189999999999,11775.0,687.025,124.6191,False,9.148521443423572,4.222259779368835
118728,3727,122.57333333333332,113.3239,3494.0,2588.25,215.2142,3494.0,927.7433333333333,215.8745,False,21.115930599369086,7.568883933427609
118736,3494,262.6333333333333,206.91639999999998,3494.0,3148.945,261.7902,3494.0,1477.7466666666667,281.3219,True,11.989890849092525,5.6266531285696155
118753,3523,3.68,4.923100000000001,3523.0,184.36166666666668,15.3331,3523.0,64.61333333333333,15.3354,True,50.09827898550725,17.55797101449275
118759,3494,107.55,83.2517,3494.0,868.125,72.22510000000001,3494.0,437.64666666666665,74.8048,True,8.071827057182706,4.069239113590578
118761,4370,120.97333333333333,113.76,4370.0,1729.5283333333332,143.72920000000002,30057.0,1034.0633333333333,169.6875,True,14.296773393585363,8.547861787721812
118782,6732,37.77333333333333,35.1781,6732.0,537.0083333333333,44.6386,6732.0,253.78333333333333,44.8568,True,14.216599011648428,6.718584539357572
118793,6502,8.360000000000001,9.7612,6919.0,205.10333333333335,17.0515,6919.0,69.475,17.0961,False,24.53389154704944,8.310406698564591
118896,3494,47.485,41.7681,3494.0,398.9266666666666,33.1494,3494.0,239.51666666666668,36.7458,True,8.401109122178934,5.044048997929171
118910,3523,70.01333333333334,90.5155,3523.0,2111.95,175.586,3523.0,712.5466666666667,176.8765,True,30.164968577413823,10.177299561988194
118918,3494,105.46499999999999,79.9735,3494.0,874.4416666666667,72.7162,3494.0,374.04,72.7868,True,8.291297270816544,3.5465794339354293
118995,37376,109.57166666666667,82.6551,8154.0,830.3199999999999,69.0722,11775.0,337.3316666666667,74.7894,False,7.577871408362866,3.078639550978812
119015,4370,142.625,123.3606,4370.0,1418.4516666666668,117.95519999999999,30057.0,751.1966666666667,120.9945,True,9.945322816243063,5.266935436751388
119026,3727,100.18833333333333,66.0362,3494.0,1879.9316666666666,156.2534,3494.0,757.825,169.2585,False,18.763977841731407,7.564004458270258
119057,3523,91.86,113.3696,3523.0,1870.2083333333333,155.47289999999998,3523.0,629.5433333333333,155.81210000000002,True,20.359333043036504,6.853291240293199
119061,3727,204.86833333333334,225.87279999999998,3494.0,3013.8966666666665,250.59560000000002,3494.0,1394.02,268.81,False,14.71138373426835,6.80446791028384
119080,3727,207.91333333333333,151.05720000000002,3494.0,2450.186666666667,203.6806,3494.0,1274.7783333333332,239.064,False,11.784653862186168,6.131296694135377
119096,8154,70.23,55.3838,8154.0,558.12,46.4045,37376.0,346.21666666666664,52.3161,True,7.947031183255019,4.9297546157862255
119124,3523,30.895,34.2339,3523.0,441.46,36.7015,3523.0,148.25833333333333,36.707300000000004,True,14.289043534552516,4.798780816744888
119126,3494,18.505,16.3574,3494.0,196.70499999999998,16.3574,3494.0,65.81,16.3574,True,10.629829775736287,3.5563361253715216
119195,3523,138.45166666666668,112.2448,3523.0,1347.99,112.1391,3523.0,786.2216666666667,112.14489999999999,True,9.73617748672822,5.678672460906935
119232,3494,149.29833333333332,149.3023,3494.0,1728.865,143.772,3494.0,586.385,143.93179999999998,True,11.579935029415378,3.9276058004666274
119235,3494,152.01000000000002,149.85739999999998,3494.0,1707.7483333333332,142.0288,3494.0,577.295,142.1887,True,11.234447295134089,3.7977435695020056
119237,3727,221.25666666666666,170.7593,3494.0,2646.588333333333,220.0374,3494.0,1282.2733333333333,233.04870000000003,False,11.96162074212453,5.795411061060307
119251,3792,60.72666666666667,42.2954,3792.0,464.79,38.6403,3792.0,196.79166666666666,38.6403,True,7.6538039301789444,3.240613678779229
119253,3494,24.533333333333335,27.1681,3494.0,337.34000000000003,26.5947,3494.0,119.21666666666667,29.5567,True,13.750271739130435,4.859375
119336,3727,236.31666666666666,184.4014,3494.0,2732.8533333333335,227.18460000000002,3494.0,1337.5800000000002,246.6908,False,11.564369842725158,5.660117074546866
119347,3655,47.695,49.509,3655.0,597.0416666666666,49.6419,3655.0,202.73999999999998,50.0659,True,12.517908935248277,4.250760037739805
119372,11020,5.156666666666666,3.57,11020.0,10.08,0.8366,11020.0,5.473333333333333,0.8599,True,1.9547511312217196,1.0614091790562379
119382,3655,10.041666666666666,7.7459,3655.0,98.99333333333334,8.2234,3655.0,44.666666666666664,8.3049,True,9.85825726141079,4.448132780082988
119409,3523,89.61833333333334,95.69789999999999,3523.0,1118.5783333333334,93.0261,3523.0,373.7916666666667,93.0295,True,12.481579289951833,4.170928567443418
119452,3494,293.205,220.1955,3494.0,3172.241666666667,263.7346,3494.0,1485.4983333333332,283.2663,True,10.81919362448344,5.066415420382781
119502,37376,159.78833333333333,143.9418,11775.0,1413.5533333333333,117.53280000000001,11775.0,635.6783333333333,118.38,False,8.846411398412483,3.9782524798431256
119515,30057,26.501666666666665,23.7731,30057.0,360.72999999999996,30.0202,30057.0,145.69,30.8146,True,13.611596754921074,5.497390101251494
119577,3523,180.11499999999998,195.4796,3523.0,2204.075,183.25629999999998,3523.0,736.6183333333333,183.29479999999998,True,12.237043000305361,4.089711203027695
119587,3494,94.35333333333332,72.431,3494.0,771.2433333333333,64.1595,3494.0,364.14833333333337,70.8793,True,8.173991379919453,3.859411432205187
119625,30057,10.156666666666666,8.2645,10972.0,164.185,13.6447,10972.0,85.435,15.034799999999999,False,16.16524450278963,8.411716442402364
119663,35125,62.92166666666667,44.1445,35125.0,466.54,38.7665,35125.0,172.46666666666667,39.0301,True,7.4146160570020925,2.7409742272137314
119677,30057,41.26833333333333,39.503800000000005,30057.0,498.0366666666667,41.4706,30057.0,207.55333333333334,44.2041,True,12.068252493841122,5.029360688178992
119695,11020,5.569999999999999,2.1252,11020.0,11.913333333333332,0.9889,11020.0,9.381666666666666,2.1252,True,2.1388390185517654,1.6843207660083783
119696,3494,28.845000000000002,24.1806,3494.0,632.4783333333332,52.5854,3494.0,428.44666666666666,53.1784,True,21.926792627260642,14.853411914254346
119721,3494,256.29333333333335,209.4691,3494.0,3239.1133333333332,269.27840000000003,3494.0,1507.8966666666668,288.81,True,12.6383050671106,5.883479866819269
119728,6732,65.81,49.2607,6732.0,651.6,54.1469,6732.0,250.61499999999998,54.1469,True,9.901230815985413,3.8081598541255124
119733,6732,59.68833333333334,47.0719,6732.0,597.74,49.670300000000005,6732.0,218.90166666666667,49.670300000000005,True,10.014352330159438,3.6674112752352492
119742,3523,115.35833333333333,121.50869999999999,3523.0,1428.0583333333334,118.74010000000001,3523.0,477.26,118.74610000000001,True,12.379325290760674,4.137195694574875
119772,3494,85.595,66.34530000000001,3494.0,697.8349999999999,58.067699999999995,3494.0,274.67,62.254400000000004,True,8.152754249664115,3.2089491208598635
119774,4370,67.47,71.50789999999999,4370.0,1462.1466666666668,121.4933,30057.0,935.6783333333333,147.48579999999998,True,21.67106368262438,13.86806481893187
119792,3494,77.17166666666667,88.20639999999999,3494.0,966.7833333333333,80.3933,3494.0,330.1066666666667,80.55210000000001,True,12.527697989331145,4.277563008876315
119865,30057,12.264999999999999,10.951799999999999,10972.0,255.07833333333335,21.1648,10972.0,91.85833333333333,21.7299,False,20.797255061829055,7.489468677809485
119870,8154,60.17666666666666,41.2796,8154.0,581.0983333333334,48.3113,37376.0,367.39833333333337,54.2228,True,9.65653907937739,6.105328754223676
119892,3770,21.21333333333333,22.3672,3770.0,225.43666666666667,18.7284,3770.0,78.32833333333333,18.7288,True,10.627121307353868,3.6924104336895036
119895,8154,86.105,60.3255,35125.0,601.6366666666667,50.005,35125.0,261.71666666666664,55.072900000000004,False,6.987244256043977,3.0395060294601546
119896,3727,136.325,119.0038,3494.0,2656.555,220.8942,3494.0,950.6283333333333,221.5545,False,19.486924628644783,6.973250198667401
119901,3523,105.605,113.14389999999999,3523.0,1327.3433333333335,110.37530000000001,3523.0,443.5516666666666,110.3813,True,12.568944020958604,4.200101005318561
119904,6732,34.38666666666666,37.4251,6732.0,733.2800000000001,60.9429,6732.0,264.615,60.9543,True,21.324544397053128,7.69527917797596
119909,8154,35.125,25.3097,3655.0,320.14000000000004,26.6221,3655.0,114.24499999999999,27.0363,False,9.114306049822066,3.2525266903914587
119918,3727,125.71000000000001,123.1665,3494.0,1771.9783333333332,147.2909,3494.0,592.3349999999999,147.4988,False,14.095762734335638,4.7119163153289305
119923,3727,91.59833333333333,99.4889,3494.0,2326.1200000000003,193.419,3494.0,819.8666666666667,193.5789,False,25.39478520351535,8.950672319365346
119932,3655,99.985,71.2012,3655.0,857.475,71.3135,3655.0,289.9633333333333,71.7531,True,8.576036405460819,2.900068343584871
119945,11775,138.52666666666667,114.0163,3494.0,1310.7883333333334,109.0186,3494.0,577.7933333333333,109.14880000000001,False,9.462353818759325,4.170989941768131
119954,3727,195.02,147.2935,3494.0,2343.7766666666666,194.82920000000001,3494.0,1201.8300000000002,207.8344,False,12.018134892147813,6.162598707824839
120012,8269,9.341666666666667,7.1775,27733.0,80.925,6.7199,27733.0,27.525,6.7199,False,8.662801070472792,2.9464763603925066
120039,3523,87.16333333333334,84.99239999999999,3523.0,2406.536666666667,200.0889,3523.0,811.23,201.3794,True,27.60950705571915,9.307009828291712
120042,30057,89.57166666666667,92.79039999999999,30057.0,1036.2416666666666,85.2392,30057.0,477.5183333333333,90.31389999999999,True,11.568855478853058,5.331131496194852
120043,6359,100.64166666666667,85.721,,,,,,,False,,
120050,4370,71.14333333333335,72.2835,4370.0,804.0183333333333,66.878,30057.0,296.47833333333335,69.9173,True,11.301386871573817,4.167338237361196
120059,3494,174.03333333333333,152.5401,3494.0,1739.2966666666666,144.6358,3494.0,588.2666666666667,144.7946,True,9.994043286726681,3.3801953648726295
120138,37376,48.791666666666664,29.797099999999997,8154.0,332.35166666666663,27.6309,37376.0,171.08333333333334,33.0471,False,6.811648163962425,3.5064047822374045
120155,8269,12.161666666666667,9.9835,6352.0,152.69833333333332,12.6921,6352.0,51.525,12.7001,False,12.555707825133615,4.23667260518021
120158,3494,34.875,25.375400000000003,3494.0,646.86,53.7801,3494.0,437.69166666666666,54.3731,True,18.54795698924731,12.550298685782556
120159,3655,20.208333333333332,9.0955,3655.0,103.905,8.64,3655.0,45.690000000000005,8.7537,True,5.141690721649485,2.260948453608248
120171,6502,14.825,14.9294,6502.0,176.54666666666665,14.648,6502.0,59.88166666666667,14.648,True,11.908712759977515,4.039235525576166
120186,3494,127.935,96.5933,3494.0,1028.2633333333333,85.55489999999999,3494.0,416.4566666666667,87.68,True,8.037388778155574,3.255220750120504
120188,3494,34.791666666666664,48.8356,3494.0,559.1583333333333,46.4949,3494.0,187.08166666666665,46.4949,True,16.071616766467066,5.377197604790419
120288,4370,52.305,69.26660000000001,4370.0,1054.195,87.561,30057.0,702.9050000000001,113.3126,True,20.15476531880317,13.438581397571935
120300,3655,4.3533333333333335,3.427,3655.0,31.461666666666666,2.6134,3655.0,10.828333333333335,2.6134,True,7.227029096477795,2.4873660030627875
120310,3792,37.690000000000005,25.0289,3792.0,283.17333333333335,23.5379,3792.0,220.48166666666665,23.7181,True,7.513221897939329,5.8498717608561055
120327,6502,27.93,37.3098,6502.0,862.3766666666667,71.6789,6502.0,294.05,73.0323,True,30.87635756056809,10.5281059792338
120337,6732,56.12833333333333,62.3933,6732.0,945.55,78.56819999999999,6732.0,415.90833333333336,78.5776,True,16.846215518009323,7.409953380645545
120338,37376,2.1133333333333333,1.1933,8154.0,12.25,1.0198,8154.0,4.78,1.0817,False,5.796529968454259,2.2618296529968456
120349,3494,110.03666666666666,65.76889999999999,11775.0,1763.2116666666666,146.5977,3494.0,909.8466666666667,201.2189,False,16.023855684468813,8.268577140953017
120368,11775,137.00666666666666,113.4135,3494.0,1303.57,108.4159,3494.0,572.0566666666667,108.546,False,9.514646489221935,4.175392924918496
120386,3727,133.67666666666668,115.5064,3494.0,1862.96,154.83970000000002,3494.0,801.3583333333333,167.8449,False,13.936313991471959,5.994751016133456
120387,3494,7.906666666666666,5.5851999999999995,3494.0,67.12166666666667,5.5851999999999995,3494.0,22.426666666666666,5.5851999999999995,True,8.48924957841484,2.836424957841484
120394,4370,57.52333333333333,74.4863,4370.0,1138.4916666666666,94.5757,30057.0,741.3066666666667,120.5317,True,19.79182360781132,12.887060323347049
120423,3792,56.638333333333335,50.1455,3792.0,591.3466666666667,49.155199999999994,3792.0,284.2116666666667,53.635400000000004,True,10.440749786658035,5.018009004502251
120509,3523,75.19333333333334,54.1268,3523.0,650.8766666666667,54.125,3523.0,217.39666666666665,54.1274,True,8.6560422023229,2.8911694299139987
120542,11775,79.555,48.711400000000005,11775.0,500.1316666666667,41.5657,11775.0,232.67000000000002,41.662,True,6.286615129993924,2.924643328514864
120639,3727,202.80333333333334,150.4832,3494.0,2382.1549999999997,198.019,3494.0,1233.7683333333334,211.0241,False,11.746133364014396,6.0835702897717
120645,37376,158.6,143.8409,11775.0,1483.1633333333334,123.314,11775.0,659.1433333333333,124.1612,False,9.351597309794032,4.156010928961749
120690,3792,51.54333333333333,38.743,3792.0,465.8066666666667,38.717800000000004,3792.0,185.69333333333333,38.717800000000004,True,9.037185539675354,3.602664424755869
120694,37376,205.94833333333332,175.4221,11775.0,1860.9333333333334,154.746,11775.0,785.6333333333333,155.7424,False,9.035923249358659,3.814710809345386
120718,3792,12.935,13.1528,3792.0,158.08666666666667,13.1403,3792.0,53.69666666666667,13.1403,True,12.221620925138513,4.151269166344544
120735,3655,127.15333333333334,121.702,3655.0,1408.5433333333335,117.09960000000001,3655.0,474.74666666666667,117.52680000000001,True,11.07751795732187,3.7336549048393017
120762,8154,38.865,29.2003,3655.0,443.97666666666663,36.9138,3655.0,183.94500000000002,37.3281,False,11.423560186971995,4.732921651871864
120787,37376,109.68166666666666,84.6545,8154.0,849.4883333333333,70.6627,11775.0,324.29833333333335,76.37989999999999,False,7.745034873649502,2.9567232445410205
120798,3494,78.35333333333332,58.986599999999996,11775.0,585.5533333333333,48.6615,11775.0,288.6566666666667,48.758,False,7.473240874670297,3.6840381179273383
120800,3523,58.443333333333335,72.3326,3523.0,2558.6116666666667,212.7174,3523.0,862.255,214.0079,True,43.77935892317344,14.753693035989278
120807,8154,46.73166666666667,32.4785,3792.0,491.14166666666665,40.842,3655.0,204.26000000000002,42.2974,False,10.509825600057063,4.370911944077892
120840,35125,12.306666666666667,9.031,35125.0,76.31333333333333,6.3374,35125.0,42.45166666666667,6.3374,True,6.200975081256772,3.4494853737811484
120846,3494,141.61333333333332,111.9295,11775.0,1219.0666666666666,101.3506,11775.0,576.1083333333333,101.6833,False,8.608417286507862,4.068178608417287
120854,4370,163.25333333333336,211.27329999999998,4370.0,2064.653333333333,171.6601,30057.0,1283.5066666666667,174.7455,True,12.646929108134593,7.862054884024827
120857,3494,78.045,76.4561,3494.0,923.8449999999999,75.8178,3494.0,322.77333333333337,75.8178,True,11.837337433531935,4.13573365793239
120858,3523,78.45166666666667,97.81389999999999,3523.0,2076.5183333333334,172.6385,3523.0,700.675,173.929,True,26.468759958360774,8.931295277346985
120862,3792,119.99499999999999,120.5938,3792.0,1434.1183333333333,119.2554,3792.0,564.015,123.7469,True,11.951484089614846,4.700320846701946
120878,3494,66.35,44.2204,3494.0,530.9233333333334,44.1679,3494.0,193.78166666666667,44.2204,True,8.001858829439842,2.9205978397387593
120913,3523,25.043333333333333,15.7259,3523.0,182.49333333333334,15.1691,3523.0,61.50666666666667,15.1714,True,7.287102355916412,2.4560095833887927
120957,3494,104.925,79.4346,3494.0,855.5,71.1631,3494.0,434.42,77.88289999999999,True,8.15344293543007,4.140290683821778
120973,37376,30.421666666666667,19.504099999999998,8154.0,208.53,17.338,37376.0,110.83666666666666,18.8853,False,6.854654029474607,3.643346299238481
120982,3727,214.11,234.1952,3494.0,2921.9100000000003,242.93970000000002,3494.0,1363.8016666666667,261.1541,False,13.646770351688385,6.369630875095356
121016,8154,39.075,29.2366,3655.0,481.82,40.0575,3655.0,198.37333333333333,40.4718,False,12.330646193218168,5.076732778844103
121023,3655,338.455,217.2988,3655.0,2546.0033333333336,211.64620000000002,3655.0,856.2133333333334,212.3384,True,7.522427895387374,2.5297700826796277
121063,8154,43.394999999999996,38.600199999999994,3655.0,309.34000000000003,25.7352,3655.0,191.60166666666666,25.7387,False,7.128471022007145,4.415293620616815
121071,30057,55.80166666666666,60.8746,30057.0,785.2199999999999,65.36580000000001,30057.0,304.915,68.28139999999999,True,14.071622711388548,5.464263313521102
121085,3727,93.34166666666667,107.5961,3494.0,1189.7466666666667,98.8907,3494.0,397.79833333333335,99.0985,False,12.746147665387019,4.261744487099366
121126,3727,89.84166666666667,61.7374,3494.0,2269.351666666667,188.6249,3494.0,887.6883333333334,201.63,False,25.259456451164088,9.880586216491977
121213,4370,70.08166666666666,94.76289999999999,4370.0,1348.4916666666666,111.9983,4370.0,817.3183333333333,115.8271,True,19.241717995671717,11.662370092035482
121214,3523,62.02166666666667,48.6395,3523.0,983.8566666666667,81.81039999999999,3523.0,484.9116666666667,81.8202,True,15.8631123532099,7.818423669147879
121235,3727,101.42,111.0845,3727.0,2579.1466666666665,214.4831,3727.0,1297.8333333333333,215.0072,True,25.430355616906592,12.796621310721093
121248,3727,120.37666666666668,127.8942,3494.0,1890.9783333333332,157.1809,3494.0,632.1633333333334,157.38879999999997,False,15.708844460443606,5.25154376540304
121251,3494,193.56166666666667,159.22070000000002,3494.0,2620.923333333333,217.8928,3494.0,1283.3633333333335,218.10629999999998,True,13.540508192910096,6.63025564634871
121259,3523,52.76166666666666,68.3985,3523.0,2608.148333333333,216.8351,3523.0,878.9216666666667,218.1267,True,49.432637331395895,16.658337808383614
121262,3727,287.1316666666667,280.5398,3494.0,3363.7233333333334,279.6423,3494.0,1549.3600000000001,299.174,False,11.714915921267245,5.395991386065625
121268,3727,109.65666666666667,113.74889999999999,3494.0,1490.7983333333332,123.9234,3494.0,529.6983333333334,124.1313,False,13.595145453992764,4.83051646046752
121284,3655,6.126666666666667,2.5815,3655.0,29.251666666666665,2.4358,3655.0,10.316666666666666,2.455,True,4.774483133841131,1.6838955386289445
121297,3523,160.03833333333333,177.409,3523.0,1988.2350000000001,165.306,3523.0,664.2216666666667,165.31429999999997,True,12.423492288305928,4.150391052143758
121300,30057,22.478333333333335,21.226,30057.0,330.23833333333334,27.4731,30057.0,139.63333333333333,28.2675,True,14.691406539630755,6.211907763031066
121315,3494,28.391666666666666,39.768800000000006,3494.0,454.7866666666667,37.8196,3494.0,152.42333333333332,37.8196,True,16.01831523334312,5.368594071030231
121341,3754,1.025,0.7807000000000001,3754.0,6.1033333333333335,0.5075,3754.0,2.39,0.5737000000000001,True,5.954471544715448,2.331707317073171
121415,6732,5.323333333333333,5.039899999999999,28254.0,566.3566666666667,47.0178,28254.0,308.1183333333333,47.152,False,106.39135879774578,57.88071383844708
121431,3727,161.645,147.0246,3727.0,1451.2733333333333,120.697,3727.0,880.0983333333334,121.1178,True,8.978151711054059,5.444636910101353
121434,4370,119.02833333333334,107.8978,4370.0,1232.4199999999998,102.4923,30057.0,596.7333333333333,105.53160000000001,True,10.354005348866515,5.013372166290939
121498,4370,94.99499999999999,131.0216,,,,,,,False,,
121504,3494,31.955,41.255300000000005,3494.0,437.24,36.360800000000005,3494.0,146.56166666666667,36.360800000000005,True,13.682991707088094,4.586501851562093
121505,3727,178.47666666666666,157.44060000000002,3494.0,1996.855,166.05020000000002,3494.0,738.9733333333334,166.209,False,11.188325271277291,4.14044786433334
121528,3494,155.22666666666666,157.40879999999999,3494.0,1780.3933333333334,148.0464,3494.0,608.125,149.7353,True,11.469635801408694,3.9176580484452845
121573,30057,56.126666666666665,58.737,30057.0,610.105,50.7695,30057.0,294.04833333333335,56.4175,True,10.870144910321892,5.239012946905809
121582,35125,54.04333333333333,41.9931,35125.0,442.825,36.801199999999994,35125.0,160.97,36.822900000000004,True,8.19388762104484,2.9785357429223462
121594,3494,77.66666666666667,85.3403,3494.0,910.0233333333333,75.6306,3494.0,304.56333333333333,75.8385,True,11.71703862660944,3.921416309012875
121595,37376,227.65333333333334,182.1888,11775.0,1942.4483333333333,161.5126,11775.0,813.2,162.514,False,8.532483600796532,3.572097926672133
121596,3494,49.75,44.203,3494.0,496.18833333333333,41.2606,11775.0,205.22,50.0835,True,9.973634840871021,4.125025125628141
121600,3494,68.55333333333333,77.8635,3494.0,822.17,68.3306,3494.0,281.33,68.5385,True,11.993144024117475,4.103812117086454
121642,3727,15.286666666666667,8.6797,3727.0,65.92333333333333,5.4909,3727.0,22.665000000000003,5.5069,True,4.312472743131269,1.4826646314871348
121644,37376,28.813333333333333,16.323,8154.0,202.63500000000002,16.8312,8154.0,122.26166666666667,17.4941,False,7.032681628875522,4.243232299861176
121749,3727,20.23,16.8313,3727.0,171.56833333333333,14.274,3727.0,64.98333333333333,14.274,True,8.480886472235953,3.212226066897347
121786,3754,43.888333333333335,61.997699999999995,3792.0,868.5316666666666,72.2265,3655.0,314.14500000000004,76.7091,False,19.78957961493183,7.1578247825921855
121809,3727,168.60666666666665,151.5683,3727.0,1512.5333333333333,125.7928,3727.0,900.5266666666666,126.2136,True,8.970780119410067,5.340990866316081
121844,4370,96.71333333333334,103.7136,4370.0,1608.6850000000002,133.6828,30057.0,994.0066666666667,159.6411,True,16.6335389811815,10.277865857861721
121845,4370,78.63333333333334,93.3287,4370.0,1412.1666666666667,117.33810000000001,30057.0,904.1316666666667,143.294,True,17.958880881729545,11.498071216617209
121902,37376,69.49499999999999,51.853300000000004,11775.0,608.8266666666666,50.6147,11775.0,217.77,50.7109,False,8.76072619133271,3.133606734297432
121916,23733,13.413333333333332,5.7942,23733.0,69.77666666666667,5.7935,23733.0,24.483333333333334,5.7942,True,5.202037773359842,1.8252982107355866
121924,6732,8.061666666666666,5.4161,6732.0,64.25333333333333,5.3295,6732.0,23.336666666666666,5.3295,True,7.970229481083317,2.8947694852181107
121939,3523,58.65333333333333,35.637800000000006,3523.0,523.855,43.562,3523.0,217.625,43.5799,True,8.931376449193,3.710360309161173
121954,3727,34.66166666666666,25.8535,3727.0,279.8283333333333,23.2655,3727.0,102.70166666666667,23.628400000000003,True,8.073135548396404,2.962975429148435
121963,3727,122.84833333333333,129.7641,3494.0,2304.463333333333,191.6211,3494.0,820.285,204.34529999999998,False,18.758604783676347,6.6772171647967005
121967,8154,34.00833333333333,24.8736,3655.0,315.6,26.2445,3655.0,112.69333333333334,26.6588,False,9.280078412153884,3.313697623131586
121968,30057,82.15,87.8714,30057.0,960.6783333333333,79.9528,30057.0,427.915,85.3593,True,11.694197606005273,5.208947048082775
121972,3727,295.93833333333333,306.331,11775.0,3932.686666666667,327.01959999999997,11775.0,1986.8183333333334,358.633,False,13.28887211862832,6.713622770509622
122003,37376,62.19166666666667,39.9408,11775.0,447.64166666666665,37.2053,11775.0,157.01666666666668,37.3016,False,7.197775693420875,2.5247219616776095
122049,6359,154.77666666666667,131.1082,,,,,,,False,,
122077,37376,86.125,55.98,8154.0,637.4733333333334,52.991699999999994,11775.0,365.90833333333336,68.64460000000001,False,7.401722302854378,4.248572810836962
122110,3523,56.78666666666666,70.5956,3523.0,2605.5033333333336,216.61370000000002,3523.0,884.8533333333332,217.9042,True,45.8823080535337,15.582061516787977
122180,3727,56.23833333333334,76.5927,3494.0,2597.665,215.9891,3494.0,912.635,216.64939999999999,False,46.190291319681116,16.22798802714637
122186,3523,141.67833333333334,101.8783,3727.0,1264.405,105.125,3727.0,504.005,107.2833,False,8.9244768077923,3.5573893914618795
122208,30057,29.25,30.7044,30057.0,362.12833333333333,30.154,30057.0,149.42666666666668,31.6211,True,12.38045584045584,5.108603988603989
122234,8154,45.931666666666665,32.146,3792.0,451.98833333333334,37.590199999999996,3655.0,209.85333333333335,43.3354,False,9.840451395188506,4.568815994774847
122235,3494,146.71833333333333,118.974,11775.0,1296.325,107.7614,11775.0,593.0716666666667,108.6085,False,8.835467051379627,4.04224648135316
122273,4370,104.31,116.8253,4370.0,1647.7633333333333,136.9147,30057.0,994.0783333333333,162.8707,True,15.79679161473812,9.53003866679449
122293,3494,167.495,161.83939999999998,3494.0,1849.6,153.7993,3494.0,625.9699999999999,154.1651,True,11.042717693065464,3.7372458879369526
122316,6359,108.52666666666667,92.62519999999999,,,,,,,False,,
122318,11775,138.675,117.2241,3792.0,1105.5366666666666,91.902,3792.0,399.28,91.9086,False,7.972141097289826,2.8792500450694063
122334,3792,41.60166666666667,27.7683,3792.0,316.11333333333334,26.2774,3792.0,248.535,26.4575,True,7.59857377508914,5.9741596891150195
122357,3494,162.90833333333333,134.6994,11775.0,1859.5883333333334,154.5895,3494.0,880.3116666666666,194.1229,False,11.414936825413065,5.403723975650928
122361,6502,20.295,20.7832,6502.0,246.54166666666666,20.4524,6502.0,83.01333333333334,20.4524,True,12.147901782048121,4.0903342366757
122387,3523,46.475,64.504,3523.0,1295.9199999999998,107.75760000000001,3523.0,695.4300000000001,107.80680000000001,True,27.884238838084986,14.963528778913394
122393,3727,218.70833333333334,157.0469,3494.0,2425.858333333333,201.6649,3494.0,1270.7616666666665,214.67010000000002,False,11.091750809678032,5.810302914840921
122425,4370,143.94666666666666,146.7919,4370.0,1396.53,115.9284,4370.0,895.34,122.4567,True,9.701718228973695,6.219942571322712
122454,3727,169.09333333333333,153.1922,3727.0,1442.5716666666667,119.9782,3727.0,877.7883333333334,120.399,True,8.531215502286706,5.191146901119698
122480,3727,148.69166666666666,165.4638,3494.0,1983.71,164.9761,3494.0,731.0783333333333,175.7417,False,13.341097349100489,4.916740458443087
122492,3792,42.97,28.3451,3792.0,341.04,28.3451,3792.0,155.36833333333334,28.3451,True,7.936700023272051,3.615739663331006
122500,3523,85.64666666666668,98.3124,3523.0,2352.205,195.5725,3523.0,793.295,196.863,True,27.464057756674706,9.262415349887132
122546,3494,30.428333333333335,13.9176,3494.0,167.325,13.9176,3494.0,55.958333333333336,13.9176,True,5.4989866900366975,1.8390206496138468
122573,3523,13.215,10.3045,3523.0,121.115,10.0731,3523.0,41.09,10.0755,True,9.164964055996974,3.109345440786985
122623,3494,137.47666666666666,110.591,11775.0,1195.6266666666668,99.3965,11775.0,559.0283333333333,100.2204,False,8.696942511456491,4.06635065344422
122664,3523,51.56166666666666,58.4886,3523.0,760.2,63.2012,3523.0,282.575,63.2504,True,14.743511006238487,5.4803309952484085
122683,3727,226.1616666666667,175.2456,3494.0,2622.7633333333333,218.0288,3494.0,1300.505,237.535,False,11.596851809546267,5.7503334635253545
122722,4370,114.51666666666667,111.0781,4370.0,1697.2733333333333,141.0472,30057.0,1023.2816666666666,167.00560000000002,True,14.821190510842673,8.935657109591034
122744,3523,124.06166666666667,99.18180000000001,3523.0,1077.5033333333333,89.5337,3523.0,482.64833333333337,109.43260000000001,True,8.685223746255222,3.8903905315904725
122758,37376,179.22333333333333,128.15810000000002,11775.0,1991.5983333333331,165.5977,11775.0,876.015,166.4449,False,11.112383060241411,4.887840124983726
122779,3727,13.751666666666667,16.247600000000002,3727.0,110.5,9.1915,3727.0,44.559999999999995,9.1915,True,8.035389649739425,3.2403345049084957
122798,3727,130.94166666666666,130.8285,3727.0,2337.213333333333,194.3656,3727.0,1216.845,194.8897,True,17.849271304015783,9.293031248011202
122803,3494,53.31666666666667,39.209300000000006,11775.0,1059.9583333333333,88.1006,11775.0,684.14,88.43339999999999,False,19.88043138480775,12.831634885901844
122859,3523,33.13166666666667,45.9645,3523.0,1016.83,84.5365,3523.0,434.97,84.5857,True,30.69057799688113,13.128527591931183
122861,3523,64.145,77.5763,3523.0,1189.6216666666667,98.9345,3523.0,608.9816666666667,99.0183,True,18.545820666718633,9.493829085145634
122925,3523,90.53666666666666,110.95989999999999,3523.0,1882.5449999999998,156.5034,3523.0,635.9933333333333,157.79379999999998,True,20.793177718051616,7.024704539597217
122940,30057,8.411666666666667,6.7386,10972.0,180.98999999999998,15.0447,10972.0,92.88666666666667,16.5975,False,21.516544481870415,11.042599564097484
122981,3727,83.52833333333334,95.152,3494.0,1435.0,119.2764,3494.0,479.745,119.4842,False,17.17979926970888,5.743500209509747
122996,6502,10.098333333333333,12.3546,6919.0,221.88833333333332,18.4478,6919.0,74.685,18.4478,False,21.97276778346262,7.395774880343292
123015,3494,166.11833333333334,147.2661,3494.0,1675.905,139.3618,3494.0,567.0716666666667,139.5206,True,10.088621564948681,3.4136609445074297
123017,4370,21.011666666666667,25.3545,4370.0,406.1616666666667,33.7392,30057.0,179.93666666666667,44.398,True,19.330292694534783,8.563655112239232
123018,4370,29.121666666666666,29.072,4370.0,385.4533333333333,32.0223,4370.0,192.44,35.319199999999995,True,13.235964058833629,6.608138270474447
123038,30057,20.19,24.1492,30057.0,358.6933333333333,29.841900000000003,30057.0,147.85166666666666,31.492900000000002,True,17.765890704969454,7.323014693742776
123053,3727,142.82833333333335,119.31160000000001,3494.0,1967.1216666666667,163.5096,3494.0,888.1766666666666,176.5147,False,13.772629146877952,6.2184907289636735
123054,3494,45.67166666666667,41.549099999999996,3494.0,464.3366666666667,38.6066,11775.0,219.38333333333333,53.5935,True,10.166843046381784,4.803488669123818
123069,3494,286.30333333333334,218.18120000000002,3494.0,3131.8683333333333,260.37489999999997,3494.0,1505.1666666666667,279.9067,True,10.938986622579781,5.257244647285513
123087,3494,37.919999999999995,35.3272,3494.0,416.87166666666667,34.6462,3494.0,140.03166666666667,34.854099999999995,True,10.99345112517581,3.6928182137834042
123091,30057,38.108333333333334,40.7339,30057.0,570.035,47.3846,30057.0,278.1816666666667,49.4766,True,14.958276842335446,7.29975945768642
123125,3727,177.89,157.7047,3727.0,1586.2816666666665,131.92929999999998,3727.0,925.1783333333333,132.3501,True,8.917205389098132,5.200845091535968
123135,6502,15.8,19.2955,6502.0,555.1816666666667,46.1133,6502.0,210.84333333333333,47.0517,True,35.138080168776376,13.34451476793249
123137,3727,236.10333333333335,179.3709,3494.0,2623.0416666666665,218.0515,3494.0,1299.7383333333335,236.8059,False,11.109718908387569,5.5049554573562425
123165,30057,22.69333333333333,19.0596,4370.0,197.68833333333333,16.459400000000002,30057.0,76.545,18.954900000000002,False,8.711295534665101,3.373017038777909
123168,3727,114.44166666666666,124.1632,3494.0,2371.835,197.222,3494.0,797.825,198.74439999999998,False,20.72527488531275,6.971455617854803
123182,3727,146.03833333333333,143.9204,3494.0,2140.4216666666666,177.9793,3494.0,789.1766666666666,178.1381,False,14.656574187142645,5.4039008023007655
123201,3727,104.03,116.8907,3494.0,2411.3233333333333,200.50279999999998,3494.0,831.0616666666666,200.6627,False,23.17911499887853,7.988673139158576
123230,30057,48.611666666666665,45.078199999999995,30057.0,580.0333333333333,48.2919,30057.0,222.56666666666666,49.778400000000005,True,11.93197792025234,4.578461960434738
123270,3494,11.176666666666668,9.075899999999999,3494.0,109.13666666666667,9.075899999999999,3494.0,36.63166666666667,9.075899999999999,True,9.764688338801074,3.277512675216224
123324,3494,84.75333333333333,83.55330000000001,3494.0,1004.265,82.5133,3494.0,349.8833333333333,82.5133,True,11.849268465350429,4.1282545425941946
123337,3727,57.419999999999995,77.3089,3494.0,2589.2916666666665,215.29420000000002,3494.0,909.8966666666668,215.9545,False,45.09389875769186,15.846336932543831
123368,30057,33.18,37.648900000000005,30057.0,673.6416666666667,56.0019,30057.0,323.31666666666666,57.2089,True,20.302642153907975,9.74432388989351
123374,3727,92.81,107.0318,3494.0,1196.5466666666666,99.455,3494.0,400.065,99.6629,False,12.89243256832956,4.31058075638401
123423,4370,2.6633333333333336,2.0673000000000004,4370.0,27.31833333333333,2.2676,4370.0,10.118333333333334,2.2676,True,10.257196495619523,3.7991239048811014
123435,3727,61.405,59.2928,3494.0,1981.9516666666668,164.6875,3494.0,692.3583333333333,164.8954,False,32.27671470835708,11.275276171864398
123448,3494,178.54500000000002,145.00889999999998,11775.0,2052.0,170.58079999999998,3494.0,921.6033333333332,201.4794,False,11.492900949340502,5.161742604572142
123517,3727,112.08666666666666,122.4738,3494.0,1951.375,162.2094,3494.0,652.6566666666666,162.4172,False,17.40951941949682,5.822785939451615
123524,3655,62.86333333333334,62.155699999999996,3792.0,642.2333333333333,53.3801,3655.0,239.08666666666667,57.8615,False,10.216342329922053,3.8032769499973487
123551,4370,13.608333333333333,15.226299999999998,4370.0,269.285,22.4007,30057.0,115.12333333333332,28.5549,True,19.788242498469078,8.459767299448867
123572,3727,159.50333333333336,202.1262,3494.0,1814.5833333333333,150.91170000000002,3494.0,696.0300000000001,151.082,False,11.376460262063487,4.3637332553133685
123634,4370,40.00833333333333,53.1055,4370.0,1140.2949999999998,94.696,30057.0,783.565,120.2642,True,28.501437200583208,19.585044782337015
123679,4370,114.74833333333332,134.6165,4370.0,1366.07,113.396,4370.0,882.3716666666667,122.42,True,11.904922366337928,7.689625121643017
123780,3494,152.48999999999998,122.82430000000001,11775.0,1342.5600000000002,111.6117,11775.0,608.48,112.4589,False,8.80424945898092,3.9902944455374127
123792,37376,55.67833333333333,35.8894,8154.0,412.925,34.3236,11775.0,250.15333333333334,49.6962,False,7.416260065255786,4.492830843835125
123860,3494,73.69333333333334,56.184599999999996,11775.0,602.0566666666667,50.034,11775.0,270.13,56.3731,False,8.169757553826669,3.6655961642844215
123891,3754,82.96166666666666,85.4192,3754.0,1011.1966666666667,84.0807,3754.0,340.92833333333334,84.572,True,12.188721698776545,4.10946822829821
123922,3655,15.625,14.9839,3655.0,181.93166666666667,15.1168,3655.0,64.08333333333333,15.540799999999999,True,11.643626666666666,4.101333333333333
123975,3494,164.11499999999998,90.0188,11775.0,1520.6233333333332,126.3923,11775.0,801.7116666666666,126.81710000000001,False,9.26559627903198,4.885060272776204
123977,6733,34.67833333333333,13.1637,6733.0,251.94500000000002,13.0019,6733.0,133.20666666666665,18.4447,True,7.265199211803722,3.8412072860095163
123990,3655,49.65,51.259,3655.0,618.11,51.3919,3655.0,210.05166666666668,51.8159,True,12.449345417925478,4.230647868412219
123991,30057,17.64333333333333,18.3684,30057.0,216.12833333333336,17.993299999999998,30057.0,95.78333333333333,18.350900000000003,True,12.249858303419614,5.428868316644626
124010,3494,47.263333333333335,24.8006,3494.0,298.0833333333333,24.795,3494.0,99.68,24.8006,True,6.306862261090344,2.1090344876225404
124016,3523,20.243333333333332,20.9148,3523.0,1196.0733333333333,99.4532,3523.0,664.4933333333333,99.459,True,59.08480158076733,32.82529227729294
124056,37376,39.35666666666667,25.6062,11775.0,268.2633333333333,22.299799999999998,11775.0,108.85333333333332,22.396099999999997,False,6.816210722452782,2.765816888286609
124061,3655,61.07,60.0279,3655.0,723.4599999999999,60.1609,3655.0,279.77833333333336,60.584900000000005,True,11.846405763877517,4.581272856285138
124064,8269,27.076666666666664,21.0983,6502.0,1109.1033333333332,92.0977,6502.0,376.21500000000003,92.11139999999999,False,40.96159054536501,13.894435553366986
124071,3523,119.90666666666667,126.06410000000001,3523.0,1482.0666666666666,123.22630000000001,3523.0,495.2116666666667,123.2346,True,12.36016902034916,4.129976092516402
124111,3523,35.96,26.219900000000003,3523.0,424.84833333333336,35.3309,3523.0,169.52833333333334,35.348800000000004,True,11.814469781238413,4.714358546533185
124133,3727,107.15833333333333,109.6798,3494.0,1982.7433333333333,164.80429999999998,3494.0,901.0016666666667,177.8095,False,18.502931798740182,8.40813438058947
124139,3523,54.525,60.7957,3523.0,843.4316666666667,70.1101,3523.0,346.9916666666667,71.4233,True,15.468714656885222,6.3639003515207095
124148,37376,32.72833333333333,18.6975,8154.0,223.78,18.592,8154.0,124.05666666666666,26.8581,False,6.837500636553445,3.790497530172633
124180,3494,120.20166666666667,88.6945,3494.0,933.6183333333333,77.668,3494.0,459.5833333333333,80.2476,True,7.767099735167288,3.823435615146767
124190,3727,240.02666666666667,187.93370000000002,3494.0,2775.2816666666668,230.717,3494.0,1351.3466666666668,250.22320000000002,False,11.562388901233197,5.629985557160316
124209,4370,22.165000000000003,19.1661,4370.0,261.07166666666666,21.6862,4370.0,128.80166666666668,21.7557,True,11.778554778554776,5.81103842394165
124210,3727,270.86,295.01759999999996,11775.0,3812.455,317.0174,11775.0,1919.7033333333334,348.63079999999997,False,14.075371040389868,7.087437544610992
124247,30057,28.891666666666666,35.999300000000005,30057.0,479.25333333333333,39.9054,30057.0,193.55499999999998,42.725300000000004,True,16.58794346697433,6.699336602249783
124258,35125,43.044999999999995,29.2729,35125.0,308.5066666666667,25.6296,35125.0,196.40666666666667,30.5332,True,7.167073217950209,4.56282185309947
124268,11775,115.92666666666668,100.4858,35125.0,963.12,80.0432,35125.0,439.69,81.0273,False,8.308010811432514,3.7928287998159753
124274,3494,15.958333333333334,15.5839,3494.0,518.965,43.144,3494.0,333.84833333333336,43.737,True,32.52,20.92
124292,3727,14.225,17.2374,3727.0,202.70333333333335,16.863799999999998,3727.0,76.85833333333333,17.1959,True,14.2497949619215,5.403046280023434
124305,3494,53.06333333333334,35.2323,3494.0,423.5466666666667,35.2323,3494.0,142.52,35.2323,True,7.98190841133237,2.685847100948552
124307,3523,85.43666666666667,64.9423,3523.0,780.8016666666666,64.9405,3523.0,260.70666666666665,64.9429,True,9.138952830556747,3.0514611212984275
124397,4317,3.1333333333333333,2.2051999999999996,11129.0,22.285,1.8477000000000001,11129.0,8.035,1.9130999999999998,False,7.112234042553192,2.5643617021276595
124399,3494,63.55333333333333,51.9587,3494.0,600.92,49.9929,3494.0,211.30833333333334,52.5131,True,9.455365572222805,3.3248977236966333
124439,3523,19.565,20.293200000000002,3523.0,353.5733333333334,29.4042,3523.0,133.80833333333334,29.422099999999997,True,18.071726722889515,6.839168583354629
124499,3727,198.75166666666667,152.49429999999998,3494.0,2428.9883333333332,201.929,3494.0,1209.865,214.9376,False,12.221222463543283,6.087320022473606
124614,37376,49.30833333333333,30.3957,8154.0,332.175,27.617,37376.0,168.8,33.033199999999994,False,6.736690890654049,3.4233564306236275
124634,3523,13.139999999999999,17.2694,3523.0,268.92333333333335,22.3693,3523.0,90.59333333333333,22.3934,True,20.46600710299341,6.894469812278032
124641,3727,45.86333333333334,64.7568,3494.0,2612.108333333333,217.1875,3494.0,917.4483333333334,217.84779999999998,False,56.954175448797145,20.003961043680498
124658,3727,38.894999999999996,54.908,3494.0,2843.938333333333,236.4761,3494.0,1013.0699999999999,237.13639999999998,False,73.11835283026953,26.04627844195912
124678,8154,57.681666666666665,48.1935,8154.0,611.7116666666666,50.849599999999995,37376.0,393.09666666666664,56.7611,True,10.604958247854603,6.814932532000347
124713,3523,206.73999999999998,207.6294,3523.0,2350.44,195.4363,3523.0,785.61,195.4446,True,11.369062590693627,3.7999903260133507
124779,3727,221.1,170.6326,3494.0,2567.235,213.4159,3494.0,1281.9283333333333,232.9221,False,11.611194029850747,5.797957183778079
124799,3727,114.58833333333334,110.0468,3494.0,2548.855,211.93710000000002,3494.0,914.44,212.5974,False,22.243582098235713,7.980219044987128
124858,4370,138.97166666666666,131.7432,4370.0,1426.5383333333334,117.272,30057.0,744.9449999999999,120.3113,True,10.264958084981352,5.360409196119113
124873,3523,110.74166666666666,131.5826,3523.0,1620.72,134.745,3523.0,541.9150000000001,134.7534,True,14.63514184664008,4.893505907141246
124982,30057,55.836666666666666,65.30380000000001,4370.0,1261.2166666666667,101.4406,30057.0,620.0166666666667,105.4756,False,22.58760671004716,11.104113187272402
124988,3494,31.790000000000003,24.428099999999997,3494.0,642.2116666666666,53.4051,3494.0,368.5833333333333,54.6649,True,20.20168816189577,11.59431687113348
125009,3523,55.836666666666666,57.7395,3523.0,693.1316666666667,57.635,3523.0,244.47166666666666,57.640800000000006,True,12.413557399558236,4.3783356217539255
125013,4370,100.96499999999999,139.20729999999998,,,,,,,False,,
125041,3727,216.665,156.7908,3494.0,2724.665,226.5172,3494.0,1297.7716666666668,244.72379999999998,False,12.575473657489674,5.989761459703537
125048,3494,152.05166666666668,93.2287,11775.0,1150.8233333333333,92.8772,11775.0,697.6383333333334,93.21,False,7.568633468886671,4.5881663031206505
125078,3523,182.70166666666668,194.0094,3523.0,2186.766666666667,181.81629999999998,3523.0,730.735,181.8246,True,11.969057023745451,3.9996077393929994
125110,4370,101.85333333333332,133.88,4370.0,1622.035,134.6429,4370.0,1069.7483333333334,151.9109,True,15.92520290613955,10.50283086791465
125134,37376,29.263333333333332,16.8346,8154.0,207.43333333333334,17.2325,8154.0,117.50666666666666,26.571,False,7.088506663629116,4.015491513839845
125140,11775,3.1783333333333332,2.6681999999999997,8154.0,19.62,1.6287,8154.0,9.623333333333333,1.7058,False,6.1730466701625595,3.027792343995805
125148,4370,21.368333333333332,21.4615,4370.0,338.79833333333335,28.14,4370.0,157.81333333333333,29.11,True,15.855159503938852,7.385383355432494
125255,3727,156.04,206.40370000000001,3494.0,1867.425,155.309,3494.0,639.745,155.4688,False,11.96760446039477,4.099878236349654
125256,3727,136.85666666666665,116.83139999999999,3494.0,1867.7566666666667,155.2646,3494.0,814.625,169.16989999999998,False,13.647538787539276,5.9523954502277325
125282,15598,3.6633333333333336,1.6896,15598.0,15.585,1.2952000000000001,15598.0,6.218333333333334,1.2977,True,4.254322111010009,1.697452229299363
125318,3655,1.0433333333333334,0.7485,3655.0,11.066666666666666,0.9201,3655.0,4.115,0.9201,True,10.607028753993609,3.9440894568690092
125322,3727,141.4,95.8532,3494.0,2718.023333333333,226.0106,3494.0,971.1116666666666,226.6709,False,19.22223008015087,6.867833569071192
125324,10972,17.453333333333333,16.9813,11020.0,157.535,13.082799999999999,11020.0,58.50333333333333,14.0945,False,9.026069518716577,3.3519862490450723
125379,8154,34.99,26.6181,3655.0,431.48833333333334,35.868,3655.0,188.28833333333333,36.3031,False,12.331761455653997,5.381204153567685
125416,6502,7.8983333333333325,9.6355,6919.0,201.69666666666666,16.7679,6919.0,67.915,16.7679,False,25.536611099388058,8.598649504114794
125484,3727,114.19333333333334,111.8397,3494.0,1801.9466666666667,149.77620000000002,3494.0,750.3416666666667,162.7814,False,15.779788662502188,6.570800980792807
125540,4370,76.70166666666667,102.36760000000001,4370.0,1458.6683333333335,121.1455,4370.0,904.2533333333333,125.1895,True,19.01742682688338,11.789226657395536
125562,4370,65.16166666666666,84.74130000000001,4370.0,1214.8,100.8956,30057.0,811.6683333333333,130.0641,True,18.64286262373072,12.456224262731157
125576,4370,59.01,61.158300000000004,4370.0,670.44,55.7528,30057.0,236.59166666666667,58.7921,True,11.361464158617185,4.009348697960798
125590,3727,131.13166666666666,167.5478,3494.0,1702.085,141.5404,3494.0,578.7916666666666,141.69920000000002,False,12.979969242110348,4.41382071454899
125591,3727,143.58333333333334,143.5275,3494.0,2192.3533333333335,182.2764,3494.0,759.1133333333333,182.4363,False,15.268856645385954,5.286918165989553
125671,3655,20.038333333333334,9.8475,3655.0,101.15333333333334,8.407200000000001,3655.0,34.20666666666667,8.407200000000001,True,5.047991349912667,1.7070614655244116
125710,3523,261.8483333333333,159.8881,3727.0,1961.7816666666665,163.13479999999998,3727.0,1061.505,165.2931,False,7.492053287844745,4.053892520479414
125761,3727,256.01,200.3649,3494.0,2924.0833333333335,243.09570000000002,3494.0,1401.5333333333333,262.6019,False,11.421754358553704,5.474525734671823
125780,3494,112.82333333333332,97.83210000000001,3494.0,1117.7983333333332,92.96239999999999,3494.0,426.655,94.5792,True,9.907510266788785,3.781620232221467
125807,3523,14.635,15.065700000000001,3523.0,290.72833333333335,24.1768,3523.0,104.81166666666667,24.1791,True,19.86527730326842,7.161712788976199
125868,30057,39.93833333333334,43.5415,30057.0,586.4683333333334,48.7608,30057.0,276.59166666666664,49.8856,True,14.684346701164293,6.925468430497014
125886,3727,246.13833333333332,188.448,3494.0,2781.5566666666664,231.2312,3494.0,1353.5966666666668,250.7374,False,11.300786143293404,5.499333030883718
125898,3655,3.518333333333333,2.3845,3655.0,34.68333333333333,2.8824,3655.0,13.45,2.9618,True,9.857887257224064,3.822832780672667
125941,30057,30.936666666666667,29.0477,30057.0,393.9933333333333,32.801,30057.0,164.32833333333335,34.271699999999996,True,12.73548109039974,5.311765973494236
126010,3494,97.51,104.37519999999999,3494.0,1163.2683333333334,96.73310000000001,3494.0,395.585,96.8929,True,11.929733702526237,4.0568659624653876
126062,3494,79.70333333333333,64.5374,3494.0,630.4133333333334,52.4356,3494.0,234.43833333333333,52.4424,True,7.909497720714317,2.9413868094182596
126098,3494,143.77833333333334,147.27779999999998,3494.0,1670.4833333333333,138.90370000000001,3494.0,566.725,139.449,True,11.618463607173078,3.941657876128763
126104,3494,70.31166666666667,48.3376,3494.0,492.42,40.953,3494.0,168.69333333333333,41.6394,True,7.003389669803494,2.3992225093038138
126146,3523,76.04666666666667,80.44839999999999,3523.0,2472.9083333333333,205.6024,3523.0,834.2933333333333,206.8929,True,32.51830016656439,10.970807398965547
126159,3792,60.894999999999996,44.8722,3792.0,539.5733333333334,44.8469,3792.0,210.44833333333332,44.8469,True,8.860716533924517,3.455921394750527
126162,3727,34.03333333333333,25.3074,3727.0,172.53166666666667,14.3497,3727.0,101.23833333333333,23.0936,True,5.06949069539667,2.9746816846229187
126187,4370,94.30833333333334,108.094,4370.0,1542.76,128.1834,30057.0,942.3183333333333,154.1394,True,16.358681629407087,9.99188830962269
126204,4370,88.66000000000001,96.5548,4370.0,1531.35,127.25110000000001,30057.0,963.7716666666668,153.2095,True,17.272163320550415,10.870422588164523
126205,3727,123.195,125.60510000000001,3727.0,2402.3716666666664,199.78070000000002,3727.0,1239.27,200.3048,True,19.500561440534653,10.059417995860223
126216,3494,165.17333333333332,135.4426,3494.0,2795.82,232.4532,3494.0,1419.2583333333334,232.6668,True,16.926582176299647,8.59253915079109
126270,30057,15.713333333333333,17.539900000000003,30057.0,208.45499999999998,17.357599999999998,30057.0,92.96166666666666,17.7152,True,13.266122189223589,5.916100975816716
126286,35125,25.451666666666664,17.6602,35125.0,179.94666666666666,14.943200000000001,35125.0,112.20833333333333,19.4249,True,7.070132931700609,4.408683124877219
126340,37376,48.63666666666666,31.4987,8154.0,344.9483333333334,28.679299999999998,37376.0,194.84833333333333,34.136199999999995,False,7.09235144952368,4.006202453567267
126343,3494,17.018333333333334,23.2321,3494.0,279.0183333333333,23.194,3494.0,93.11333333333333,23.194,True,16.395162080109685,5.4713544217020855
126351,3523,99.95166666666667,107.042,3523.0,1253.9283333333333,104.2734,3523.0,419.09000000000003,104.2794,True,12.545346917676877,4.192926581180904
126377,3727,76.39666666666668,56.1475,3494.0,2108.7933333333335,175.2706,3494.0,834.285,188.2757,False,27.603211309393952,10.920437191849555
126415,4370,83.275,102.9351,4370.0,1271.1216666666667,105.55369999999999,4370.0,796.91,108.80630000000001,True,15.264144901431001,9.569618733113177
126421,6502,24.418333333333333,24.59,,,,,,,False,,
126464,3494,54.41,39.53,3494.0,458.44666666666666,38.12,3494.0,163.16666666666666,40.5835,True,8.425779574833058,2.998835998284629
126471,3494,119.41666666666667,102.15939999999999,3494.0,1167.055,97.0529,3494.0,449.555,98.688,True,9.772965806001396,3.7645917655268666
126484,37376,146.21833333333333,134.4869,11775.0,1432.9866666666667,119.14569999999999,11775.0,643.2733333333333,119.9928,False,9.800321437120289,4.3994027196771945
126495,3523,122.41666666666667,102.0143,3523.0,1224.995,101.9086,3523.0,687.7800000000001,101.9144,True,10.006766507828454,5.618352620830497
126523,37376,59.361666666666665,38.336,8154.0,442.4,36.770300000000006,8154.0,283.49666666666667,44.0855,False,7.452620939439032,4.775753151584918
126533,3523,66.67,77.73089999999999,3523.0,2571.8166666666666,213.818,3523.0,866.8116666666666,215.1085,True,38.575321233938304,13.001524923753811
126539,3727,78.325,56.9453,3494.0,2211.805,183.8328,3494.0,868.4733333333334,196.8379,False,28.23881263964251,11.088073199276518
126544,4370,171.61,216.6351,4370.0,2085.5833333333335,173.4032,30057.0,1300.8316666666665,176.48860000000002,True,12.153040809587631,7.580162383699472
126551,3727,89.58999999999999,98.7716,3494.0,2434.601666666667,202.4427,3494.0,874.6483333333333,203.103,False,27.17492651709641,9.762789745879378
126580,6732,49.25333333333333,53.8529,6732.0,945.55,78.56819999999999,6732.0,415.90833333333336,78.5776,True,19.197685435841905,8.444267731456417
126596,3727,162.425,212.8953,3494.0,1920.4633333333334,159.71329999999998,3494.0,666.365,161.9822,False,11.823692986506591,4.102601200554101
126670,3523,149.25166666666667,130.5585,3523.0,1537.7433333333333,127.8877,3523.0,548.1866666666666,135.83610000000002,True,10.303022858482876,3.6729014751370723
126672,3523,46.559999999999995,48.924800000000005,3523.0,681.1516666666666,56.6409,3523.0,271.8183333333333,56.6588,True,14.629546105383735,5.838022623138603
126690,3727,22.371666666666666,30.7012,3494.0,2283.7816666666668,189.8111,3494.0,904.9483333333334,202.84,False,102.083662370558,40.450644416300385
126739,3494,78.63166666666666,86.3793,3494.0,922.51,76.6696,3494.0,308.72333333333336,76.8775,True,11.7320417982577,3.9261959770236765
126747,4370,72.74666666666667,98.741,4370.0,1493.335,124.0253,4370.0,933.1733333333334,128.0693,True,20.52788214809384,12.827712609970675
126752,3727,34.468333333333334,48.6209,3494.0,2301.8733333333334,191.3114,3494.0,914.3283333333333,204.3165,False,66.78226391373725,26.526618635462498
126782,8012,0.7583333333333333,0.4422,8012.0,5.506666666666666,0.4568,8012.0,2.52,0.471,True,7.261538461538461,3.3230769230769233
126811,37376,148.59166666666667,135.07979999999998,11775.0,1579.3933333333334,131.3117,11775.0,700.5616666666666,132.1589,False,10.629084179238406,4.714676686669283
126824,3792,57.169999999999995,37.077400000000004,3792.0,588.5416666666666,48.9279,3655.0,237.06833333333333,57.4711,True,10.294589236779197,4.146726138417585
126838,4370,35.82166666666667,45.901300000000006,4370.0,752.2900000000001,62.4936,30057.0,348.68,77.0771,True,21.000977062299352,9.73377378681431
126870,30057,84.56,77.45519999999999,30057.0,835.2866666666666,69.5291,30057.0,404.00333333333333,74.9217,True,9.8780353200883,4.777712078208767
126874,4370,87.70833333333333,110.3742,,,,,,,False,,
126882,30057,75.30333333333333,82.302,30057.0,910.61,75.7987,30057.0,387.3616666666667,79.9825,True,12.092558983666063,5.144017529104511
126890,3523,12.201666666666666,15.9414,3523.0,1235.2516666666668,102.708,3523.0,676.0300000000001,103.13560000000001,True,101.23630651550336,55.404726130310074
126931,4370,17.851666666666667,19.8246,4370.0,240.095,19.9741,30057.0,96.73166666666665,23.956599999999998,True,13.449444496312202,5.418635048081411
126974,11020,9.22,7.3049,11020.0,67.52666666666667,5.6235,11020.0,35.14,7.5009,True,7.323933477946493,3.811279826464208
126976,4370,120.89333333333335,146.56889999999999,4370.0,1530.4716666666668,127.0116,4370.0,944.7883333333334,138.0371,True,12.659686224771148,7.8150573508326895
126978,3792,11.621666666666666,12.123700000000001,3792.0,104.13000000000001,8.649700000000001,3792.0,36.294999999999995,8.8226,True,8.959988527176252,3.1230460347052915
127019,3494,50.43833333333334,33.7663,3494.0,497.4533333333333,41.3705,3494.0,173.595,42.1639,True,9.862604500545219,3.4417275220566363
127053,3494,85.02833333333334,93.2806,3494.0,1005.5883333333334,83.5709,3494.0,336.4116666666667,83.7788,True,11.82650881078856,3.9564654918948587
127081,3494,64.80666666666667,78.8334,3494.0,856.145,71.1923,3494.0,293.08,71.3511,True,13.210755066351197,4.522374241333195
127104,11020,13.2,10.5185,11020.0,100.6,8.3672,11020.0,34.74,8.470799999999999,True,7.621212121212121,2.6318181818181823
127135,3523,70.14333333333335,54.7741,3523.0,658.6483333333333,54.7722,3523.0,219.96666666666667,54.7746,True,9.390034690871072,3.135959701563465
127165,3727,96.57333333333332,109.2328,3523.0,5617.9400000000005,462.6246,3523.0,2204.55,467.68690000000004,False,58.17278751898386,22.827730222283588
127203,3655,11.54,10.5806,3655.0,128.975,10.7136,3655.0,46.431666666666665,11.1376,True,11.176343154246101,4.023541305603698
127204,3727,18.490000000000002,22.7613,3727.0,2656.1216666666664,220.8504,3727.0,1582.74,221.4665,True,143.65179376239405,85.59978366684693
127220,3523,91.84833333333333,113.6027,3523.0,1860.9733333333331,154.7085,3523.0,623.6016666666667,154.78029999999998,True,20.261372915494746,6.78947177412038
127223,3494,89.78166666666667,70.936,3494.0,723.0466666666667,60.1669,3494.0,282.09666666666664,64.0883,True,8.053388776476268,3.1420297388108187
127279,3727,268.10333333333335,292.639,11775.0,3783.836666666667,314.63870000000003,11775.0,1904.6366666666665,346.1979,False,14.113351817085453,7.104114085365095
127291,3727,176.93333333333334,211.466,3494.0,1928.0466666666666,160.3329,3494.0,660.0400000000001,160.4928,False,10.897023360964582,3.7304446119065564
127324,30057,49.535,61.6989,,,,,,,False,,
127325,3494,115.79833333333333,99.5535,3494.0,1135.73,94.447,3494.0,433.22166666666664,96.1053,True,9.807826825371695,3.74117359202061
127332,30057,13.84,10.888200000000001,10972.0,117.53,9.7565,10972.0,60.663333333333334,13.8256,False,8.492052023121387,4.383188824662813
127341,3770,1.04,0.6888,3770.0,6.9766666666666675,0.5801000000000001,3770.0,2.35,0.5801000000000001,True,6.708333333333334,2.2596153846153846
127347,4370,53.62166666666667,72.6306,4370.0,1123.9,93.3438,30057.0,746.6216666666667,119.8779,True,20.95981102166413,13.923880272277996
127359,3494,160.10833333333332,164.51520000000002,3494.0,1474.5433333333335,122.61880000000001,3494.0,619.5883333333334,124.7625,True,9.209660125956386,3.8698069015770575
127390,3727,151.43833333333333,144.2689,3727.0,2178.476666666667,181.15789999999998,3727.0,1164.0183333333334,181.68210000000002,True,14.385239316333383,7.686418013933065
127438,3655,57.64666666666667,53.828900000000004,3655.0,632.2816666666666,52.5685,3655.0,216.075,52.9925,True,10.968225974326355,3.7482652943217296
127440,3494,117.095,118.7692,3494.0,1334.155,110.95230000000001,3494.0,452.57166666666666,111.11210000000001,True,11.393782825910586,3.8649956587955647
127444,4370,48.31166666666666,51.1593,4370.0,550.2216666666667,45.7539,30057.0,196.73833333333332,48.7932,True,11.389001966398732,4.072273777900438
127448,6732,37.30833333333333,39.7057,6732.0,854.9216666666667,71.0354,6732.0,347.3316666666667,71.0368,True,22.915032387759663,9.309761000670093
127471,4370,129.55166666666668,144.6001,4370.0,1298.5833333333333,107.75989999999999,4370.0,813.6683333333333,114.2882,True,10.0236713795011,6.280647360769834
127472,3494,153.90166666666667,158.11829999999998,3494.0,1537.875,127.8835,3494.0,627.495,150.4416,True,9.992581843384846,4.077246293629049
127505,4370,103.97666666666667,143.52429999999998,4370.0,1894.1966666666667,157.2365,4370.0,1087.05,168.2746,True,18.217516750553006,10.454749463020548
127518,6919,15.74,17.8525,6919.0,128.86833333333334,10.7019,6919.0,43.47666666666667,10.7019,True,8.18731469716222,2.762177043625582
127536,3727,126.51666666666667,131.9845,3727.0,3427.565,285.1172,3727.0,1593.5616666666667,285.665,True,27.09180608615466,12.59566592016862
127539,8154,21.301666666666666,17.5225,35125.0,405.52000000000004,33.7055,3655.0,192.14,42.9553,False,19.03700805883734,9.019951490493701
127558,4370,138.0366666666667,118.5787,4370.0,1360.885,113.1732,30057.0,703.4933333333333,116.2125,True,9.858866001786962,5.096423655550457
127559,30057,75.52166666666668,82.7435,30057.0,912.6816666666667,75.9697,30057.0,387.9633333333333,80.1535,True,12.08503078586719,5.1371129697879185
127578,3523,135.67666666666668,154.98729999999998,3523.0,1718.0783333333334,142.843,3523.0,574.0533333333333,142.85129999999998,True,12.663034665749453,4.2310394811193275
127579,4370,28.251666666666665,36.4274,4370.0,626.7233333333334,52.0604,30057.0,241.165,59.6706,True,22.18358798890921,8.536310542150906
127597,3655,3.8616666666666664,2.0806,3655.0,26.198333333333334,2.1758,3655.0,11.853333333333333,2.1758,True,6.7842037116961595,3.069486404833837
127609,35125,32.275,27.0547,35125.0,294.51166666666666,24.483400000000003,35125.0,110.85833333333333,24.497,True,9.125071004389362,3.4348050606764784
127667,30057,69.57166666666667,76.3552,30057.0,839.1516666666666,69.8508,30057.0,363.5416666666667,74.03569999999999,True,12.061686989435353,5.225427017703567
127732,3727,56.22166666666667,47.7355,3494.0,2399.445,199.4266,3494.0,953.4833333333333,212.4556,False,42.678297216375654,16.95935730590223
127735,4370,30.973333333333336,29.644099999999998,4370.0,282.58,23.518,30057.0,118.015,28.2338,True,9.12333189840723,3.8102130865260437
127772,3494,260.3483333333333,212.16279999999998,3494.0,3271.52,271.97209999999995,3494.0,1518.71,291.5038,True,12.565934101108132,5.833377078145306
127796,3727,97.37833333333333,86.4382,3727.0,2548.5933333333332,211.9036,3727.0,1538.5449999999998,212.51979999999998,True,26.17207797764732,15.799664538655072
127800,3523,50.19166666666667,41.0807,3523.0,1142.7083333333333,95.01610000000001,3523.0,555.4116666666666,95.0218,True,22.76689357463058,11.065814378216833
127801,37376,62.13166666666667,41.222699999999996,11775.0,425.7633333333333,35.3852,11775.0,149.57999999999998,35.4815,False,6.852597977413557,2.4074680114809945
127808,3727,113.29166666666667,114.7939,3494.0,1671.2216666666668,138.9183,3494.0,558.8050000000001,139.1262,False,14.75149687385068,4.932445752114749
127810,3727,158.06333333333333,175.38410000000002,3494.0,1919.9199999999998,159.6716,3494.0,710.4433333333333,170.6105,False,12.146523545414285,4.494675130222062
127832,3523,111.47666666666667,132.3726,3523.0,1611.2316666666666,133.95510000000002,3523.0,538.7233333333334,133.9634,True,14.45353287683521,4.832610710761594
127840,3523,122.34333333333333,101.9668,3523.0,1224.425,101.86110000000001,3523.0,687.3050000000001,101.8669,True,10.008105604446502,5.617837778928154
127845,3792,112.26166666666667,115.3943,3792.0,1371.5383333333334,114.0558,3792.0,539.875,118.5474,True,12.217334501239664,4.809077007586442
127849,3792,45.401666666666664,30.1767,3792.0,328.65333333333336,27.321900000000003,3792.0,235.30499999999998,45.1201,True,7.238794464226718,5.182739253331375
127852,4370,128.03666666666666,113.9915,4370.0,1305.7316666666666,108.586,30057.0,657.5216666666668,111.6254,True,10.198107313009293,5.135416937856344
127860,3792,65.60833333333333,66.92460000000001,3792.0,792.9416666666667,65.93430000000001,3792.0,283.49666666666667,70.4145,True,12.085990092721962,4.321046615013337
127897,3792,110.19333333333334,114.59530000000001,3792.0,1354.2816666666665,112.6048,3792.0,524.7466666666667,117.3493,True,12.29005081977131,4.762054570754431
127946,3655,12.773333333333333,8.5827,3655.0,85.35333333333332,7.1067,3655.0,58.615,7.240600000000001,True,6.6821503131524,4.588856993736952
127953,3494,99.68333333333334,97.8733,11775.0,1810.93,150.55929999999998,3494.0,784.315,188.6004,False,18.16682828958368,7.868065540879452
127956,4370,29.708333333333332,38.8897,4370.0,727.785,60.4537,30057.0,334.165,73.2638,True,24.497671809256662,11.248190743338009
127971,3727,209.54,160.1598,3494.0,2519.1933333333336,209.44060000000002,3494.0,1239.5266666666669,222.44920000000002,False,12.022493716394644,5.915465623110943
128024,3727,92.74166666666666,103.43960000000001,3523.0,1123.9833333333333,93.447,3523.0,382.53,94.77489999999999,False,12.119507592775632,4.124683259951478
128026,3523,48.195,56.0815,3523.0,797.7883333333334,66.3232,3523.0,300.5,66.63810000000001,True,16.553342324584158,6.23508662724349
128155,3727,157.90166666666667,200.4998,3494.0,1796.4616666666666,149.4051,3494.0,689.9933333333333,149.5976,False,11.377091227662785,4.369765993603614
128160,3727,92.845,105.5125,3727.0,2638.483333333333,219.4215,3727.0,1327.49,219.9456,True,28.418152117328162,14.297915881307556
128183,11775,118.35,101.5184,35125.0,1070.0483333333334,88.935,35125.0,535.9883333333333,89.9191,False,9.0413885368258,4.52884100830869
128192,37376,60.21,38.6728,8154.0,429.27666666666664,35.6845,11775.0,209.49333333333334,45.6713,False,7.1296573105242755,3.4793777334883464
128196,30057,57.61833333333333,63.2806,30057.0,681.0033333333333,56.6685,30057.0,312.18333333333334,60.9611,True,11.819212634867375,5.418125018078737
128212,6359,101.77,85.3095,,,,,,,False,,
128225,3523,142.90166666666667,126.332,3523.0,1486.9033333333332,123.6612,3523.0,565.3216666666667,140.0626,True,10.405080416603491,3.9560187075028286
128226,3727,174.93166666666667,138.9628,3494.0,2264.516666666667,188.24710000000002,3494.0,1136.155,201.25220000000002,False,12.94515001095666,6.494850370144532
128252,3494,77.275,51.369800000000005,11775.0,1397.2166666666667,116.1491,11775.0,759.9783333333332,116.5467,False,18.08109565404939,9.834724468888169
128290,3523,165.80833333333334,180.5845,3523.0,2026.4,168.4815,3523.0,687.425,168.4898,True,12.22133990048751,4.145901392169673
128341,30057,35.76166666666666,39.218900000000005,30057.0,691.6066666666667,57.494800000000005,30057.0,336.4133333333333,58.807900000000004,True,19.33932982243557,9.407093256280001
128368,4370,87.49,108.0385,4370.0,1498.9733333333331,124.4884,4370.0,928.2133333333334,128.30939999999998,True,17.133081876023926,10.609364879795788
128383,3727,127.97333333333333,113.1366,3494.0,1863.2783333333332,154.8651,3494.0,801.7199999999999,167.8703,False,14.559895290685558,6.264742654719733
128390,3494,58.11,54.8828,3494.0,450.09833333333336,35.966699999999996,3494.0,173.87166666666664,39.7944,True,7.745626111397924,2.992112659897894
128438,3494,100.02,93.5495,3494.0,1813.3933333333334,150.7097,3494.0,632.175,150.9176,True,18.13030727187896,6.320485902819436
128464,6359,75.25666666666666,64.8116,,,,,,,False,,
128472,3523,69.64666666666668,49.7926,3523.0,1028.765,85.5458,3523.0,503.745,85.55160000000001,True,14.77120225902173,7.232865894515171
128530,11020,3.9016666666666664,2.2346,11020.0,23.978333333333335,1.9944000000000002,11020.0,11.493333333333334,2.0078,True,6.145664246048698,2.9457496796240927
128567,3727,83.045,63.264900000000004,3727.0,577.9533333333333,48.0477,3727.0,202.74333333333334,48.4643,True,6.9595199389889,2.441367130270737
128576,3523,21.486666666666668,18.1466,3523.0,207.75333333333336,17.282,3523.0,70.14666666666668,17.293,True,9.668941979522184,3.2646602544213468
128590,3727,11.375,15.1951,3727.0,116.31333333333333,9.673399999999999,3727.0,46.49666666666667,9.673399999999999,True,10.225347985347986,4.0876190476190475
128679,3523,47.34166666666667,54.3797,3523.0,953.4433333333333,79.266,3523.0,414.00333333333333,79.32730000000001,True,20.139623305756025,8.745009681394121
128682,3727,65.05166666666666,76.1197,3494.0,3093.17,257.1972,3494.0,1102.325,257.8575,False,47.54943506443597,16.945376751812663
128716,3494,63.23833333333334,45.96,11775.0,979.6,81.4224,11775.0,620.1800000000001,81.7552,False,15.490604327543947,9.807026328967135
128719,30057,47.348333333333336,63.0081,4370.0,1294.9916666666666,104.248,30057.0,630.9116666666666,108.2829,False,27.350311520996865,13.324897039670525
128733,4370,97.105,93.4139,4370.0,1058.2616666666665,88.0084,30057.0,451.3066666666667,91.04769999999999,True,10.898117158402416,4.6476151245215656
128734,3523,193.65833333333333,203.0344,3523.0,2295.211666666667,190.8413,3523.0,766.98,190.8496,True,11.8518610955721,3.9604802272042687
128742,3523,65.02833333333334,49.5088,3523.0,1128.4433333333334,93.83210000000001,3727.0,531.1633333333333,99.3447,True,17.35310249378476,8.1681830996745
128771,3494,48.35333333333333,55.4735,3494.0,641.77,53.3705,3494.0,215.96,53.3705,True,13.272507927754033,4.4662898111126434
128812,30057,13.21,9.952,30057.0,118.12166666666667,9.8236,30057.0,39.84166666666667,9.847299999999999,True,8.941836992177643,3.0160232147363106
128825,3727,180.05333333333334,162.0588,3494.0,2121.798333333333,176.48270000000002,3494.0,734.5733333333334,176.64260000000002,False,11.78427688092417,4.079754146919432
128839,6502,4.738333333333333,5.1301000000000005,6502.0,71.92833333333333,5.9847,6502.0,28.238333333333333,5.9847,True,15.180091452690819,5.959549771368273
128846,3655,9.566666666666666,6.2604,3655.0,81.22,6.7476,3655.0,29.25,6.8507,True,8.489895470383276,3.057491289198606
128851,3523,70.825,54.6049,3523.0,907.77,75.4844,3523.0,423.435,75.49010000000001,True,12.817084362866218,5.9786092481468405
128855,3494,123.28999999999999,118.44210000000001,3494.0,1329.3266666666668,110.5379,3494.0,451.63,110.7042,True,10.782112634168763,3.6631519182415446
128902,30057,9.328333333333335,7.2787,30057.0,85.26166666666667,7.0758,30057.0,33.126666666666665,7.085,True,9.140075040200106,3.5511881365016964
128946,3655,43.73833333333334,44.5835,3655.0,537.7466666666667,44.712199999999996,3655.0,183.17000000000002,45.1405,True,12.294630949205501,4.187859619708113
128953,4370,36.535,36.6652,4370.0,420.1633333333333,34.9006,4370.0,205.7866666666667,37.8829,True,11.500296519319374,5.632589754117058
128990,6919,61.49666666666667,41.2989,,,,,,,False,,
129016,3523,41.361666666666665,41.123599999999996,3523.0,569.4050000000001,47.3411,3523.0,194.015,47.3519,True,13.76649071201193,4.690695893943667
129024,3727,76.29166666666667,82.1323,3727.0,2601.213333333333,216.2911,3727.0,1571.2050000000002,216.9242,True,34.09564172583288,20.594713271436376
129051,3792,47.42166666666667,35.8467,3792.0,430.99833333333333,35.821400000000004,3792.0,174.215,35.821400000000004,True,9.08863740203142,3.6737426633395422
129052,4370,102.33,90.5023,4370.0,1690.66,140.5166,30057.0,1098.5716666666667,166.4803,True,16.5216456562103,10.735577706114206
129066,3727,85.20333333333333,59.8071,3494.0,2246.1683333333335,186.6946,3494.0,879.9583333333334,199.6997,False,26.36244669613865,10.327745393372716
129098,6502,17.351666666666667,19.3659,,,,,,,False,,
129169,4370,35.28,43.6145,4370.0,639.9166666666666,53.1646,30057.0,227.86166666666668,56.4919,True,18.138227513227513,6.458664021164021
129175,3494,145.13833333333332,133.29229999999998,3494.0,1507.9066666666665,125.38810000000001,3494.0,511.065,125.5469,True,10.38944455289781,3.5212268755095715
129179,3523,10.673333333333334,8.6415,3523.0,154.57000000000002,12.8445,3523.0,52.35666666666667,12.850200000000001,True,14.481886321049345,4.905371642723298
129185,3494,86.92333333333333,94.6352,3494.0,1044.0233333333333,86.8222,3494.0,356.04,86.981,True,12.01085247536143,4.096023315565441
129188,3727,94.04666666666667,101.5227,3494.0,2462.425,204.7548,3494.0,884.3133333333334,205.4151,False,26.18301197986815,9.402920535904162
129210,3494,43.63333333333333,29.5062,3494.0,336.0383333333333,27.936,3494.0,169.395,28.4001,True,7.701413292589763,3.882238349885409
129218,3727,89.47666666666667,103.4328,3494.0,1366.7233333333331,113.6074,3494.0,467.495,113.81519999999999,False,15.274633982788805,5.224769958648436
129247,3727,243.50833333333333,253.7406,3494.0,2922.7466666666664,242.98479999999998,3494.0,1400.6066666666666,262.491,False,12.002655624379726,5.751781253208309
129259,3727,230.23833333333332,241.5205,3494.0,3210.355,266.92109999999997,3494.0,1496.8333333333333,286.4273,False,13.943616397501142,6.50123422829966
129263,3494,144.61666666666667,118.2625,11775.0,1287.7616666666665,107.0499,11775.0,589.9783333333332,107.89710000000001,False,8.904655987092312,4.079601244669816
129290,4370,139.68666666666667,115.25489999999999,4370.0,1628.8166666666666,135.34429999999998,30057.0,1030.3233333333333,161.3003,True,11.660502076075025,7.37596048298573
129306,3523,47.538333333333334,55.841300000000004,3523.0,791.62,65.81110000000001,3523.0,297.92,66.39789999999999,True,16.65224555621779,6.266942467482383
129432,3523,24.796666666666667,17.5709,3523.0,178.16833333333335,14.8174,3523.0,66.06666666666666,15.576,True,7.185172738271274,2.664336604382309
129441,3655,6.748333333333333,4.2208000000000006,3655.0,35.27333333333333,2.9364,3655.0,17.28166666666667,3.3387,True,5.226969622128921,2.5608792294393683
129455,4370,21.84,27.1352,4370.0,441.43666666666667,36.6694,30057.0,195.07000000000002,47.0108,True,20.21230158730159,8.931776556776558
129458,3494,6.816666666666666,8.0221,3494.0,69.33500000000001,5.7612,3494.0,40.644999999999996,5.7612,True,10.171393643031786,5.962591687041565
129468,35125,21.966666666666665,20.1907,35125.0,212.18166666666667,17.6402,35125.0,83.25,17.6402,True,9.659256449165403,3.7898330804248865
129489,3727,263.7583333333333,283.1462,11775.0,3687.8733333333334,306.6561,11775.0,1886.4016666666669,336.75840000000005,False,13.982016365991596,7.152007835455437
129491,3523,9.128333333333334,10.364700000000001,3523.0,260.87666666666667,21.6979,3523.0,87.94,21.7003,True,28.578784005842614,9.633741099141865
129497,30057,76.47,71.94739999999999,30057.0,769.2016666666666,64.0214,30057.0,352.6433333333333,70.0672,True,10.058868401551806,4.611525216860643
129544,3727,249.36,255.22279999999998,11775.0,4209.1883333333335,350.0168,11775.0,2153.8383333333336,381.6805,False,16.879966046412147,8.637465244358893
129546,3494,106.15,74.2365,11775.0,912.0866666666666,73.1509,11775.0,499.905,73.4837,False,8.592432092950226,4.709420631182288
129548,3523,96.57,103.3331,3523.0,1209.9066666666665,100.613,3523.0,404.2133333333333,100.619,True,12.5288046667357,4.185702944323634
129549,3727,78.27833333333334,90.80560000000001,3523.0,1115.365,92.7273,3523.0,378.64666666666665,94.0552,False,14.248706538633508,4.837183554410543
129561,3523,4.538333333333333,2.95,3523.0,33.42333333333333,2.7775,3523.0,17.638333333333332,2.8710999999999998,True,7.364671318398825,3.886522218141755
129598,3494,93.06,73.1707,3494.0,737.1116666666666,61.309599999999996,3494.0,277.98333333333335,62.9264,True,7.920821692098286,2.9871409126728277
129681,3655,26.779999999999998,23.2529,3655.0,172.77333333333334,14.366299999999999,3655.0,62.986666666666665,14.366299999999999,True,6.45158078167787,2.3520039830719446
129699,4370,95.42,109.2722,4370.0,1556.9433333333334,129.3616,30057.0,949.3633333333333,155.3176,True,16.31674002654929,9.94931181443443
129719,30057,16.058333333333334,15.1375,10972.0,211.78833333333333,17.567700000000002,10972.0,78.10833333333333,18.3034,False,13.188687078360145,4.864037363777893
129795,3494,150.63333333333333,124.7998,11775.0,1346.375,111.9371,11775.0,613.24,112.7843,False,8.938094711219296,4.071077672051339
129840,3523,80.38166666666666,94.7227,3523.0,2309.5033333333336,192.0189,3523.0,779.0949999999999,193.30939999999998,True,28.731717431420936,9.692446453378672
129862,37376,150.58666666666667,122.8514,11775.0,2436.2916666666665,202.54739999999998,11775.0,1025.5816666666667,203.41039999999998,False,16.178667876748715,6.81057419868957
129899,4370,86.06666666666666,100.7286,4370.0,1454.125,120.818,30057.0,897.9433333333333,146.774,True,16.895333075135554,10.43311386522076
129935,3523,104.58,77.1959,3727.0,968.8383333333334,80.54169999999999,3727.0,362.00166666666667,80.95819999999999,False,9.264088098425448,3.4614808440109646
129936,3727,145.51333333333332,150.2293,3494.0,1927.91,160.2389,3494.0,670.565,160.4468,False,13.249026435149128,4.608271865121181
129979,3727,40.9,29.872400000000003,3727.0,325.2883333333333,27.0445,3727.0,118.26,27.4381,True,7.953259983700081,2.8914425427872863
130035,3494,115.12666666666668,99.2753,3494.0,1132.3716666666667,94.1688,3494.0,432.2866666666667,95.8039,True,9.835876425965601,3.7548786843476747
130045,37376,170.02166666666665,151.4809,11775.0,1573.1716666666666,130.8048,11775.0,689.6833333333333,131.80120000000002,False,9.25277170556694,4.056443786576221
130066,4370,82.14333333333335,105.93719999999999,4370.0,1206.1083333333333,100.1493,4370.0,751.0083333333333,103.4019,True,14.68297285233129,9.142657144016555
130094,3523,20.801666666666666,17.828200000000002,3523.0,203.96,16.9636,3523.0,68.605,16.9746,True,9.804983575034052,3.2980530406217454
130156,8154,4.091666666666667,1.6298,8154.0,17.236666666666668,1.4144,8154.0,8.051666666666668,1.6758,True,4.212627291242363,1.9678207739307538
130185,3727,109.3,91.4542,3727.0,2608.835,216.9196,3727.0,1558.4216666666666,217.53570000000002,True,23.86857273559012,14.258203720646538
130188,3727,121.79166666666667,112.10839999999999,3727.0,1864.675,155.0579,3727.0,1075.3033333333333,155.60389999999998,True,15.310366062264796,8.829038658912076
130222,30057,19.378333333333334,19.1534,30057.0,305.3666666666667,25.4034,30057.0,127.60333333333332,26.1977,True,15.758149135632578,6.5848456179582
130225,3523,62.223333333333336,67.876,3523.0,648.41,53.8943,3523.0,217.5883333333333,53.9015,True,10.420688916269352,3.4968929126265595
130226,4370,13.871666666666666,12.5447,11020.0,131.09833333333333,10.922799999999999,4370.0,50.748333333333335,12.354,False,9.450798990748527,3.658416436381113
130287,3494,89.88166666666666,82.8073,3494.0,937.66,77.9859,3494.0,354.40333333333336,79.6027,True,10.432160804020102,3.9429991284837476
130310,3523,21.41,29.380599999999998,3523.0,521.3566666666667,43.3582,3523.0,174.98666666666668,43.3823,True,24.351082048886813,8.173127821890082
130340,3727,80.35333333333332,97.2105,3494.0,2011.2116666666666,167.2101,3494.0,671.7016666666666,167.418,False,25.029598440222355,8.359350369202689
130344,3523,136.87,111.6415,3523.0,1340.7216666666668,111.53580000000001,3523.0,784.2266666666667,111.5416,True,9.795584618007355,5.729719198265994
130388,3494,96.64833333333333,62.0946,11775.0,1184.4233333333332,98.4682,11775.0,689.19,98.861,False,12.254979392643431,7.130904136991499
130390,3727,74.83833333333334,105.00689999999999,3494.0,2091.508333333333,173.86010000000002,3494.0,698.89,174.0726,False,27.947019130124932,9.338663340979444
130419,3727,86.34833333333333,105.4934,3494.0,2163.7166666666667,179.8621,3494.0,722.955,180.0746,False,25.05800150552993,8.372541450327164
130448,3494,81.76833333333335,65.9328,3494.0,662.9666666666667,55.1637,3494.0,261.965,59.0851,True,8.107865718187561,3.203746356576506
130471,8269,64.80666666666667,69.7709,6502.0,919.81,76.3668,6502.0,308.24,76.4202,False,14.193138565991152,4.756300792099578
130494,3792,123.11333333333333,126.9736,3792.0,1498.6333333333334,124.604,3792.0,580.8516666666667,129.09560000000002,True,12.172794714896844,4.718024042887313
130505,8154,28.756666666666668,22.1006,3655.0,375.32166666666666,31.2195,3655.0,133.31833333333333,31.6338,False,13.051640199374058,4.63608438622928
130512,3523,4.261666666666667,3.5784000000000002,3523.0,42.97666666666667,3.5766,3523.0,14.776666666666667,3.5789,True,10.0844739929605,3.467344544387955
130575,3523,62.25833333333333,74.012,3523.0,1390.29,115.6065,3523.0,761.8283333333333,126.81960000000001,True,22.330986481060098,12.23656806317762
130611,3727,9.501666666666667,13.3655,3727.0,116.17166666666667,9.6616,3727.0,46.45,9.6616,True,12.226451499736887,4.888616032275039
130652,3494,116.475,100.29480000000001,3494.0,1144.6433333333334,95.18839999999999,3494.0,439.19166666666666,96.80510000000001,True,9.82737354224798,3.7706947127423627
130659,3792,109.695,65.1075,3792.0,782.7333333333333,65.0757,3792.0,291.56,65.0823,True,7.135542489022593,2.6579151283103153
130697,3523,8.675,3.4987,3523.0,42.04,3.4987,3523.0,14.476666666666667,3.4987,True,4.846109510086455,1.6687800192122957
130738,4370,183.45166666666668,224.38039999999998,4370.0,1908.9850000000001,158.7188,30057.0,1153.88,161.8042,True,10.40592890043699,6.289831109011456
130783,3494,69.29833333333333,56.059599999999996,3494.0,586.8916666666667,48.826800000000006,3494.0,218.45499999999998,48.826800000000006,True,8.469058899925443,3.1523846172346617
130815,11020,9.101666666666667,3.6793,11020.0,44.14333333333333,3.6726,11020.0,18.436666666666667,4.1737,True,4.850027467496795,2.025636330342428
130943,3727,94.83333333333333,76.51780000000001,3494.0,2951.315,245.3999,3494.0,1048.8533333333332,246.0602,False,31.12107205623902,11.059964850615113
130950,3727,27.663333333333334,38.635400000000004,3494.0,2286.811666666667,190.0611,3494.0,906.8016666666666,203.06629999999998,False,82.6658031088083,32.77991324255934
130960,4370,31.903333333333332,30.297099999999997,4370.0,280.2183333333333,23.325599999999998,30057.0,111.405,26.5815,True,8.783355971162887,3.4919548636506113
131010,3792,57.23166666666667,42.5257,3792.0,511.3316666666667,42.5005,3792.0,200.89,42.5005,True,8.934418591106322,3.5101196889833712
131014,3494,48.655,29.896900000000002,3494.0,340.22999999999996,28.266599999999997,3494.0,204.81666666666666,28.695400000000003,True,6.992703730346315,4.209570787517555
131047,30057,36.76,47.4129,4370.0,988.63,82.19630000000001,30057.0,498.56,86.2313,False,26.894178454842223,13.562568008705115
131054,3523,80.78833333333334,61.7161,3523.0,742.0316666666666,61.7143,3523.0,247.97833333333335,61.7166,True,9.184886431621726,3.069481979658779
131066,30057,85.78999999999999,90.8691,30057.0,945.395,78.6876,30057.0,451.4866666666667,88.39110000000001,True,11.019874111201773,5.262695729883048
131068,3494,185.64,149.7254,11775.0,1681.72,139.8115,11775.0,819.0566666666667,140.6587,False,9.059039000215472,4.412069956187604
131087,3655,72.73833333333333,70.8783,3655.0,854.1016666666667,71.0113,3655.0,289.03,71.4353,True,11.742112137112482,3.973558188025571
131091,37376,139.98666666666668,119.5442,11775.0,2324.4,193.254,11775.0,988.2033333333333,194.1012,False,16.60443851795409,7.059267549290407
131140,35125,71.41833333333334,52.1559,35125.0,562.6583333333333,46.7558,35125.0,201.025,46.7775,True,7.878345896245127,2.8147534479942125
131148,3494,81.71333333333334,59.5583,11775.0,525.2966666666666,43.6575,11775.0,243.125,43.805800000000005,False,6.428530635555192,2.975340621685567
131193,3494,159.85333333333335,128.2182,11775.0,1407.3533333333332,117.0056,11775.0,630.0883333333334,117.8528,False,8.804028692968553,3.9416652765034614
131204,3523,54.05166666666666,50.6289,3523.0,608.5583333333333,50.6271,3523.0,229.35666666666665,50.629400000000004,True,11.258826431500724,4.24328574512041
131290,3727,254.93166666666667,279.0288,11775.0,3638.4033333333336,302.5386,11775.0,1849.7883333333334,332.641,False,14.272072908426441,7.256016318098314
131355,37376,166.105,148.91670000000002,11775.0,1559.585,129.67589999999998,11775.0,686.6433333333333,130.6723,False,9.389151440353993,4.133790875249591
131378,3727,296.14000000000004,306.41470000000004,11775.0,3949.438333333333,328.4144,11775.0,1990.835,360.0278,False,13.336389320366491,6.722614304045383
131379,3727,82.62166666666667,94.1364,3494.0,2387.075,198.48839999999998,3494.0,842.4150000000001,199.14870000000002,False,28.89163455913501,10.19605430375406
131404,4370,70.23166666666665,72.8099,4370.0,1474.9533333333334,122.56569999999999,30057.0,951.4883333333333,148.52929999999998,True,21.00125774223404,13.547853532357202
131422,4370,107.85166666666667,130.0484,4370.0,1409.305,116.9935,4370.0,918.035,125.98910000000001,True,13.067067422849284,8.512014958816893
131456,3494,143.82000000000002,113.15889999999999,11775.0,1229.345,102.19789999999999,11775.0,585.55,102.8165,False,8.547802809066889,4.071408705326101
131499,3655,26.916666666666668,27.182,3655.0,328.6166666666667,27.315,3655.0,112.97166666666666,27.739,True,12.208668730650155,4.197089783281734
131504,3727,165.67999999999998,151.4942,3727.0,1422.16,118.2802,3727.0,870.0233333333333,118.701,True,8.583775953645583,5.251227265411235
131542,6733,31.418333333333333,33.4475,28254.0,276.62833333333333,22.9704,28254.0,210.45666666666665,23.104599999999998,False,8.804678796880802,6.698530581931992
131650,11775,24.69,26.403599999999997,35125.0,392.8883333333333,32.6521,11775.0,156.46,36.840900000000005,False,15.912852706898878,6.3369785338193605
131669,4370,201.425,158.4964,4370.0,1772.5333333333333,147.37189999999998,30057.0,1045.9466666666667,150.41129999999998,True,8.79996690248645,5.19273509577593
131684,3727,20.648333333333333,28.438299999999998,3494.0,2349.525,195.2792,3494.0,946.9783333333332,208.3081,False,113.7876341916216,45.86221648236338
131697,3727,91.805,99.5031,3494.0,2331.4783333333335,193.8651,3494.0,821.7816666666666,194.025,False,25.39598424196213,8.951382459197937
131728,3494,29.991666666666667,27.3345,3494.0,418.17333333333335,34.758900000000004,3494.0,293.6066666666667,36.018699999999995,True,13.942984162267297,9.789608224506807
131787,6502,20.44,14.7821,6502.0,178.42999999999998,14.8285,6502.0,85.47666666666667,14.858799999999999,True,8.72945205479452,4.181833007175473
131795,3727,85.2,98.92989999999999,3494.0,1294.0566666666666,107.5569,3494.0,432.56666666666666,107.76480000000001,False,15.188458528951486,5.077073552425665
131822,30057,29.785,24.2348,30057.0,323.32,26.9213,30057.0,135.89666666666668,28.3884,True,10.855128420345812,4.562587432152649
131837,30057,47.46,51.175,30057.0,550.385,45.7825,30057.0,267.4133333333333,50.0122,True,11.596818373367045,5.634499227419581
131848,3523,44.980000000000004,61.0725,3523.0,1258.6100000000001,104.6541,3523.0,654.7183333333334,104.7033,True,27.981547354379725,14.555765525418703
131849,3523,173.87166666666664,189.9094,3523.0,2138.5216666666665,177.8063,3523.0,714.5783333333333,177.81470000000002,True,12.299425821726754,4.109803207346415
131878,3494,92.46499999999999,84.3265,3494.0,873.9433333333333,72.68839999999999,3494.0,334.47,74.3052,True,9.451612321779413,3.6172605850862496
131898,3523,139.29833333333332,113.2552,3523.0,1363.0083333333334,113.3876,3523.0,801.4300000000001,113.3934,True,9.784814367245362,5.753335167924958
131901,3494,48.580000000000005,32.7957,3494.0,375.1316666666667,31.181,3494.0,187.93666666666667,31.630599999999998,True,7.721936324962262,3.86860161932208
131930,3727,113.28,115.2552,3494.0,1508.8933333333334,125.4297,3494.0,538.7466666666667,125.6376,False,13.3200329566855,4.755885122410546
131932,3523,38.77166666666667,40.596199999999996,3523.0,487.12166666666667,40.491800000000005,3523.0,163.31333333333333,40.4975,True,12.563856768258608,4.212182435627391
131985,3494,0.8516666666666667,0.37439999999999996,3494.0,3.8316666666666666,0.31860000000000005,3494.0,1.5283333333333333,0.31860000000000005,True,4.499021526418787,1.7945205479452053
132079,4370,19.158333333333335,21.805799999999998,4370.0,320.37,26.6112,4370.0,149.97333333333333,27.1975,True,16.722227055241408,7.828099173553718
132087,4370,29.351666666666667,33.948800000000006,4370.0,597.1550000000001,49.6133,30057.0,230.47166666666666,57.0983,True,20.34484129237409,7.852081085685083
132141,3792,4.0,4.3114,3792.0,51.91,4.3114,3792.0,17.31,4.3114,True,12.9775,4.3275
132156,3494,180.42833333333334,175.65179999999998,3494.0,1497.595,124.54010000000001,3494.0,619.3633333333333,126.6549,True,8.300220770943218,3.432738760542043
132177,3655,135.575,129.2388,3655.0,1497.12,124.473,3655.0,504.52333333333337,124.9002,True,11.042743868707358,3.721359641035098
132178,37376,145.10166666666666,123.22510000000001,11775.0,2271.5283333333336,188.8595,11775.0,970.5083333333333,189.7067,False,15.654736334294348,6.688471301730971
132209,3727,111.35833333333333,92.2736,3727.0,2618.773333333333,217.739,3727.0,1561.7983333333332,218.3551,True,23.51663548604355,14.024979420788744
132211,3494,73.24333333333334,72.10289999999999,3494.0,841.8066666666667,70.0,3494.0,305.14666666666665,70.0,True,11.493287216128886,4.166203977608883
132235,6918,49.095,51.8658,6502.0,1708.355,142.0047,6502.0,854.5883333333334,143.66029999999998,False,34.79692433037987,17.40683029500628
132259,3494,92.67333333333333,71.05189999999999,3494.0,754.1916666666667,62.7547,3494.0,293.6616666666667,66.961,True,8.138173512696929,3.1687828213797573
132261,37376,189.18333333333334,164.2679,11775.0,1726.8483333333331,143.5917,11775.0,740.8866666666667,144.5882,False,9.127909435292043,3.916236454937891
132293,3494,212.52666666666667,172.0944,11775.0,2251.4950000000003,187.19879999999998,3494.0,979.6433333333333,224.6173,False,10.593941152482827,4.609507826468835
132303,6580,31.95,39.0821,,,,,,,False,,
132307,3523,25.716666666666665,35.574,3523.0,555.1816666666667,46.1532,3523.0,186.68333333333334,46.164,True,21.588399222294235,7.259235255994816
132314,3727,211.98666666666668,162.26739999999998,3494.0,2450.326666666667,203.6941,3494.0,1291.1016666666667,216.69920000000002,False,11.558871627146361,6.0904852506446945
132335,3494,83.76833333333335,92.5432,3494.0,1018.9033333333333,84.73010000000001,3494.0,347.62666666666667,84.88889999999999,True,12.163347326953302,4.149857742583713
132357,8154,30.251666666666665,28.2482,8154.0,737.6133333333333,61.3254,37376.0,497.39666666666665,67.2404,True,24.382568453528734,16.4419591207096
132377,3494,114.26666666666667,101.10730000000001,3494.0,1812.125,150.6091,3494.0,632.035,150.8199,True,15.858736872812136,5.531228121353559
132384,3727,88.03333333333333,65.2854,3727.0,587.7266666666667,48.8595,3727.0,205.82999999999998,49.2761,True,6.676183263915184,2.3380916319575915
132387,4370,83.345,107.19030000000001,4370.0,1488.7116666666666,123.6402,4370.0,919.5033333333333,127.46119999999999,True,17.86203931449597,11.032495450636912
132389,3792,36.45,35.4205,3792.0,414.7966666666667,34.479,3792.0,157.12833333333336,38.9104,True,11.379881115683585,4.310791037951532
132463,3523,147.31166666666667,165.7754,3523.0,1848.3566666666666,153.67229999999998,3523.0,617.4566666666667,153.6806,True,12.547252423999003,4.19149874981615
132468,3523,11.74,11.0505,3523.0,131.73833333333334,10.9461,3523.0,45.0,10.951799999999999,True,11.221323111868257,3.8330494037478706
132481,3523,52.67166666666667,40.769,3523.0,1219.6899999999998,101.421,3523.0,588.8033333333333,105.93560000000001,True,23.156472486789227,11.178748852956996
132524,4370,53.00666666666667,71.0651,4370.0,1083.5283333333332,89.992,30057.0,723.58,116.4646,True,20.441359577411642,13.650735756508615
132584,3727,241.42999999999998,264.67379999999997,11775.0,3585.7366666666667,298.14090000000004,11775.0,1831.8983333333333,328.2432,False,14.852075825981307,7.587699678305651
132609,4370,26.705,28.0135,4370.0,396.065,32.9011,30057.0,175.25166666666667,41.9505,True,14.831117768208202,6.5625039006428265
132647,3523,2.6766666666666667,2.6961,3523.0,12.473333333333333,1.0365,3523.0,4.165,1.0365,True,4.660024906600249,1.5560398505603985
132670,3727,98.46166666666666,103.3598,3494.0,2484.536666666667,206.59189999999998,3494.0,891.7816666666666,207.25220000000002,False,25.233542664657993,9.057145758924793
132692,30057,22.671666666666667,22.326400000000003,30057.0,278.1766666666666,23.1455,30057.0,122.14666666666668,25.1813,True,12.269793427920309,5.38763508049695
132699,3494,186.47333333333333,148.56560000000002,3494.0,2346.616666666667,195.08370000000002,3494.0,1054.54,195.29729999999998,True,12.584194344142148,5.655178577812735
132702,37376,198.8383333333333,170.6467,11775.0,1803.49,149.9705,11775.0,766.4766666666667,150.96689999999998,False,9.070132352078323,3.8547731406586596
132713,8154,79.84333333333333,56.2034,35125.0,611.2333333333333,50.793699999999994,35125.0,221.25,51.0545,False,7.655408508328811,2.7710516428004843
132722,30057,13.683333333333334,10.201600000000001,30057.0,121.12833333333333,10.0732,30057.0,41.105000000000004,10.0969,True,8.85225334957369,3.004019488428746
132742,37376,23.298333333333336,14.9308,8154.0,153.54333333333335,12.7646,37376.0,68.085,14.2674,False,6.59031404249231,2.9223120394878026
132753,3727,105.21333333333334,118.0231,3494.0,2314.516666666667,192.3918,3494.0,773.2199999999999,192.60420000000002,False,21.998320871879358,7.349068559117981
132784,3494,143.315,146.9811,3494.0,1670.8533333333332,138.9342,3494.0,565.8349999999999,139.3124,True,11.658607496307667,3.9481910476921462
132789,3494,4.746666666666667,6.358,3494.0,76.435,6.358,3494.0,25.575,6.358,True,16.102879213483146,5.387991573033707
132800,3727,181.3,213.2982,3494.0,1950.525,162.2034,3494.0,678.6483333333333,162.36329999999998,False,10.758549365692224,3.7432340503769073
132804,3494,60.87166666666667,75.6045,3494.0,817.8683333333333,68.01060000000001,3494.0,280.00333333333333,68.1694,True,13.435944473345563,4.599895955972948
132811,11775,38.41166666666666,35.337,35125.0,290.08,24.108700000000002,35125.0,150.525,24.3025,False,7.551872261031805,3.9187312882370815
132842,3494,78.135,55.6848,11775.0,1108.6833333333334,89.34710000000001,11775.0,686.1133333333333,92.0354,False,14.189330432371323,8.781126682451312
132843,3727,107.96666666666667,110.2167,3494.0,1976.275,164.26739999999998,3494.0,895.6133333333333,177.2725,False,18.304492127199754,8.295276319851807
132903,4370,66.01833333333333,89.2163,4370.0,1415.9199999999998,117.6145,4370.0,857.375,121.6892,True,21.447375728964175,12.986922824467952
132923,3727,115.78999999999999,129.4179,3523.0,5598.626666666666,461.0255,3523.0,2206.0033333333336,466.0878,False,48.35155597777586,19.051760370786198
132944,37376,80.8,51.971599999999995,8154.0,589.0716666666667,48.9833,11775.0,301.6633333333333,62.6441,False,7.29049092409241,3.7334570957095705
132984,3727,75.76333333333334,81.6632,3727.0,2595.1783333333337,215.78629999999998,3727.0,1569.0333333333333,216.4025,True,34.25375071494567,20.70966606537903
132995,3792,69.03999999999999,56.0817,3792.0,615.1233333333333,51.1383,3792.0,329.0066666666667,58.7258,True,8.909665894167633,4.765449980687525
133039,3523,77.19666666666667,59.3912,3523.0,714.0633333333334,59.3894,3523.0,238.59333333333333,59.3918,True,9.249924435424672,3.0907206701498335
133041,3727,233.375,178.23729999999998,3494.0,2636.7033333333334,219.1852,3494.0,1304.2916666666667,237.9396,False,11.29813961792537,5.588823424388503
133120,3494,109.21499999999999,102.1184,11775.0,2067.9066666666668,171.9329,3494.0,726.6016666666667,174.3077,False,18.934273375146883,6.652947549939722
133130,4370,25.091666666666665,29.2372,4370.0,433.0083333333333,35.958400000000005,30057.0,202.43166666666667,48.418099999999995,True,17.257057455994687,8.067685154433743
133134,3727,29.33,32.4968,3494.0,2307.48,191.7826,3494.0,914.6366666666667,204.8115,False,78.67303102625299,31.184339129446528
133198,3727,272.43333333333334,295.85429999999997,11775.0,3822.5316666666668,317.854,11775.0,1928.105,349.4674,False,14.031071821852441,7.077346139728374
133230,3494,138.63166666666666,103.35119999999999,3494.0,1109.635,92.3246,3494.0,458.595,94.9738,True,8.00419577056709,3.3080104353262243
133237,11775,119.13000000000001,102.5856,35125.0,1014.465,84.3159,35125.0,407.87666666666667,90.3751,False,8.515613195668596,3.423794734044041
133259,3727,42.65333333333333,30.922,3727.0,337.6183333333333,28.071099999999998,3727.0,123.225,28.4877,True,7.915403251015942,2.888988746483276
133264,3494,75.61999999999999,83.5,3494.0,887.935,73.7903,3494.0,297.18666666666667,73.9982,True,11.742065591113462,3.930000881600988
133267,4370,174.015,214.06670000000003,4370.0,2201.7483333333334,183.056,30057.0,1397.8866666666665,186.1414,True,12.65263530921664,8.033138905649896
133268,3494,93.94166666666666,60.686800000000005,3494.0,834.2783333333333,68.3793,3494.0,293.505,68.3793,True,8.880812560986428,3.124332475827198
133298,3523,105.345,122.3405,3523.0,1978.125,164.44389999999999,3523.0,719.58,164.78310000000002,True,18.777587925388012,6.830699131425317
133321,3727,102.14666666666668,135.91570000000002,3494.0,1709.3833333333334,142.1481,3494.0,581.8199999999999,142.30689999999998,False,16.734597311055996,5.695927424618195
133341,30057,41.425,52.7816,30057.0,671.0699999999999,55.8632,30057.0,252.64,57.333800000000004,True,16.19963789981895,6.098732649366325
133348,3523,4.286666666666666,5.555899999999999,3523.0,177.55833333333334,14.7679,3523.0,61.77833333333333,14.770299999999999,True,41.421073094867815,14.411741835147746
133351,3727,115.39166666666667,72.3533,3494.0,1803.95,149.9363,3494.0,732.4666666666667,162.9414,False,15.633277966346501,6.3476565321008165
133353,3494,26.39,17.801099999999998,3494.0,213.90333333333334,17.801099999999998,3494.0,71.43666666666667,17.801099999999998,True,8.105469243400277,2.706959706959707
133363,3727,258.3616666666667,261.7313,3494.0,3387.8416666666667,281.6511,3494.0,1558.0633333333333,301.1852,False,13.112787629743835,6.0305514879013264
133381,3494,80.615,63.262,3494.0,660.8566666666667,54.9905,3494.0,272.24,61.6305,True,8.197688602203892,3.3770390125907093
133406,3792,15.133333333333333,15.130600000000001,3792.0,140.83666666666667,11.7042,3792.0,49.04333333333333,11.9841,True,9.306387665198239,3.240748898678414
133460,3727,112.795,115.0529,3494.0,1506.4666666666667,125.22739999999999,3494.0,537.535,125.4353,False,13.355792957725667,4.765592446473691
133461,3655,14.175,11.188799999999999,3655.0,95.025,7.8956,3655.0,35.583333333333336,7.8956,True,6.703703703703704,2.5102880658436213
133501,3727,83.46499999999999,93.45639999999999,3494.0,1902.01,158.1302,3494.0,635.535,158.3381,False,22.788114778649735,7.614389264961361
133547,10972,10.606666666666666,10.519,10972.0,126.51833333333335,10.486600000000001,10972.0,44.32333333333334,10.486600000000001,True,11.928189817724704,4.1788183532369585
210199,8269,11.493333333333334,12.529200000000001,6502.0,1098.0583333333334,91.1781,6502.0,367.34000000000003,91.2817,False,95.5387180974478,31.961136890951277
210213,3727,28.346666666666668,37.999900000000004,3727.0,854.9166666666666,71.0745,3727.0,300.055,71.5052,True,30.159336782690495,10.585195202257761
210218,30057,26.711666666666666,22.8092,4370.0,240.10833333333332,19.996599999999997,30057.0,90.6,22.456400000000002,False,8.988893741810694,3.3917763773631995
210224,6580,58.67333333333333,49.6788,,,,,,,False,,
210323,3770,49.225,26.392799999999998,3770.0,276.52666666666664,22.9945,3770.0,93.05333333333333,22.9945,True,5.617606229896732,1.890367360758422
210431,35125,79.74166666666666,63.2535,35125.0,696.0666666666667,57.8534,35125.0,247.51666666666668,58.2853,True,8.729020796321455,3.1039816072734876
210501,3727,129.12,125.33,3494.0,1798.02,149.4544,3494.0,601.3066666666667,149.6623,False,13.925185873605948,4.656959933911607
210555,4370,18.2,21.1056,4370.0,342.135,28.4183,4370.0,158.81333333333333,28.6598,True,18.798626373626373,8.726007326007327
210616,3494,272.925,212.4122,3494.0,3061.67,254.5342,3494.0,1448.3,274.06579999999997,True,11.217990290372812,5.306586058440963
210649,37376,100.67833333333333,78.6421,8154.0,963.06,80.1066,11775.0,362.21500000000003,85.8237,False,9.565712582978794,3.5977452944195214
210751,3727,123.50666666666666,128.1645,3523.0,1081.5333333333333,89.9262,3523.0,367.34000000000003,91.12469999999999,False,8.75688221958329,2.9742524020295806
210771,3792,157.11499999999998,155.3391,3792.0,1839.8483333333331,152.9695,3792.0,694.4533333333333,157.46110000000002,True,11.7102016569604,4.420032035982136
210942,3494,32.95666666666667,27.4542,3494.0,395.89500000000004,32.9084,3494.0,291.795,33.4033,True,12.012592292909881,8.85389905937089
210952,6732,438.28333333333336,437.9262,,,,,,,False,,
210963,30057,54.73166666666667,59.398199999999996,30057.0,637.2099999999999,53.014199999999995,30057.0,296.2683333333333,57.0787,True,11.642437345838788,5.413106367428971
211001,3494,77.67333333333333,85.2148,3494.0,908.5216666666668,75.5052,3494.0,304.24833333333333,75.713,True,11.696699854089779,3.9170242897605356
211033,4370,152.09833333333333,128.4105,4370.0,1479.155,123.0051,30057.0,798.8016666666666,126.0444,True,9.724991507686914,5.251876527246628
211035,6580,37.07,41.3837,6580.0,507.83,42.2304,6580.0,172.32166666666666,42.3934,True,13.699217696250336,4.648547792464706
211075,3727,83.36,95.6436,3523.0,1123.9833333333333,93.447,3523.0,382.53,94.77489999999999,False,13.483485284708893,4.588891554702495
211078,37376,50.88166666666667,32.6969,8154.0,374.5516666666666,31.1312,8154.0,226.98666666666668,38.446400000000004,False,7.361230305611057,4.461069802482886
211127,3523,18.19333333333333,18.3409,3523.0,219.42166666666665,18.2364,3523.0,74.07666666666667,18.2422,True,12.060553316233053,4.071637962623672
211204,3523,90.10333333333332,48.7337,3523.0,681.3566666666667,56.6579,3523.0,271.88666666666666,56.6758,True,7.5619473937331225,3.0174984277311236
211287,35125,39.23833333333334,27.0273,35125.0,243.36,20.226599999999998,35125.0,94.07166666666667,20.226599999999998,True,6.202098288238542,2.3974429766809666
211381,3727,88.0,100.1088,3523.0,1123.9833333333333,93.447,3523.0,382.53,94.77489999999999,False,12.77253787878788,4.346931818181818
211382,3494,117.97666666666667,107.82469999999999,11775.0,1924.4766666666667,159.995,3494.0,771.105,185.3384,False,16.31234989969768,6.536080580905828
211397,3523,138.05666666666667,157.4242,3523.0,1747.915,145.3211,3523.0,583.8583333333333,145.3294,True,12.660851824130187,4.229120892387184
211414,3523,201.20333333333335,176.5485,3523.0,2089.675,173.7799,3523.0,698.2800000000001,173.7859,True,10.385886582395917,3.4705190437534172
211550,30057,40.925,36.5697,30057.0,478.02166666666665,39.7993,30057.0,202.86,41.27,True,11.680431683974751,4.956872327428223
211614,3494,55.32333333333334,51.8708,3494.0,450.54,36.0035,3494.0,174.05666666666667,39.831199999999995,True,8.14376092064831,3.1461709947580885
211625,30057,42.858333333333334,55.8708,4370.0,1082.6066666666668,87.4401,30057.0,548.1433333333333,91.47510000000001,False,25.260120552206885,12.789655842893252
211716,11775,72.79666666666667,43.1391,11775.0,433.39833333333337,36.0186,11775.0,174.74166666666667,36.1149,True,5.9535464078025555,2.4004075278172077
211750,3727,153.9633333333333,148.8871,3494.0,2111.8183333333336,175.61960000000002,3494.0,731.2716666666668,175.7795,False,13.716371863430691,4.749648184632706
211768,3523,210.7866666666667,161.8399,3523.0,1943.585,161.6709,3523.0,1081.6583333333333,161.6767,True,9.220625909292174,5.131531089885508
211851,3523,123.07666666666667,103.1781,3523.0,1135.3133333333333,94.3746,3523.0,396.67333333333335,98.42710000000001,True,9.224440050916773,3.2229775478698914
211880,6918,5.5183333333333335,4.7779,6918.0,79.94666666666667,6.6453,6918.0,29.983333333333334,6.6981,True,14.487466022349745,5.4334038054968286
211913,3727,113.885,159.046,3494.0,1517.5800000000002,126.19189999999999,3494.0,514.2933333333333,126.3507,False,13.325547701628837,4.515900542945368
211961,3727,253.44833333333332,258.222,3494.0,3346.5733333333333,278.219,3494.0,1543.7333333333333,297.7507,False,13.204163899282563,6.0909192537598065
212042,6580,46.33833333333334,46.4195,6580.0,541.785,44.9835,6580.0,183.995,45.5644,True,11.691939718735386,3.9706866165521704
212090,3494,110.76,102.72439999999999,11775.0,1753.425,145.7776,3494.0,826.12,192.882,False,15.830850487540626,7.458649331888768
212103,6580,85.18666666666667,88.4885,6502.0,1148.4683333333335,95.4221,6502.0,505.635,98.2362,False,13.481785099389578,5.9356119893567065
212136,3494,214.67333333333332,176.81560000000002,11775.0,3845.6216666666664,319.8076,11775.0,1967.16,361.9293,False,17.9138303158287,9.16350423899879
212143,3494,65.31333333333333,72.6124,3494.0,703.9516666666666,58.51,3494.0,239.04,58.717800000000004,True,10.778069817291007,3.659895886495866
212179,3523,89.49499999999999,67.5736,3523.0,786.0133333333334,65.3609,3523.0,268.14,66.5594,True,8.782762537944393,2.996145036035533
212197,3523,90.06166666666667,48.716699999999996,3523.0,681.1516666666666,56.6409,3523.0,271.8183333333333,56.6588,True,7.563169680034051,3.0181357218202343
212269,3523,131.73833333333334,104.13669999999999,3523.0,1250.595,104.031,3523.0,668.8516666666667,104.0368,True,9.493022785066355,5.077122578849487
212331,3494,78.57833333333333,57.6629,11775.0,528.42,43.9133,11775.0,242.475,44.009800000000006,False,6.7247544912719786,3.085774280442022
212355,3655,6.2733333333333325,5.319,3655.0,51.06333333333334,4.2442,3655.0,21.68166666666667,4.2442,True,8.139744952178535,3.4561636556854416
212416,3727,49.32666666666667,52.1554,3523.0,746.0516666666666,62.0297,3523.0,293.4533333333333,62.047599999999996,False,15.124712799026895,5.949182321935396
212447,3494,161.16666666666666,133.53910000000002,11775.0,1873.5366666666666,155.7499,3494.0,875.66,192.9626,False,11.624839710444675,5.433257497414685
212456,3727,113.8,115.07889999999999,3494.0,1674.21,139.1669,3494.0,559.84,139.4111,False,14.711862917398946,4.9195079086116
212469,3494,213.97666666666666,173.0575,11775.0,2239.898333333333,186.23579999999998,3494.0,989.3066666666667,225.5803,False,10.467956007664386,4.62343246148334
212471,3523,9.270000000000001,8.0184,3523.0,165.82166666666666,13.7793,3523.0,56.36333333333334,13.785,True,17.88798993167925,6.080186983099604
212512,3727,29.658333333333335,29.4485,3727.0,2656.1216666666664,220.8504,3727.0,1582.74,221.4665,True,89.55734756954199,53.365776903624614
212539,3523,127.74166666666666,101.9563,3523.0,1110.875,92.3083,3523.0,472.51666666666665,109.1249,True,8.696261987083307,3.699001891838998
212609,3494,41.775,39.646800000000006,3494.0,425.3566666666667,35.3478,3494.0,248.32833333333335,38.944300000000005,True,10.182086574905247,5.944424496309596
212747,3727,113.85833333333333,123.7927,3494.0,2442.298333333333,203.0825,3494.0,843.1949999999999,203.2424,False,21.450325697138254,7.4056502964209905
212777,3523,43.123333333333335,59.9208,3523.0,1258.5716666666667,104.6509,3523.0,654.705,104.7001,True,29.18539846950607,15.182151967225787
212912,3770,14.475,10.8239,3770.0,128.98666666666665,10.721,3770.0,43.24333333333333,10.721,True,8.910995970063327,2.987449625791595
212967,3727,114.74499999999999,104.8088,3727.0,2179.52,181.2464,3727.0,1306.29,181.8564,True,18.99446598980348,11.38428689703255
213000,37376,87.90333333333334,71.477,11775.0,1256.9733333333331,104.5083,11775.0,707.8266666666666,105.1413,False,14.299495658109285,8.052330211216866
213002,3494,66.35666666666667,75.7912,3494.0,803.185,66.7545,3494.0,273.67833333333334,66.96239999999999,True,12.104058873762996,4.124353242577987
213019,3727,142.82833333333335,119.31160000000001,3494.0,1962.8600000000001,163.1555,3494.0,884.625,176.16070000000002,False,13.742791462945027,6.1936240475162485
213073,4370,22.725,26.499,4370.0,412.07666666666665,34.2244,30057.0,184.855,45.2303,True,18.133186651998532,8.134433443344333
213121,3727,89.84166666666667,61.7374,3494.0,2269.351666666667,188.6249,3494.0,887.6883333333334,201.63,False,25.259456451164088,9.880586216491977
213134,3770,8.005,8.2859,3770.0,98.45166666666667,8.183,3770.0,33.08,8.183,True,12.298771601082656,4.132417239225483
213163,3494,58.30333333333333,46.2785,3494.0,538.11,44.741800000000005,3494.0,188.6,46.832800000000006,True,9.229489451718027,3.2348064718998346
213227,3792,36.980000000000004,24.6923,3792.0,279.125,23.201400000000003,3792.0,217.69666666666666,23.3815,True,7.547998918334234,5.88687578871462
213254,3727,113.60333333333332,123.6228,3494.0,2440.258333333333,202.9126,3494.0,841.495,203.0724,False,21.480517003609048,7.40730905783281
213265,30057,8.785,7.5206,10972.0,109.41166666666666,9.0839,10972.0,58.10666666666667,9.0877,False,12.454372984253462,6.614304686017833
213281,3770,17.41,15.7507,3770.0,188.25,15.6473,3770.0,63.205000000000005,15.6477,True,10.812751292360712,3.6303848363009767
213291,3727,12.808333333333334,5.6487,3727.0,67.64333333333333,5.623600000000001,3727.0,24.563333333333333,5.6272,True,5.281197137280416,1.917761873780091
213307,3494,116.78333333333333,100.50269999999999,3494.0,1147.1399999999999,95.3962,3494.0,440.4433333333333,97.013,True,9.822805765662908,3.771457114314257
213334,3727,120.32666666666667,133.60739999999998,3494.0,1728.0216666666668,143.617,3494.0,603.6966666666667,143.82489999999999,False,14.361086486785972,5.017147764419081
213472,3494,66.61999999999999,75.97139999999999,3494.0,779.3333333333334,64.7688,3494.0,263.74,64.9767,True,11.698188732112481,3.9588712098468934
213508,4370,32.335,30.5742,4370.0,294.9616666666667,24.5427,30057.0,127.71000000000001,29.530099999999997,True,9.122055564146178,3.949590227307871
213548,3727,138.84,145.9225,3494.0,1876.1116666666667,155.93210000000002,3494.0,653.0766666666666,156.14,False,13.512760491693076,4.703807740324594
213588,3727,174.185,159.6129,3494.0,2092.4333333333334,174.0369,3494.0,724.7833333333333,174.19670000000002,False,12.012706796413775,4.160997406971514
213806,3727,12.808333333333334,5.6487,3727.0,67.64333333333333,5.623600000000001,3727.0,24.563333333333333,5.6272,True,5.281197137280416,1.917761873780091
213815,3727,207.57999999999998,228.352,3494.0,2984.1233333333334,248.1163,3494.0,1384.0983333333331,266.3308,False,14.375774801682887,6.6677827022513405
213881,3494,21.98,19.7542,3494.0,452.5383333333333,37.6109,3494.0,302.15166666666664,38.1725,True,20.58864118895966,13.746663633606307
213926,3727,89.08,84.678,3727.0,2431.5,202.1608,3727.0,1487.8266666666668,202.777,True,27.29568926807364,16.702140398143992
213929,3754,37.925,38.354099999999995,3754.0,443.725,36.893699999999995,3754.0,149.45166666666668,36.981199999999994,True,11.700065919578115,3.9407163260821805
213961,3523,211.55333333333334,162.3474,3523.0,1948.1183333333333,162.0489,3523.0,1083.6716666666666,162.1842,True,9.208639271420918,5.122451391296127
213982,3494,45.02833333333333,33.686099999999996,11775.0,1127.305,93.7012,11775.0,732.0849999999999,94.0843,False,25.035459155346636,16.258318836288264
214041,3494,141.775,119.3495,3494.0,2009.0716666666667,166.99439999999998,3494.0,773.2866666666666,167.2079,True,14.170845823781814,5.454323164638805
214057,3754,27.154999999999998,38.3385,3770.0,556.9433333333333,46.3173,3770.0,193.32333333333332,46.317699999999995,False,20.509789480144846,7.119253667219051
214077,3727,73.39,86.13380000000001,3494.0,2310.6066666666666,192.0406,3494.0,1173.6416666666667,205.5803,False,31.483944224917106,15.991847208974884
214093,8154,3.5900000000000003,1.3662999999999998,8154.0,13.361666666666668,1.1039,8154.0,5.485,1.1803,True,3.721912720519963,1.5278551532033426
214192,3494,47.875,42.2391,3494.0,326.64166666666665,27.1653,3494.0,109.26333333333334,27.1653,True,6.822802436901653,2.2822628372497826
214222,37376,56.86,38.811699999999995,11775.0,424.845,35.308699999999995,11775.0,149.69333333333333,35.4624,False,7.471772775237426,2.6326650252081136
214248,3792,76.25,55.0636,3792.0,591.9783333333332,49.2026,3792.0,234.43833333333333,50.835,True,7.763650273224043,3.0746010928961747
214276,3523,45.95333333333333,53.6724,3523.0,945.1533333333333,78.5775,3523.0,410.955,78.6267,True,20.567677353837226,8.942876831568258
214287,3655,396.365,275.677,3655.0,2108.2116666666666,175.2593,3655.0,726.2866666666666,175.7301,True,5.31886434641471,1.832368313717575
214328,4370,12.001666666666667,11.2376,4370.0,180.47166666666666,14.991100000000001,4370.0,100.31833333333334,15.0585,True,15.037217053187057,8.358700180530482
214371,3727,190.645,200.2254,3494.0,1943.3633333333335,161.6181,3494.0,720.1116666666666,172.557,False,10.193623401260632,3.7772386722267384
214461,3494,214.58166666666665,173.4627,11775.0,2235.0316666666668,185.8306,3494.0,993.3616666666666,225.9855,False,10.415762452523904,4.6292942081103545
214463,3494,82.78999999999999,65.7638,3494.0,645.1366666666667,53.662,3494.0,239.53,53.6689,True,7.792446752828442,2.8932238193018485
214626,3727,133.65333333333334,84.1998,3727.0,815.1383333333334,67.7739,3727.0,281.97333333333336,68.1904,True,6.0989001396648055,2.109736632083001
214691,3727,90.55666666666666,104.5853,3494.0,1380.5733333333333,114.7598,3494.0,474.4166666666667,114.9677,False,15.245408031803292,5.238892774321788
214758,37376,139.98666666666668,119.5442,11775.0,2324.4,193.254,11775.0,988.2033333333333,194.1012,False,16.60443851795409,7.059267549290407
214909,3727,74.28166666666667,55.2776,3494.0,2009.425,167.012,3494.0,800.9816666666667,180.0171,False,27.051425878974175,10.783033049877718
214943,3727,107.17166666666667,99.9011,3727.0,2118.175,176.1368,3727.0,1281.9399999999998,176.7036,True,19.764318927577254,11.961557003561262
214991,37376,19.4,12.3459,8154.0,122.43666666666667,10.1797,37376.0,70.25,14.482,False,6.311168384879726,3.621134020618557
215058,3523,36.14833333333333,50.312599999999996,3523.0,1016.83,84.5365,3523.0,434.97,84.5857,True,28.129374337221634,12.032919913320116
215094,3494,66.35666666666667,75.7912,3494.0,802.5550000000001,66.7021,3494.0,273.415,66.91,True,12.094564725975788,4.120384789270106
215130,3727,63.29833333333333,50.7083,3494.0,2064.3816666666667,171.58120000000002,3494.0,819.3033333333333,184.5864,False,32.613523262855786,12.943521419731956
215136,3792,71.435,66.7537,3792.0,791.0233333333333,65.76339999999999,3792.0,317.755,70.2951,True,11.07333006696064,4.448169664730174
215154,3523,214.88166666666666,164.2852,3523.0,1963.0233333333333,163.2884,3523.0,1088.79,163.29420000000002,True,9.135369079105555,5.066928309379581
215161,3727,241.15833333333333,183.3029,3494.0,2797.5033333333336,232.5811,3494.0,1332.7466666666667,245.5924,False,11.600276443553684,5.526438370365251
215172,3523,146.95666666666665,110.21010000000001,3523.0,1199.2483333333332,99.6673,3523.0,573.0533333333333,103.8894,True,8.16055753396693,3.8994714995350104
215236,3727,140.77333333333334,118.45939999999999,3494.0,1960.3366666666666,162.94389999999999,3494.0,882.6383333333334,175.949,False,13.925483046031443,6.269925648797121
215362,3494,177.74333333333334,140.0199,11775.0,1549.4283333333333,128.8073,11775.0,708.8266666666666,129.6545,False,8.717223337021547,3.9879226600153777
215420,4370,15.458333333333334,14.758,4370.0,225.525,18.732,4370.0,115.52833333333334,18.764400000000002,True,14.58921832884097,7.473530997304582
215433,3727,108.20833333333333,108.1781,3523.0,5525.766666666666,454.98429999999996,3523.0,2175.6583333333333,460.04659999999996,False,51.06599922988063,20.106199460916443
215466,4370,25.753333333333334,31.5897,4370.0,572.535,47.561099999999996,30057.0,237.33666666666667,58.6968,True,22.231491069117265,9.215764949521098
215477,6502,15.311666666666667,9.7408,6502.0,116.81833333333334,9.6986,6502.0,84.765,10.1195,True,7.629367584630456,5.535974746925002
215514,4370,75.62833333333333,88.6535,4370.0,1308.8283333333334,108.74289999999999,30057.0,829.74,134.69889999999998,True,17.306058135178617,10.971285012230867
215538,3727,272.9533333333333,296.1335,11775.0,3825.8799999999997,318.1332,11775.0,1930.8983333333333,349.7466,False,14.016608455657865,7.0740969152236035
215547,3792,100.50666666666666,61.271300000000004,3792.0,736.615,61.2395,3792.0,276.2116666666667,61.2461,True,7.329016317325551,2.7481924913770235
215551,3754,73.01166666666667,87.6145,3792.0,746.61,62.0576,3655.0,274.3333333333333,66.5389,False,10.225899970324377,3.75739037140183
215561,6359,110.29833333333333,93.3463,,,,,,,False,,
215577,6580,78.58166666666666,88.5389,6502.0,1148.4683333333335,95.4221,6502.0,505.635,98.2362,False,14.614965322700378,6.434516108507074
215699,37376,23.19,12.9918,8154.0,133.345,11.079799999999999,8154.0,54.725,11.7426,False,5.7501078050884,2.359853385079776
215826,3727,183.99833333333333,136.4209,3494.0,1702.2366666666667,141.5205,3494.0,696.4133333333334,141.7284,False,9.251370030525639,3.7848893558818473
215827,3770,41.01833333333333,17.3518,3770.0,207.33333333333334,17.2431,3770.0,71.02166666666668,17.2431,True,5.054650359595303,1.7314615415870955
215842,3523,155.19,126.9649,3523.0,1410.4016666666669,117.19330000000001,3523.0,573.1083333333333,134.0968,True,9.088225186330735,3.692946280902979
216010,3523,186.99166666666667,198.6541,3523.0,2242.561666666667,186.461,3523.0,749.3349999999999,186.46929999999998,True,11.992842818307413,4.0073176166495825
216026,30057,2.268333333333333,1.7358,30057.0,19.03666666666667,1.5785,30057.0,6.8533333333333335,1.5877999999999999,True,8.39235855988244,3.021307861866275
216079,3727,143.81333333333333,128.38039999999998,3494.0,1982.8283333333334,164.8195,3494.0,844.9133333333334,177.8246,False,13.787513906916374,5.875069534581866
216207,3523,95.925,51.152800000000006,3523.0,710.4766666666667,59.077,3523.0,281.59666666666664,59.0949,True,7.4065850056467735,2.9355920423942314
216237,3727,108.85666666666665,108.4502,3523.0,5525.766666666666,454.98429999999996,3523.0,2175.6583333333333,460.04659999999996,False,50.76185810086658,19.98645007196007
216281,3727,120.51333333333334,74.4355,3494.0,1852.9399999999998,154.016,3494.0,748.7983333333334,167.02110000000002,False,15.375394147258946,6.213406538695581
216283,4370,125.14333333333335,136.497,4370.0,1870.275,155.511,30057.0,1010.2933333333333,158.5503,True,14.94506299443305,8.073089524012465
216299,3770,46.525,34.235699999999994,3770.0,411.95,34.2341,3770.0,141.55833333333334,34.2345,True,8.854379365932294,3.0426294107110876
216306,6359,110.08666666666666,93.2581,,,,,,,False,,
216351,3770,21.478333333333335,9.128200000000001,3770.0,108.50666666666666,9.0195,3770.0,36.711666666666666,9.0195,True,5.051912780321254,1.7092418716536042
216406,3727,52.64333333333333,66.4987,3727.0,2489.1433333333334,206.9482,3727.0,1548.4916666666666,207.5644,True,47.283163426834676,29.41477236750459
216490,3727,46.60666666666667,58.0815,3494.0,1785.8216666666667,148.40529999999998,3494.0,596.545,148.6132,False,38.31687169217565,12.799563724789014
216573,3523,11.245000000000001,8.5748,3523.0,82.92333333333333,6.899,3523.0,28.131666666666668,6.9014,True,7.374240403142137,2.501704461242033
216610,6919,54.13,38.237,,,,,,,False,,
216613,35125,11.110000000000001,7.8838,35125.0,83.37666666666668,6.9298,35125.0,32.13,7.8614,True,7.504650465046505,2.891989198919892
216643,3727,83.935,95.4221,3494.0,1438.2533333333333,119.5465,3494.0,480.82666666666665,119.75439999999999,False,17.135322968169813,5.728559798256587
216728,6580,38.875,47.886199999999995,6580.0,590.7433333333333,49.0824,6580.0,261.56166666666667,49.6089,True,15.195969989281886,6.7282743837084675
216774,3494,57.71666666666667,26.0504,3494.0,313.115,26.0504,3494.0,104.70333333333333,26.0504,True,5.425036095870633,1.8140918278948888
216812,3494,147.665,122.74980000000001,3494.0,2036.345,169.268,3494.0,796.0116666666667,169.4815,True,13.790302373615956,5.3906590367837115
216813,3727,37.22666666666667,52.5167,3727.0,2512.3799999999997,208.8642,3727.0,1556.3866666666665,213.1175,True,67.48871776504298,41.808381088825215
217007,3727,103.56166666666667,89.0351,3727.0,2579.79,214.50039999999998,3727.0,1548.8100000000002,215.1166,True,24.910665143151423,14.955437179136426
217158,3494,137.60666666666665,110.8369,11775.0,1198.5816666666665,99.64189999999999,11775.0,560.235,100.48910000000001,False,8.710200571677728,4.071278038854707
217224,3494,44.83833333333334,32.965199999999996,11775.0,1120.1699999999998,93.10839999999999,11775.0,730.1716666666667,93.4915,False,24.982418317659736,16.284540757536334
217236,3727,89.93166666666666,100.6246,3523.0,1115.365,92.7273,3523.0,378.64666666666665,94.0552,False,12.402361051909784,4.210381956670806
217239,6502,11.283333333333333,13.624,6919.0,221.88833333333332,18.4478,6919.0,74.685,18.4478,False,19.665140324963073,6.619054652880354
217302,11775,70.03166666666667,41.9871,11775.0,419.5733333333334,34.8666,11775.0,163.21666666666667,34.962900000000005,True,5.991194459649207,2.330612342035746
217329,3494,27.545,38.557199999999995,3494.0,455.60333333333335,37.8763,3494.0,152.99666666666664,38.084199999999996,True,16.540327948205967,5.554426090639558
217359,3727,2.8883333333333336,4.0146999999999995,3727.0,47.13333333333333,3.9236999999999997,3727.0,21.073333333333334,3.9236999999999997,True,16.318522792844774,7.29601846508944
217411,3792,140.85166666666666,146.8973,3792.0,1738.5166666666667,144.5277,3792.0,660.7733333333333,149.0192,True,12.342890274638805,4.691270958810096
217437,3494,33.751666666666665,29.8217,3494.0,445.7,37.052800000000005,3494.0,302.94,38.3127,True,13.205273813638833,8.975556762629006
217486,3727,120.93666666666667,116.4985,3494.0,2093.226666666667,173.9835,3494.0,993.385,186.98860000000002,False,17.308453460488963,8.21409277583308
217510,4370,83.02166666666668,106.23780000000001,,,,,,,False,,
217511,3727,102.41000000000001,115.6526,3727.0,2715.836666666667,225.857,3727.0,1365.8866666666665,226.397,True,26.519252677147414,13.33743449532923
217722,3523,49.269999999999996,58.9542,3523.0,714.7283333333332,59.42,3523.0,242.69666666666666,59.4837,True,14.506359515594344,4.925850754346797
217736,3727,156.17666666666668,171.981,3523.0,1380.535,114.8133,3523.0,461.36333333333334,114.8221,False,8.839572706123407,2.95411179646981
217764,3727,66.295,82.5218,3494.0,2309.6183333333333,191.9624,3494.0,1172.6383333333333,205.502,False,34.838499635467734,17.688186640520904
217790,3727,63.065000000000005,80.3732,3494.0,2335.4583333333335,194.1109,3494.0,1194.1699999999998,207.6505,False,37.032558999973574,18.93554269404582
217811,3494,62.708333333333336,36.2725,3494.0,407.315,33.8613,3494.0,281.93833333333333,37.665,True,6.495388704318937,4.4960265780730895
217812,4370,150.31333333333333,128.7946,4370.0,1483.8533333333332,123.386,30057.0,793.5283333333333,126.49130000000001,True,9.871734598837982,5.279161307491019
217835,4370,38.385,40.267199999999995,4370.0,571.4433333333333,47.4575,30057.0,280.025,64.9808,True,14.88715209934436,7.295167383092354
217841,3727,178.88666666666668,203.06779999999998,3523.0,1980.145,164.7132,3523.0,681.4216666666667,169.6679,False,11.069271046845301,3.809236760705102
217906,37376,49.495,23.933799999999998,8154.0,264.9433333333333,22.0143,8154.0,109.28666666666666,22.6846,False,5.35293127251911,2.2080344815974677
217945,3523,116.01666666666667,84.21889999999999,3523.0,985.205,81.9189,3523.0,335.54833333333335,83.127,True,8.491926447349519,2.8922424938945555
218084,3727,91.825,104.17410000000001,3523.0,5617.9400000000005,462.6246,3523.0,2204.55,467.68690000000004,False,61.18094200925674,24.008167710318542
218133,3727,115.36333333333333,105.05760000000001,3727.0,2180.1466666666665,181.2933,3727.0,1306.0866666666666,181.9033,True,18.898090092172556,11.321505966656073
218137,30057,43.71,57.8628,4370.0,1130.2433333333333,90.6401,30057.0,579.6683333333333,94.644,False,25.857774727369787,13.261686875619613
218178,4370,10.716666666666667,6.793,4370.0,80.33666666666666,6.689100000000001,4370.0,34.059999999999995,8.0079,True,7.4964230171073085,3.1782270606531875
218192,30057,75.235,82.6793,30057.0,920.8416666666667,76.6473,30057.0,397.3883333333333,81.22789999999999,True,12.239538335437851,5.281960966748632
218212,3727,35.69166666666667,43.587300000000006,3727.0,814.6316666666667,67.7252,3727.0,281.6333333333333,68.1418,True,22.824141956572493,7.8907307961709074
218332,3727,94.11666666666666,106.61210000000001,3523.0,5617.9400000000005,462.6246,3523.0,2204.55,467.68690000000004,False,59.69123428369046,23.42358774570569
218338,3727,102.95833333333333,116.08510000000001,3494.0,2424.4883333333332,201.5999,3494.0,837.6833333333333,201.7597,False,23.54824767300688,8.136139214892756
218354,3494,270.985,210.7922,3494.0,3086.233333333333,256.57689999999997,3494.0,1456.79,276.10859999999997,True,11.388945267573234,5.375906415484251
218383,3727,53.66,74.2042,3727.0,2600.7149999999997,216.2314,3727.0,1595.1583333333333,216.8476,True,48.466548639582555,29.727140017393467
218429,6919,26.365000000000002,37.0085,6502.0,686.2266666666667,57.0199,6502.0,241.4,59.7751,False,26.027941083507173,9.156078133889626
218453,3727,141.57000000000002,147.74120000000002,3494.0,1898.0,157.7508,3494.0,660.365,157.95870000000002,False,13.40679522497704,4.664582891855619
218483,8154,74.53166666666667,50.5503,35125.0,581.5916666666667,48.3311,35125.0,211.11166666666668,48.6839,False,7.803282720991078,2.8325096715042823
218549,3727,141.75666666666666,158.6778,3727.0,2715.836666666667,225.857,3727.0,1365.8866666666665,226.397,True,19.15844052014015,9.63543160815482
218838,3494,37.498333333333335,35.5616,3494.0,409.80333333333334,32.6222,3494.0,167.48999999999998,36.565,True,10.928574603315703,4.466598515489577
218871,3494,272.8,211.6539,3494.0,3069.6116666666667,255.193,3494.0,1451.7649999999999,274.7247,True,11.252242179863147,5.321719208211143
218914,3727,261.34166666666664,263.3255,3494.0,3178.15,264.2327,3494.0,1487.0333333333333,283.7389,False,12.16090048148975,5.689997130193553
218932,3727,25.11,35.3999,3494.0,2293.3883333333333,190.6068,3494.0,910.0966666666667,203.6119,False,91.33366520642507,36.24439134474977
219017,3655,84.56333333333333,88.9842,3655.0,1016.2166666666667,84.4892,3655.0,342.8316666666667,84.9132,True,12.01722574796011,4.0541408806023105
219152,35125,20.65666666666667,14.5562,35125.0,140.49333333333334,11.667200000000001,35125.0,79.22833333333332,12.2552,True,6.801355494594158,3.835484912054219
219157,3494,19.883333333333333,20.9016,3494.0,448.6,37.250699999999995,3494.0,301.23333333333335,37.9514,True,22.561609388097235,15.150041911148367
219160,3754,24.790000000000003,34.0792,3770.0,556.9433333333333,46.3173,3770.0,193.32333333333332,46.317699999999995,False,22.466451526153012,7.798440231276051
219187,6359,73.33999999999999,60.7199,,,,,,,False,,
219194,3523,195.71,152.04379999999998,3523.0,1826.5233333333333,151.93810000000002,3523.0,1042.3116666666667,151.94389999999999,True,9.332805341236183,5.325796671946588
219291,37376,98.77666666666667,63.3785,11775.0,648.525,53.904300000000006,11775.0,322.69,54.0006,False,6.5655687915499605,3.266864644146728
219307,6580,44.443333333333335,43.794,6580.0,510.18333333333334,42.3735,6580.0,194.40166666666667,42.9,True,11.479411985299633,4.374146853671341
219319,3727,89.84166666666667,61.7374,3494.0,2269.351666666667,188.6249,3494.0,887.6883333333334,201.63,False,25.259456451164088,9.880586216491977
219336,6919,61.49666666666667,41.2989,,,,,,,False,,
219371,3727,53.02833333333333,74.6481,3494.0,2624.161666666667,218.18689999999998,3494.0,921.4616666666666,218.84720000000002,False,49.48602948109502,17.37677970896062
219386,6732,26.413333333333334,12.8856,23733.0,311.18833333333333,24.149900000000002,23733.0,157.36833333333334,24.3613,False,11.781486622917718,5.957912670368501
219398,3727,102.39166666666667,117.173,3494.0,1532.16,127.3475,3494.0,537.9616666666667,127.55539999999999,False,14.963717750467975,5.253959469357858
219409,3727,127.54833333333333,81.6926,3727.0,1050.8216666666667,87.3488,3727.0,406.9066666666667,87.7654,True,8.23861542683166,3.19021547387265
219412,3523,26.141666666666666,22.1318,3523.0,376.62666666666667,31.318099999999998,3523.0,149.11499999999998,31.336,True,14.40714058017214,5.70411220911699
219417,3523,96.59166666666667,90.74560000000001,3523.0,985.775,81.94210000000001,3523.0,346.77166666666665,85.9945,True,10.205590544387887,3.590078509188163
219435,3727,161.405,154.28560000000002,3494.0,2028.5433333333335,168.7096,3494.0,703.4883333333333,168.86939999999998,False,12.568032795349174,4.358528752723481
219459,3727,134.75,143.1946,3494.0,1843.3433333333335,153.20420000000001,3494.0,642.1566666666666,153.4121,False,13.679727891156464,4.765541125541126
219473,3655,78.78,81.05210000000001,3655.0,919.8216666666667,76.48310000000001,3655.0,310.9216666666667,76.9071,True,11.675827198104427,3.946708132351697
219483,3727,61.105000000000004,72.112,3727.0,2341.5816666666665,194.686,3727.0,1472.8966666666668,195.3022,True,38.32062297138804,24.104355890134467
219542,3494,175.86166666666668,138.768,11775.0,1534.38,127.55539999999999,11775.0,696.2883333333334,128.4025,False,8.724925841333624,3.9592956585194803
219552,37376,121.29833333333333,106.8536,11775.0,2489.4166666666665,206.9525,11775.0,1043.3533333333332,207.8155,False,20.523090451916072,8.601547149589853
219591,3494,200.87333333333333,163.602,3494.0,1872.2866666666666,155.6977,3494.0,697.1916666666667,155.8565,True,9.320732800106203,3.4708024957684778
219609,3655,86.24166666666666,87.5277,3655.0,997.735,82.9587,3655.0,337.09666666666664,83.3827,True,11.569059812542276,3.9087448062614745
219713,3523,95.95333333333333,51.164699999999996,3523.0,710.62,59.0889,3523.0,281.64500000000004,59.1068,True,7.405891752935455,2.9352289307302164
219761,3727,93.24333333333334,103.6822,3523.0,1175.9016666666669,97.7547,3523.0,398.7966666666667,98.9532,False,12.61110713902692,4.276945626139492
219839,3792,56.665,55.1524,3792.0,651.5766666666666,54.162099999999995,3792.0,236.39333333333335,58.642300000000006,True,11.498749963234213,4.171769757934057
219873,10972,7.193333333333333,4.815300000000001,10972.0,55.29,4.5885,10972.0,21.738333333333333,4.7178,True,7.68628359592215,3.022011121408712
219881,3727,184.00333333333336,136.4231,3494.0,1702.2633333333333,141.52270000000001,3494.0,696.435,141.7306,False,9.251263564065868,3.7849042589808146
220011,4370,60.17333333333333,81.3025,4370.0,1211.945,100.6477,30057.0,826.3033333333333,130.0663,True,20.140898515399954,13.732051850210503
220044,3523,58.96333333333334,53.4078,3523.0,746.2183333333334,62.0275,3523.0,324.68833333333333,62.0454,True,12.655633444513539,5.506614280061054
220049,3523,122.75166666666668,100.4033,3523.0,1205.6566666666665,100.2976,3523.0,653.8766666666667,100.3034,True,9.821916878250123,5.326825161912262
220054,3523,144.65333333333334,112.5607,3523.0,1238.4616666666666,102.9127,3523.0,539.48,119.72930000000001,True,8.561584016960088,3.7294681537468892
220055,3727,83.35166666666667,95.6364,3523.0,1089.11,90.5495,3523.0,369.3616666666667,91.74810000000001,False,13.066445382015955,4.431365099678071
220111,3494,239.975,183.7945,11775.0,2330.4666666666667,193.738,11775.0,1150.75,223.84029999999998,False,9.71128937042053,4.795291176164184
220142,6732,337.12666666666667,338.3581,,,,,,,False,,
220188,3494,159.75666666666666,132.59879999999998,11775.0,2006.085,166.7645,3494.0,902.4883333333333,197.66320000000002,False,12.55712854966929,5.649143489056273
220193,11020,8.565,5.7043,11020.0,43.791666666666664,3.6334,11020.0,23.243333333333332,3.8575,True,5.112862424596225,2.7137575403775056
220316,3727,66.63000000000001,75.8162,3727.0,2628.8483333333334,218.58089999999999,3727.0,1573.645,219.1971,True,39.45442493371354,23.617664715593573
220321,3727,164.97666666666666,128.5003,3494.0,1727.1850000000002,143.59570000000002,3494.0,717.0550000000001,143.80360000000002,False,10.469268381387268,4.346402521568708
220390,3727,138.06666666666666,138.8985,3494.0,2211.601666666667,183.909,3494.0,764.6633333333334,184.06889999999999,False,16.018360695316275,5.538363109608885
220406,3727,179.33666666666667,212.7965,3494.0,1944.5216666666668,161.7018,3494.0,667.37,161.8742,False,10.842856080741994,3.7213248824371292
220509,3494,141.565,115.459,3494.0,1973.6233333333332,164.0352,3494.0,686.1033333333332,164.2487,True,13.941463874074335,4.846560472809898
220581,3655,60.47166666666667,55.0035,3655.0,624.1650000000001,51.901199999999996,3655.0,220.7866666666667,54.1671,True,10.321610671664416,3.6510762616101204
220662,3727,242.54,254.5496,3494.0,2999.5016666666666,249.3837,3494.0,1390.8083333333334,267.5982,False,12.36703911382315,5.734346224677717
220749,30057,28.220000000000002,28.2897,4370.0,275.9583333333333,22.9812,30057.0,97.98666666666666,23.295900000000003,False,9.778821167021023,3.472241908811717
220895,3494,179.54666666666665,141.21679999999998,11775.0,2014.35,167.4514,3494.0,905.9316666666667,198.35,False,11.219088816278035,5.045661295113621
220927,3727,157.64,126.9622,3494.0,2429.6183333333333,201.9638,3494.0,1110.0716666666667,214.969,False,15.41244819419775,7.0418146832445245
221029,3727,71.91833333333334,54.286300000000004,3494.0,2179.7966666666666,181.1738,3494.0,857.7983333333334,194.1789,False,30.309332344557482,11.927394498389377
221205,3754,24.31,15.4557,3754.0,185.145,15.396600000000001,3754.0,62.055,15.396600000000001,True,7.6160016454134105,2.5526532291238175
221355,4370,30.976666666666667,38.0464,4370.0,636.115,52.837900000000005,30057.0,252.38333333333333,62.3116,True,20.53529538362208,8.147530399225223
221364,3727,95.89833333333333,108.48360000000001,3727.0,2636.8466666666664,219.2855,3727.0,1326.6683333333335,219.80960000000002,True,27.496272093710353,13.834112514989837
221470,6359,114.03166666666667,95.0157,,,,,,,False,,
221529,3494,174.38833333333332,152.6773,3494.0,1740.9466666666667,144.773,3494.0,588.88,144.93179999999998,True,9.983160188468267,3.3768314011831833
221531,3754,63.251666666666665,79.582,3792.0,827.5033333333333,68.78739999999999,3655.0,301.2316666666667,73.2688,False,13.082711917999527,4.762430502490053
221536,3523,81.42,54.9635,3523.0,1028.9883333333335,85.5532,3523.0,524.61,85.559,True,12.638029149267176,6.443257184966838
221598,3494,12.731666666666666,8.9819,3494.0,93.49,7.764399999999999,3494.0,44.986666666666665,7.764399999999999,True,7.343107736614741,3.533446786228564
221604,3754,88.05833333333334,90.2031,3754.0,1068.6699999999998,88.86460000000001,3754.0,360.05333333333334,89.35589999999999,True,12.135932620422066,4.088804769565629
221644,35125,91.385,60.413599999999995,35125.0,656.6166666666667,54.587300000000006,35125.0,278.37,58.8871,True,7.185168973755721,3.0461235432510803
221649,3727,114.99499999999999,114.8896,3494.0,1920.0966666666668,159.5945,3494.0,848.7983333333334,172.5997,False,16.69721871965448,7.381175993159124
221670,3727,134.60666666666665,128.0641,3494.0,2029.4366666666667,168.72560000000001,3494.0,703.565,168.8854,False,15.076791639839534,5.226821356049726
221675,4370,51.333333333333336,68.23310000000001,4370.0,1062.11,88.2208,30057.0,705.9383333333334,114.0529,True,20.690454545454543,13.752045454545454
221701,4370,34.28666666666666,40.9272,4370.0,613.08,50.9183,30057.0,258.74833333333333,63.761300000000006,True,17.88100330546374,7.546616760645539
221747,3727,239.12833333333336,248.61860000000001,3494.0,3125.0899999999997,259.823,3494.0,1468.4133333333334,279.3292,False,13.068673027732665,6.140691539410498
221783,3727,58.431666666666665,77.2908,3494.0,2372.5283333333336,197.1934,3494.0,1225.0633333333333,210.733,False,40.60346843891726,20.965743461022846
221790,3727,156.88,171.9601,3494.0,1903.9266666666667,158.3406,3494.0,705.1266666666667,169.2177,False,12.13619751827299,4.4946880843107255
221815,3727,161.245,204.07160000000002,3494.0,1956.6633333333334,162.7189,3494.0,708.1933333333333,166.8551,False,12.134722523695824,4.3920328278913034
221897,3494,93.71499999999999,102.6199,3494.0,1117.8016666666667,92.9102,3494.0,373.81,93.11810000000001,True,11.927670774867064,3.988795817105053
221965,3494,137.95166666666668,118.0888,11775.0,2059.2066666666665,171.2001,3494.0,779.4133333333334,177.51229999999998,False,14.927015500598033,5.649901535561972
222055,3727,147.515,151.1097,3494.0,1938.48,161.11929999999998,3494.0,673.935,161.3272,False,13.140900925329628,4.5685862454665624
222058,3727,113.44833333333332,104.2684,3727.0,2170.605,180.5041,3727.0,1302.905,181.1141,True,19.132982708722032,11.484567130411788
222113,3523,104.61833333333334,92.72739999999999,3523.0,1009.4833333333333,83.92389999999999,3523.0,354.65833333333336,87.9764,True,9.649201064185691,3.3900208695098057
222141,3727,14.633333333333333,14.451799999999999,3727.0,94.28500000000001,7.842,3727.0,39.155,7.842,True,6.443166287015946,2.6757403189066062
222191,3494,151.42999999999998,125.7835,3494.0,2090.295,173.7581,3494.0,840.9783333333332,173.9717,True,13.803704682031304,5.553578110898325
222203,6919,6.693333333333333,8.8755,6502.0,436.92833333333334,36.3174,6502.0,158.02833333333334,39.0726,False,65.27813745019921,23.609810756972113
222208,37376,30.131666666666668,17.8463,8154.0,220.935,18.354599999999998,8154.0,114.04666666666667,26.5675,False,7.332319265446097,3.784943857514243
222227,3792,50.531666666666666,41.8256,3792.0,668.3616666666666,55.5748,3655.0,334.56166666666667,64.1555,True,13.226590586760775,6.620831821630001
222238,6733,28.266666666666666,26.5646,28254.0,446.8833333333333,37.1112,28254.0,268.0866666666667,37.3535,False,15.809551886792454,9.48419811320755
222251,8154,73.38166666666666,52.0177,35125.0,604.3033333333333,50.2121,35125.0,254.60333333333335,50.473,False,8.235072338685866,3.469576869790366
222464,6580,18.701666666666664,19.561,6580.0,299.7866666666667,24.9188,6580.0,106.70833333333333,25.2378,True,16.02994385527137,5.705819445682203
222473,4370,184.05833333333334,224.50910000000002,4370.0,1925.8300000000002,160.1178,30057.0,1165.1583333333333,163.2032,True,10.463150269389233,6.330375333906823
222506,3754,451.72999999999996,389.9277,3494.0,3123.9100000000003,259.8646,3494.0,1550.9333333333334,291.5124,False,6.9154362118964885,3.433319313159041
222654,3494,138.32666666666668,110.57039999999999,11775.0,1202.7083333333333,99.9915,11775.0,563.1949999999999,100.32430000000001,False,8.694696129933972,4.071485372789049
222670,10972,10.983333333333333,7.4683,10972.0,88.805,7.3716,11020.0,35.67333333333333,8.0091,True,8.085432473444614,3.2479514415781487
222832,11775,110.045,96.43339999999999,35125.0,940.5083333333333,78.16369999999999,35125.0,427.8616666666667,79.1478,False,8.546579429627274,3.8880609447650203
222899,6359,110.29833333333333,93.3463,,,,,,,False,,
222919,3727,156.19,149.81429999999997,3494.0,2122.951666666667,176.5469,3494.0,734.985,176.7067,False,13.592110036920845,4.70571099302132
222983,3727,101.25333333333333,115.2628,3494.0,1966.9583333333333,163.51379999999997,3494.0,657.1233333333333,163.7217,False,19.42610942849618,6.489893336844878
223027,3523,63.83166666666667,68.5562,3523.0,654.86,54.4319,3523.0,219.65166666666667,54.4377,True,10.259171257735188,3.4411081229274916
223116,3727,40.755,29.360400000000002,3727.0,319.72166666666664,26.583599999999997,3727.0,116.39833333333333,26.9772,True,7.844967897599475,2.8560503823661714
223118,37376,38.39666666666667,24.8672,8154.0,273.0416666666667,22.701,37376.0,141.59166666666667,28.1172,False,7.11107735046445,3.6876030905460544
223280,3727,206.99666666666664,226.4065,3494.0,3033.383333333333,252.2173,3494.0,1400.59,270.4318,False,14.654261743345305,6.766244222934347
223305,3792,48.31666666666667,34.4535,3792.0,393.64666666666665,32.7183,3792.0,168.25,34.3927,True,8.147223180407035,3.4822352535357015
223307,3727,200.61333333333332,204.28889999999998,3494.0,2525.01,210.0118,3494.0,948.5949999999999,210.22279999999998,False,12.586451548584343,4.728474345340954
223339,6919,6.128333333333333,8.429200000000002,6502.0,436.92833333333334,36.3174,6502.0,158.02833333333334,39.0726,False,71.29643731302693,25.78651074245309
223458,4370,147.00333333333336,126.60260000000001,4370.0,1457.4383333333333,121.194,30057.0,780.9033333333333,124.235,True,9.914321670710413,5.312147116845422
223477,3727,83.35166666666667,95.6364,3523.0,1123.9833333333333,93.447,3523.0,382.53,94.77489999999999,False,13.484833336665933,4.589350342924556
223487,3770,35.50833333333333,17.409,3770.0,198.535,16.504900000000003,3770.0,71.95333333333333,17.877299999999998,True,5.591222717671908,2.026378784322929
223535,3494,26.361666666666668,30.5229,3494.0,359.05833333333334,29.842,3494.0,120.75500000000001,30.0499,True,13.620471644433204,4.580704305494089
223650,3727,147.41833333333335,151.0696,3494.0,1938.0,161.07920000000001,3494.0,673.775,161.2871,False,13.146261772054583,4.570496659167222
223727,3727,138.61666666666667,130.7306,3494.0,1997.3516666666667,166.0591,3494.0,692.865,166.2189,False,14.409173981002764,4.998424912829145
223815,3727,109.10666666666665,110.9754,3494.0,1967.1516666666669,163.50879999999998,3494.0,888.0116666666667,176.5139,False,18.029619332763048,8.138931321031407
223824,11775,22.348333333333336,23.4417,11775.0,296.1766666666666,24.612,11775.0,104.78166666666667,24.9545,True,13.252740696547091,4.6885673801178305
223833,3494,210.93833333333333,163.3423,3494.0,2524.2316666666666,209.8605,3494.0,1202.595,210.074,True,11.966680625459256,5.701168587975949
223841,4370,27.966666666666665,24.9325,4370.0,315.65,26.235,30057.0,147.11833333333334,32.0331,True,11.286650774731823,5.260488676996425
223854,6918,11.826666666666666,10.1082,6918.0,142.19833333333332,11.8216,6918.0,48.49666666666667,11.871799999999999,True,12.023534385569334,4.100620067643743
223944,6732,4.9399999999999995,4.4346000000000005,28254.0,84.345,7.009399999999999,28254.0,28.936666666666667,7.0294,False,17.073886639676115,5.857624831309042
223998,3727,225.755,159.95489999999998,3494.0,2428.1916666666666,201.8572,3494.0,1272.88,214.8624,False,10.755871040139384,5.6383247325640635
224032,3727,107.54666666666667,107.9021,3523.0,5525.766666666666,454.98429999999996,3523.0,2175.6583333333333,460.04659999999996,False,51.380176047607236,20.229900198363502
224071,11775,74.13000000000001,45.097199999999994,11775.0,456.97166666666664,37.976699999999994,11775.0,197.75333333333336,38.073,True,6.164463330185709,2.667655919780566
224107,3494,48.288333333333334,35.5696,11775.0,1099.7616666666665,91.4097,11775.0,713.6833333333333,91.7727,False,22.77489386670348,14.779622407068649
224110,3727,108.38333333333334,119.9597,3494.0,1981.9550000000002,164.7545,3494.0,662.8866666666667,164.9624,False,18.28652929417192,6.116131016453944
224122,37376,91.055,58.794,8154.0,673.6333333333333,56.0186,11775.0,289.18333333333334,63.667199999999994,False,7.398092727838486,3.1759193161642227
224186,35125,61.49,43.5137,35125.0,458.96500000000003,38.1357,35125.0,170.54666666666665,38.1357,True,7.464059196617336,2.773567517753564
224188,3727,92.79833333333333,105.2098,3523.0,1179.9266666666667,98.0885,3523.0,400.77666666666664,99.287,False,12.714955369169706,4.318791644964888
224200,6502,8.415,5.178,6502.0,61.83833333333334,5.135800000000001,6502.0,38.88333333333333,5.5567,True,7.348583877995644,4.62071697365815
224235,3494,64.99333333333333,72.4808,3494.0,703.6883333333334,58.488099999999996,3494.0,238.92999999999998,58.696,True,10.827084829213256,3.6762232023797314
224244,3727,255.71833333333333,279.8443,11775.0,3648.195,303.3542,11775.0,1853.155,333.4565,False,14.26645853836578,7.246860152120497
224304,6359,113.12666666666668,94.6402,,,,,,,False,,
224310,6359,109.93,92.9162,,,,,,,False,,
224358,4370,83.54833333333333,112.3549,4370.0,1546.2050000000002,128.4076,4370.0,967.5833333333334,132.2286,True,18.506712681282295,11.581120708571886
224434,3727,90.76833333333335,62.1214,3494.0,1927.03,160.1681,3494.0,773.5233333333333,173.17329999999998,False,21.230201428545193,8.521951488220928
224473,3523,199.70499999999998,175.3594,3523.0,2075.545,172.5909,3523.0,694.2866666666666,172.5969,True,10.393054755764755,3.476561261193594
224505,3727,139.09333333333333,155.5112,3494.0,2099.115,174.5646,3494.0,769.4583333333334,185.3258,False,15.091413439417176,5.531956959355829
224520,3494,51.37166666666667,37.257,11775.0,1107.8333333333333,92.08,11775.0,720.8883333333334,92.4141,False,21.565065048827172,14.03280018168251
224605,3494,98.42666666666668,76.6553,3494.0,791.76,65.8862,3494.0,304.90999999999997,69.8077,True,8.044161473855322,3.097839338932538
224774,3494,89.625,98.2552,3494.0,1065.335,88.5455,3494.0,356.3233333333334,88.7533,True,11.886582984658299,3.9757136215713627
224839,37376,116.44,103.28460000000001,11775.0,1807.0433333333335,150.2338,11775.0,770.8383333333334,151.081,False,15.519094240238179,6.620047520897745
224912,3494,248.68833333333333,197.79139999999998,3494.0,3487.1566666666668,289.9341,3494.0,1590.605,309.4658,True,14.022196457413228,6.395977562276745
224931,3727,106.36999999999999,101.32610000000001,3727.0,2135.2,177.56179999999998,3727.0,1291.0933333333335,178.1718,True,20.07332894613143,12.137758139826394
224979,11020,2.853333333333333,1.8652,11020.0,7.028333333333333,0.5838,11020.0,3.3699999999999997,0.6165,True,2.4632009345794397,1.1810747663551402
225001,28254,38.125,16.038899999999998,28254.0,192.4,15.965399999999999,28254.0,144.83333333333334,16.0995,True,5.04655737704918,3.7989071038251367
225163,3727,89.48333333333333,91.2831,3523.0,1026.785,85.37910000000001,3523.0,348.575,86.5777,False,11.474594896628796,3.895418141180853
225299,37376,143.235,131.43789999999998,11775.0,1468.2649999999999,122.0805,11775.0,655.1433333333333,122.9277,False,10.250741787970815,4.573905353672868
225317,6918,7.13,6.6603,27733.0,116.67666666666668,9.688600000000001,27733.0,40.29333333333333,9.688600000000001,False,16.364188873305284,5.651238896680692
225354,3494,60.52166666666667,33.881699999999995,3494.0,390.6683333333333,32.4717,3494.0,254.73166666666665,36.2755,True,6.455016109933081,4.208933439814942
225377,3494,68.55333333333333,77.8635,3494.0,822.325,68.34360000000001,3494.0,281.39500000000004,68.5515,True,11.995405037440438,4.104760283963825
225390,3494,149.24833333333333,104.4026,11775.0,1057.85,87.9561,11775.0,489.975,88.62480000000001,False,7.087851343956939,3.2829512334029416
225412,4370,58.845,75.1267,4370.0,1220.4283333333333,101.3878,30057.0,809.0533333333333,127.3438,True,20.73971167190642,13.74888832242898
225466,3523,9.623333333333333,8.2045,3523.0,159.83333333333334,13.281600000000001,3523.0,54.111666666666665,13.2873,True,16.608936612400417,5.6229650155871145
225511,37376,57.875,39.031,11775.0,380.1066666666667,31.5946,11775.0,133.465,31.6908,False,6.567717782577394,2.306090712742981
225515,3523,118.20333333333333,82.7711,3523.0,968.895,80.55839999999999,3523.0,329.375,81.75689999999999,True,8.196850060629988,2.7865119426976115
225613,3727,115.565,112.7529,3494.0,2046.52,170.1021,3494.0,954.4616666666666,183.1072,False,17.708821875135204,8.259089401347005
225641,3523,59.288333333333334,66.0347,3523.0,669.7583333333333,55.6693,3523.0,224.86333333333332,55.675,True,11.296629466168161,3.7927079526607255
225741,37376,58.24333333333333,37.4961,8154.0,426.87666666666667,35.4803,11775.0,165.32999999999998,39.541199999999996,False,7.329193613002919,2.8386081382704744
225786,37376,131.31333333333333,114.0553,11775.0,2381.725,198.0135,11775.0,1007.4449999999999,198.8764,False,18.137724018886125,7.672069350662537
225806,11020,4.08,2.2389,11020.0,25.509999999999998,2.12,11020.0,9.411666666666667,2.2389,True,6.252450980392156,2.306781045751634
225816,4370,53.17166666666667,69.4847,4370.0,1048.525,87.0888,30057.0,700.6166666666667,112.7962,True,19.719618844622765,13.176503777074256
225835,3494,23.761666666666667,15.014100000000001,3494.0,165.825,13.7829,3494.0,120.31833333333334,13.8126,True,6.978677141053517,5.063547730939188
225855,37376,175.38166666666666,143.41420000000002,11775.0,2034.2883333333334,169.1472,11775.0,890.2866666666666,169.99439999999998,False,11.599207442815194,5.076281253266685
225888,30057,45.21,49.693400000000004,30057.0,532.8716666666667,44.3279,30057.0,261.52166666666665,47.5062,True,11.786588512865885,5.784597802845978
225896,3523,190.77166666666665,149.6056,3523.0,1797.1083333333333,149.4999,3523.0,1032.495,149.50570000000002,True,9.420205655976169,5.412203069987681
225977,3523,96.08999999999999,87.58030000000001,3523.0,940.4300000000001,78.1461,3523.0,356.77333333333337,82.3682,True,9.786970548444168,3.7129080376036363
226064,3494,61.93666666666666,72.581,3494.0,784.9283333333333,65.272,3494.0,271.925,67.2125,True,12.673080027985577,4.390371885259136
226075,8269,36.10333333333333,31.214599999999997,6502.0,1020.0016666666667,84.7075,6502.0,352.35166666666663,84.7212,False,28.25228510756163,9.759532822454066
226114,3523,72.87666666666668,69.0855,3523.0,829.4883333333333,68.98110000000001,3523.0,358.09833333333336,68.9868,True,11.38208388601747,4.913758404610529
226118,30057,50.718333333333334,56.248599999999996,30057.0,599.385,49.8647,30057.0,282.90333333333336,53.9291,True,11.817915940981235,5.577930399921134
226155,4370,86.66499999999999,107.4906,4370.0,1492.3866666666665,123.9405,4370.0,922.7233333333334,127.7615,True,17.220177311102137,10.647012442546973
226164,3727,158.82999999999998,132.25779999999997,3494.0,2185.415,181.6615,3494.0,1070.25,194.66670000000002,False,13.759459799785935,6.738336586287226
226183,6580,645.5983333333334,402.0875,,,,,,,False,,
226187,11775,126.78,107.66,3792.0,1030.7216666666668,85.69069999999999,3792.0,374.2916666666667,85.6973,False,8.130002103381186,2.9522926854919285
226251,6919,25.203333333333333,22.6043,6919.0,127.9,10.6215,6919.0,43.155,10.6215,True,5.074725565401402,1.712273508795133
226411,3494,89.17166666666667,97.7654,3494.0,822.325,68.34360000000001,3494.0,281.39500000000004,68.5515,True,9.221819337233427,3.1556548230940327
226566,3727,217.48333333333332,157.8511,3494.0,2738.2066666666665,227.64339999999999,3494.0,1302.1066666666666,245.8579,False,12.590420721894398,5.987156103916009
226709,3727,158.82999999999998,132.25779999999997,3494.0,2002.7733333333333,166.48160000000001,3494.0,917.8866666666667,179.4867,False,12.609540598963253,5.779050976935508
226745,3494,116.59166666666667,84.5828,11775.0,851.15,70.7554,11775.0,444.9866666666667,71.08810000000001,False,7.300264455721535,3.8166249731970554
226751,3523,31.918333333333333,34.8374,3523.0,461.9183333333333,38.4033,3523.0,156.64833333333334,38.409099999999995,True,14.471881363897445,4.907785494230066
226755,3523,144.51166666666668,109.1901,3523.0,1187.005,98.64739999999999,3523.0,562.85,102.8695,True,8.213904298384213,3.894841246958146
226795,3494,112.86333333333333,105.81869999999999,11775.0,1900.34,157.9889,3494.0,766.7916666666666,182.7028,False,16.837532118491392,6.793983874302254
226798,4370,81.19333333333334,106.0443,,,,,,,False,,
226813,3727,6.861666666666666,3.6292,3727.0,55.10166666666667,4.5833,3727.0,24.553333333333335,4.5833,True,8.03036191401506,3.578333738158854
226815,3727,58.059999999999995,77.0441,3494.0,2375.4983333333334,197.4401,3494.0,1227.5383333333334,210.9797,False,40.91454242737399,21.142582386037436
226837,3655,20.453333333333333,21.051599999999997,3655.0,233.64333333333335,19.4339,3655.0,86.91499999999999,19.948,True,11.423239895697524,4.249429595827901
226846,4370,135.39,141.1264,4370.0,1464.495,121.5867,4370.0,951.9883333333333,128.115,True,10.81686239751828,7.031452347539209
226944,3727,34.915,32.3307,3727.0,2656.1216666666664,220.8504,3727.0,1582.74,221.4665,True,76.07394147692014,45.33123299441501
226968,37376,14.42,8.3295,8154.0,74.61999999999999,6.2016,8154.0,35.434999999999995,6.4981,False,5.174757281553397,2.4573509015256585
227028,11775,128.15666666666667,108.577,3792.0,1019.7166666666667,84.77369999999999,3792.0,370.625,84.7803,False,7.956797669519078,2.8919681639659793
227037,3494,147.99833333333333,103.5008,11775.0,1047.0800000000002,87.0543,11775.0,486.51666666666665,87.723,False,7.074944537663713,3.2873117940517345
227146,37376,92.82333333333332,60.9182,11775.0,618.9766666666667,51.444,11775.0,299.51666666666665,51.5402,False,6.668330520343305,3.2267389664954935
227340,3727,84.47333333333333,98.1545,3494.0,1303.3666666666666,108.3322,3494.0,435.6666666666667,108.54010000000001,False,15.429326809249467,5.157446136847921
227399,3727,130.47166666666666,167.1107,3494.0,1705.3916666666667,141.81629999999998,3494.0,580.1516666666666,141.9751,False,13.07097326367155,4.446572052680659
227466,8269,26.746666666666666,20.673,6502.0,1123.6683333333335,93.30489999999999,6502.0,375.975,93.4085,False,42.011527916251254,14.056891824526422
227502,6502,52.373333333333335,51.6027,,,,,,,False,,
227510,6359,111.95166666666667,94.1505,,,,,,,False,,
227525,4370,90.50666666666666,98.2392,4370.0,1551.575,128.9356,30057.0,973.8766666666667,154.8939,True,17.143212286387744,10.760275486152034
227530,6919,33.295,23.048099999999998,6502.0,446.05833333333334,37.0861,6502.0,157.69,38.9839,False,13.397156730239775,4.736146568553837
227650,3494,56.47666666666667,53.1218,3494.0,643.425,52.4835,3494.0,229.28333333333333,52.4835,True,11.392758071179838,4.059788703299297
227681,23733,29.39333333333333,18.9845,23733.0,218.17166666666665,18.1311,23733.0,74.39833333333333,18.3262,True,7.422488092537991,2.5311295078249034
227693,3494,128.42166666666668,116.2153,3494.0,2053.9483333333333,170.7219,3494.0,712.9566666666667,170.9354,True,15.993783499669057,5.551685203690965
227699,3727,63.35,60.0517,3494.0,2004.3616666666667,166.5668,3494.0,683.5366666666666,166.77470000000002,False,31.639489607997895,10.789844777690082
227727,4370,64.07666666666667,74.1099,4370.0,1493.5533333333333,124.1243,30057.0,937.91,150.0879,True,23.308848774905062,14.637309473027102
227811,3727,153.52166666666665,168.9433,3494.0,2644.0583333333334,219.91310000000001,3494.0,910.1916666666667,220.1241,False,17.222704721374836,5.928750556381837
227829,3792,33.255,27.020799999999998,3792.0,279.05833333333334,23.2031,3792.0,154.20666666666665,23.4745,True,8.391469954392823,4.637097178369166
227842,3727,44.86833333333333,56.2071,3494.0,1808.38,150.27960000000002,3494.0,605.5766666666666,150.4875,False,40.30414917722224,13.496749749266371
227905,3727,104.405,107.8473,3494.0,2004.7783333333332,166.6368,3494.0,919.365,179.642,False,19.20193796593394,8.805756429289785
227934,3727,47.901666666666664,67.6393,3727.0,2485.4950000000003,206.641,3727.0,1546.79,207.2572,True,51.88744302564282,32.29094325180056
228003,37376,152.8383333333333,128.37969999999999,11775.0,2209.4966666666664,183.70489999999998,11775.0,949.685,184.552,False,14.456429996837619,6.21365713226394
228020,3655,5.488333333333333,3.7111,3655.0,49.25333333333333,4.0916999999999994,3655.0,21.16166666666667,4.2885,True,8.974187670816884,3.85575463103553
228037,3754,54.483333333333334,56.162800000000004,3754.0,666.8666666666667,55.450199999999995,3754.0,223.97166666666666,55.5404,True,12.23982869379015,4.110828999694096
228039,3494,110.24666666666667,102.5273,11775.0,1820.8683333333333,151.3862,3494.0,807.8616666666666,192.6849,False,16.51631190663361,7.327765011791739
228057,3727,76.39666666666668,56.1475,3494.0,2108.7933333333335,175.2706,3494.0,834.285,188.2757,False,27.603211309393952,10.920437191849555
228128,3727,158.82999999999998,132.25779999999997,3494.0,2002.7733333333333,166.48160000000001,3494.0,917.8866666666667,179.4867,False,12.609540598963253,5.779050976935508
228134,3727,184.34333333333333,143.2194,3494.0,2315.685,192.50029999999998,3494.0,1171.6766666666667,205.50879999999998,False,12.561804965372584,6.355948140245556
228174,3523,29.891666666666666,30.9912,3523.0,371.59166666666664,30.8868,3523.0,124.78999999999999,30.8925,True,12.431279620853081,4.174742124337887
228180,3727,80.67666666666668,70.6556,3494.0,3093.17,257.1972,3494.0,1102.325,257.8575,False,38.34032971119282,13.663492129074907
228201,3523,112.35,130.3627,3523.0,1678.3433333333335,139.5346,3523.0,561.545,139.543,True,14.938525441329181,4.9981753449043165
228210,6502,30.738333333333333,28.339,,,,,,,False,,
228229,3494,17.735,19.1753,3494.0,198.33166666666665,16.4867,3494.0,134.52666666666667,16.4986,True,11.183065501362654,7.585377314162203
228247,3792,18.153333333333332,15.5566,3792.0,145.04500000000002,12.0487,3792.0,50.32,12.0487,True,7.989992655159751,2.7719427102460523
228460,3655,48.36833333333333,46.559,3655.0,559.9933333333333,46.561800000000005,3655.0,191.83666666666667,46.985800000000005,True,11.57768512456497,3.9661624340994455
228498,3727,63.79,50.9119,3494.0,2061.93,171.3776,3494.0,818.4866666666666,184.38279999999997,False,32.32371845116789,12.830955740189161
228541,3523,54.70166666666667,60.850699999999996,3523.0,845.1966666666667,70.257,3523.0,346.8016666666666,71.4112,True,15.45102221138905,6.339873861247371
228544,3523,105.61666666666666,90.834,3523.0,1090.6716666666666,90.7283,3523.0,575.8466666666667,90.73410000000001,True,10.326700331387093,5.452232917784441
228608,3494,151.48166666666665,116.016,11775.0,1262.1016666666667,102.1298,11775.0,617.865,105.76,False,8.331712308420162,4.07881041710218
228618,35125,53.22166666666667,38.542300000000004,35125.0,401.6316666666667,33.372099999999996,35125.0,157.83166666666665,33.372099999999996,True,7.546394012463596,2.9655528763348253
228632,3727,15.525,21.9444,3727.0,53.788333333333334,4.478,3727.0,23.84333333333333,4.478,True,3.464626945786366,1.5358024691358023
228671,3754,62.745,79.1194,3792.0,833.0766666666666,69.25,3655.0,303.0883333333333,73.7314,False,13.277180120593938,4.830477860121657
228714,3727,44.86833333333333,56.2071,3494.0,1808.38,150.27960000000002,3494.0,605.5766666666666,150.4875,False,40.30414917722224,13.496749749266371
228802,35125,19.886666666666667,17.0085,35125.0,188.49166666666667,15.6692,35125.0,73.66499999999999,15.6692,True,9.478293664096547,3.7042406972846122
228815,4370,87.47166666666666,108.8865,,,,,,,False,,
228896,6502,28.846666666666668,29.2717,,,,,,,False,,
228907,35125,54.015,40.815599999999996,35125.0,421.31,35.017,35125.0,163.42666666666668,36.188900000000004,True,7.799870406368601,3.025579314387979
228958,35125,17.826666666666664,16.150100000000002,35125.0,178.15666666666667,14.810799999999999,35125.0,70.21833333333333,14.810799999999999,True,9.99382946896036,3.938949139865371
228970,3754,12.66,13.345799999999999,3770.0,164.785,13.699399999999999,3770.0,68.675,13.701,False,13.016192733017377,5.424565560821485
229064,3792,30.21833333333333,21.999299999999998,3792.0,159.66833333333335,13.264,3792.0,54.41833333333333,13.264,True,5.2838232860846075,1.800838343169158
229093,3727,128.22333333333333,133.3597,3494.0,2378.395,197.76139999999998,3494.0,833.98,197.9213,False,18.548847063716952,6.5041204149010845
229164,3727,52.65333333333333,66.5056,3727.0,2409.1966666666663,200.2924,3727.0,1529.24,200.9085,True,45.75582425930615,29.043555330463413
229170,3494,167.22333333333333,147.7717,3494.0,1681.2266666666667,139.8044,3494.0,569.16,139.9632,True,10.053780373552335,3.4035920027109454
229186,3494,46.57166666666667,42.406400000000005,3494.0,514.605,41.768,3494.0,186.3383333333333,41.768,True,11.049744121962565,4.0011094012811785
229301,3523,183.34833333333333,194.27689999999998,3523.0,2189.991666666667,182.0838,3523.0,731.8050000000001,182.09220000000002,True,11.944431819214792,3.9913370724213477
229359,3727,87.99499999999999,60.969800000000006,3494.0,1940.8816666666667,161.3198,3494.0,778.135,174.32489999999999,False,22.056726707956894,8.842945621910337
229423,3727,94.50666666666666,107.0264,3523.0,5617.9400000000005,462.6246,3523.0,2204.55,467.68690000000004,False,59.444906884875856,23.326925790067722
229446,3727,1.7183333333333333,0.7422000000000001,3727.0,8.245,0.6875,3727.0,2.81,0.6875,True,4.7982541222114445,1.6353055286129972
229505,3727,72.48333333333333,95.4132,3494.0,2090.085,173.741,3494.0,714.6283333333333,173.9534,False,28.835387445389745,9.859209013566337
229767,3770,43.794999999999995,23.8932,3770.0,262.27000000000004,21.8142,3770.0,93.01,21.8142,True,5.988583171594932,2.123758419910949
229769,3494,93.26333333333334,67.4713,11775.0,614.365,51.0606,11775.0,318.5433333333333,51.3933,False,6.58742270988956,3.4155259301619068
229806,3727,42.01166666666666,46.281099999999995,3523.0,710.4766666666667,59.077,3523.0,281.59666666666664,59.0949,False,16.911413496251043,6.702820645058912
229809,8269,47.77833333333333,36.0546,6502.0,1078.1883333333333,89.5475,6502.0,371.82,89.5612,False,22.566470157323753,7.782188579202568
230089,3494,70.275,57.6511,3494.0,568.1116666666666,47.2623,3494.0,213.54,47.2623,True,8.084121902051463,3.03863393810032
230145,3523,15.685,15.7023,3523.0,178.39,14.8377,3523.0,60.09,14.848700000000001,True,11.373286579534586,3.831048772712783
230149,3494,44.266666666666666,32.9396,11775.0,1138.7916666666667,94.6603,11775.0,740.0383333333334,95.04339999999999,False,25.725715361445786,16.717733433734942
230200,3727,81.76166666666667,89.6182,3494.0,2352.4416666666666,195.525,3494.0,1208.5216666666668,209.06470000000002,False,28.771938765109972,14.78103023014045
230322,3792,34.38,33.183800000000005,3792.0,387.875,32.242200000000004,3792.0,148.13666666666668,36.6737,True,11.28199534613147,4.308803567965872
230363,23733,55.056666666666665,30.3098,23733.0,354.98499999999996,29.4915,23733.0,171.19333333333333,29.8537,True,6.447629714839256,3.1094024338560273
230477,3727,144.15833333333333,159.5306,3494.0,1823.925,151.6646,3494.0,635.035,151.8244,False,12.65223423319267,4.405121683334297
230478,3727,150.38166666666666,148.0726,3494.0,2228.4783333333335,185.2968,3494.0,818.5316666666666,185.4556,False,14.818816566735752,5.443028294672445
230521,3727,96.635,86.1879,3727.0,2545.58,211.6533,3727.0,1537.3033333333333,212.2695,True,26.34221555337093,15.90834928683534
230533,3727,103.7,67.4941,3494.0,1862.3883333333333,154.7955,3494.0,751.975,167.8006,False,17.959386049501767,7.2514464802314365
230627,4370,23.66166666666667,18.877599999999997,4370.0,305.83,25.4065,4370.0,181.88,29.7224,True,12.92512502641403,7.686694372050432
230649,3655,46.80166666666666,47.636300000000006,3655.0,578.8316666666667,48.131699999999995,3655.0,197.70333333333335,48.555699999999995,True,12.367757558491508,4.224279762116734
230677,3727,146.95833333333334,136.2161,3494.0,1986.4233333333332,165.146,3494.0,689.1133333333333,165.3059,False,13.516915225404023,4.689174936206408
230686,3494,156.10333333333335,158.2101,3494.0,1770.745,147.2451,3494.0,611.3466666666667,150.5365,True,11.343415686190768,3.9162947620166126
230696,3727,0.6533333333333334,0.8441000000000001,3727.0,14.425,1.1985,3727.0,6.3566666666666665,1.4464000000000001,True,22.079081632653057,9.729591836734691
230749,3494,65.01666666666667,51.613800000000005,3494.0,612.7766666666666,50.932900000000004,3494.0,205.415,51.140800000000006,True,9.424916688028711,3.1594206613688796
230780,3494,83.10833333333333,65.89989999999999,3494.0,646.7566666666667,53.7981,3494.0,240.03333333333333,53.805,True,7.78209164744811,2.8881981349644037
230862,3494,53.626666666666665,38.9718,11775.0,1080.2983333333334,89.7932,11775.0,696.8416666666667,90.126,False,20.14479736449528,12.994312531079066
230942,3792,134.72333333333333,129.4005,3792.0,1520.0866666666666,126.3814,3792.0,584.2283333333332,131.10139999999998,True,11.283024469901278,4.336504441200485
231109,3494,243.13,183.8045,11775.0,2330.17,193.748,11775.0,1129.3083333333334,223.85029999999998,False,9.584049685353515,4.644874484157995
231194,3494,53.71,35.9877,3494.0,413.4433333333333,34.373,3494.0,185.82833333333335,34.8226,True,7.6976975113262585,3.459846087010489
231273,3523,90.185,48.767900000000004,3523.0,681.77,56.692099999999996,3523.0,272.025,56.71,True,7.559682874092143,3.016299828131064
231293,6502,25.263333333333332,26.3283,,,,,,,False,,
231417,4370,151.28833333333333,129.24939999999998,4370.0,1489.2866666666666,123.844,30057.0,809.1133333333333,126.8833,True,9.84402851068049,5.348154186817666
231496,3727,115.20833333333333,114.4545,3494.0,2244.2799999999997,186.60410000000002,3494.0,789.7116666666666,186.764,False,19.480188065099455,6.854640144665461
231512,3494,128.20333333333332,110.2984,3494.0,1970.975,163.8611,3494.0,920.6316666666667,164.069,True,15.37382023348327,7.181027534385482
231534,4370,77.79166666666667,106.2254,4370.0,1522.8633333333335,126.4773,4370.0,950.7816666666666,130.7665,True,19.576175682913767,12.222153186930903
231546,4370,19.295,19.3427,4370.0,265.15833333333336,22.0448,30057.0,117.64,28.2528,True,13.74233393798048,6.096916299559471
231564,3494,97.04833333333333,91.969,3494.0,1003.65,82.4617,3494.0,349.575,82.4617,True,10.341754108777414,3.602071132940631
231565,30057,47.78666666666666,52.418800000000005,30057.0,552.8616666666666,45.989599999999996,30057.0,267.6983333333333,50.054,True,11.569370814732142,5.601946149553572
231581,3523,48.97166666666667,39.267,3523.0,1201.6333333333334,99.9189,3523.0,594.6616666666666,107.41539999999999,True,24.537317496511587,12.142973828404177
231587,3727,137.91333333333333,145.3022,3494.0,1868.6566666666665,155.31179999999998,3494.0,650.5916666666667,155.5197,False,13.549499685793009,4.71739498235607
231746,3727,67.40666666666667,80.4603,3494.0,1516.41,126.0264,3494.0,506.75,126.2343,False,22.496439521313423,7.517802393432895
231771,3523,197.50333333333336,205.5257,3523.0,2325.1716666666666,193.3294,3523.0,776.8883333333334,193.3377,True,11.772822399621946,3.9335454253936644
231850,3727,70.445,75.3192,3727.0,2398.74,199.4506,3727.0,1487.9199999999998,200.06670000000003,True,34.05124565263681,21.121726169351977
231864,6733,14.345,15.184,28254.0,497.06666666666666,41.2532,28254.0,284.85999999999996,41.3874,False,34.650865574532354,19.857790170791212
231880,3754,12.94,16.3975,3770.0,243.76333333333332,20.263,3770.0,82.03999999999999,20.2634,False,18.83797011849562,6.340030911901081
231909,3523,107.67,79.569,3523.0,956.5916666666667,79.5512,3523.0,319.73333333333335,79.5536,True,8.884477260765921,2.96956750564998
231919,3494,58.11,54.8828,3494.0,664.6516666666666,54.2445,3494.0,236.36333333333332,54.2445,True,11.437819078758675,4.06751563127402
231978,3727,26.636666666666667,33.5021,3494.0,2271.961666666667,188.83089999999999,3494.0,901.2099999999999,201.83610000000002,False,85.29451883368792,33.83343761731948
232033,30057,3.355,2.1711,30057.0,23.676666666666666,1.963,30057.0,8.536666666666667,1.9722,True,7.057128663686041,2.544461003477397
232084,4370,17.240000000000002,15.918,4370.0,220.97,18.3525,4370.0,113.91833333333334,18.3525,True,12.817285382830624,6.6077919566898675
232113,3494,142.60666666666665,119.3757,3494.0,1995.8733333333332,165.8939,3494.0,762.2866666666666,166.10739999999998,True,13.995652377167968,5.345378897667244
232129,3727,147.515,151.1097,3494.0,1938.48,161.11929999999998,3494.0,673.935,161.3272,False,13.140900925329628,4.5685862454665624
232140,3727,183.50666666666666,206.14520000000002,3523.0,2017.1766666666667,167.7906,3523.0,693.765,172.7453,False,10.992389014023106,3.780598343384437
232172,30057,21.478333333333335,22.432299999999998,30057.0,266.7583333333333,22.2039,30057.0,112.64666666666668,22.6103,True,12.419880499728407,5.244665166446807
232192,3523,170.93333333333334,187.3819,3523.0,2108.115,175.2789,3523.0,704.1550000000001,175.2872,True,12.332966068642744,4.119471528861155
232308,3792,45.92666666666666,35.420300000000005,3792.0,669.8316666666667,55.6977,3655.0,302.4066666666667,64.2784,True,14.584809115982003,6.584555087821165
232332,6359,112.01166666666667,94.1749,,,,,,,False,,
232346,3523,44.141666666666666,61.6068,3523.0,1278.3783333333333,106.2984,3523.0,684.1466666666668,106.3477,True,28.96080800453087,15.498886161978481
232397,3494,125.595,111.1743,11775.0,2085.5333333333333,173.39589999999998,3494.0,750.485,173.8402,False,16.605225791897237,5.975436920259565
232452,8154,18.933333333333334,19.2897,3655.0,255.02166666666665,21.186799999999998,3655.0,85.41000000000001,21.186799999999998,False,13.469454225352111,4.5110915492957755
232479,4370,61.638333333333335,82.4005,4370.0,1214.0033333333333,100.8207,30057.0,824.8683333333333,130.0529,True,19.69558986561393,13.382391909796393
232491,3494,19.775,18.560200000000002,3494.0,493.22666666666663,40.9966,3494.0,319.68,41.7588,True,24.941930046354827,16.165865992414666
232523,11775,3.6933333333333334,2.656,8154.0,23.616666666666667,1.9564000000000001,8154.0,8.95,2.0602,False,6.394404332129964,2.4232851985559565
232576,35125,9.725,7.22,35125.0,75.39,6.265899999999999,35125.0,29.483333333333334,7.1976,True,7.752185089974294,3.031705227077978
232662,3494,99.14333333333335,99.18289999999999,3494.0,1076.7083333333333,89.47330000000001,3494.0,360.19166666666666,89.6811,True,10.860118347174122,3.633039706821773
232667,4370,37.47,49.7191,4370.0,1200.8733333333332,99.73339999999999,30057.0,827.2583333333333,125.697,True,32.048928031313935,22.0778845298461
232690,3494,55.31666666666667,51.8633,3494.0,628.3050000000001,51.225,3494.0,224.24333333333334,51.225,True,11.358330822536908,4.053811388972582
232719,3727,66.26166666666667,82.5004,3494.0,2309.8766666666666,191.9837,3494.0,1172.8533333333332,205.52329999999998,False,34.85992403853409,17.700329501722965
232729,11775,38.115,35.2532,35125.0,286.3933333333333,23.8025,35125.0,149.29833333333332,23.996299999999998,False,7.513927150290786,3.9170492806856436
232795,3727,261.20666666666665,194.6311,3494.0,2855.8966666666665,237.4144,3494.0,1378.775,256.9205,False,10.93347540899926,5.27848319338455
232797,3494,139.87333333333333,123.82889999999999,3494.0,2111.5466666666666,175.52120000000002,3494.0,734.535,175.73479999999998,True,15.096134597969591,5.251429865116057
232896,3523,126.04833333333333,101.77380000000001,3523.0,1222.1466666666668,101.66810000000001,3523.0,659.3666666666667,101.67389999999999,True,9.695857409194886,5.231062158695739
232976,3727,150.09166666666667,147.2781,3494.0,2092.4583333333335,174.0106,3494.0,724.8183333333333,174.1704,False,13.941202598412083,4.829171062128698
233020,3727,172.98999999999998,131.8379,3494.0,1687.0733333333333,140.2581,3494.0,683.6233333333333,140.466,False,9.752432703239108,3.9518083896949734
233120,3770,59.693333333333335,42.9195,3770.0,508.2583333333333,42.243,3770.0,218.64666666666665,42.2434,True,8.514490730399821,3.6628322537413442
233171,3727,183.675,206.2569,3523.0,2018.5216666666668,167.9023,3523.0,694.2133333333334,172.857,False,10.989637493761625,3.779574429472347
233196,3727,53.57,73.5783,3494.0,2612.233333333333,217.1979,3494.0,917.49,217.8582,False,48.76298923526849,17.12693671831249
233215,3655,248.98,180.0935,3655.0,2107.1833333333334,175.1769,3655.0,708.7966666666667,175.7549,True,8.463263448201998,2.8468016172651085
233224,30057,15.356666666666666,10.7,10972.0,133.09166666666667,11.0699,10972.0,79.69666666666667,12.152299999999999,False,8.666702843499024,5.189711308877795
233228,3727,138.84,145.9225,3494.0,1876.1116666666667,155.93210000000002,3494.0,653.0766666666666,156.14,False,13.512760491693076,4.703807740324594
233232,4370,79.24166666666666,93.5356,4370.0,1415.1316666666667,117.5852,30057.0,905.2683333333333,143.54870000000003,True,17.85842885687244,11.424145546324535
233254,3523,28.723333333333336,33.6432,3523.0,494.87166666666667,41.152300000000004,3523.0,166.75166666666667,41.1764,True,17.228907972612276,5.80544272948822
233305,6359,104.26833333333335,89.0414,,,,,,,False,,
233420,3727,7.035,9.8933,3727.0,70.65666666666667,5.8838,3727.0,24.243333333333332,5.8999,True,10.043591565979625,3.4461028192371472
233559,6919,25.188333333333333,19.222,6502.0,559.9933333333333,46.5406,6502.0,199.74833333333333,49.319900000000004,False,22.23225038046715,7.930192549460729
233620,4370,32.54833333333333,37.577400000000004,4370.0,588.4599999999999,48.9101,30057.0,209.30333333333334,51.949400000000004,True,18.07957396692099,6.430539198115623
233661,4370,24.878333333333334,29.033900000000003,4370.0,454.77166666666665,37.777699999999996,30057.0,202.03166666666667,48.178,True,18.27982849869364,8.12078783412608
233699,3727,137.91333333333333,145.3022,3494.0,1868.6566666666665,155.31179999999998,3494.0,650.5916666666667,155.5197,False,13.549499685793009,4.71739498235607
233726,37376,143.02,113.16260000000001,11775.0,1702.755,141.5899,11775.0,771.2099999999999,142.43710000000002,False,11.90571248776395,5.392322752062648
233744,4370,134.71166666666667,117.198,4370.0,1344.2866666666666,111.79260000000001,30057.0,689.6550000000001,114.83189999999999,True,9.978992168458559,5.1194897744565555
233803,3727,56.230000000000004,76.5871,3494.0,2597.7316666666666,215.99460000000002,3494.0,912.6566666666666,216.6549,False,46.19832236647104,16.23077835082103
233835,3655,31.826666666666664,16.583599999999997,3655.0,190.17000000000002,15.8081,3655.0,70.14,15.9218,True,5.9751780477586935,2.203812316715543
233836,3655,8.088333333333333,5.5965,3655.0,49.486666666666665,4.1205,3655.0,30.053333333333335,4.2543999999999995,True,6.118277354213888,3.7156398104265405
233891,3727,84.04333333333334,82.5986,3494.0,1708.8783333333333,142.0275,3494.0,578.1116666666666,143.8949,False,20.33330028160076,6.878733193193986
233931,3523,54.833333333333336,56.9529,3523.0,683.7099999999999,56.8484,3523.0,236.82833333333335,56.8542,True,12.468875379939208,4.319057750759878
233958,30057,10.716666666666667,7.9399,10972.0,100.03666666666666,8.3146,10972.0,59.93,8.423399999999999,False,9.334681181959564,5.592223950233281
234017,3727,80.10333333333332,90.68169999999999,3523.0,1089.11,90.5495,3523.0,369.3616666666667,91.74810000000001,False,13.59631309558487,4.611064874537057
234060,6918,8.748333333333333,5.4864,6918.0,67.78166666666667,5.6413,6918.0,23.28166666666667,5.6914,True,7.747951990855401,2.661268813107259
234064,37376,147.66833333333335,121.63980000000001,11775.0,2421.7033333333334,201.33579999999998,11775.0,1020.7116666666666,202.19879999999998,False,16.39961174253112,6.912190607329487
234154,3727,12.268333333333334,15.2727,3727.0,116.17166666666667,9.6616,3727.0,46.45,9.6616,True,9.469229724222252,3.786170357288412
234183,26411,11.013333333333332,4.5649,26411.0,65.35666666666667,5.4287,26411.0,24.455,5.5376,True,5.934322033898306,2.2204903147699757
234190,3792,157.72333333333333,155.7426,3792.0,1901.8116666666667,158.11010000000002,3792.0,720.5366666666666,162.60170000000002,True,12.057896739015577,4.568358095399116
234223,3494,37.483333333333334,28.8018,11775.0,1177.1699999999998,97.8558,11775.0,769.6183333333333,98.9812,False,31.405157847932408,20.532281013783905
234247,4370,30.16,37.1952,4370.0,612.8166666666667,50.9033,30057.0,246.74166666666667,60.8663,True,20.318854995579134,8.181089743589745
234258,3523,73.81,59.0399,3523.0,813.9116666666666,67.65960000000001,3523.0,345.2816666666667,67.6775,True,11.027119179876259,4.677979496906472
234260,3754,76.28999999999999,90.3218,3792.0,777.1716666666667,64.59740000000001,3655.0,302.60999999999996,69.0788,False,10.187071263162496,3.9665749115218243
234316,6359,104.42666666666668,89.1865,,,,,,,False,,
234422,3727,93.49166666666666,109.051,3494.0,2415.225,200.82760000000002,3494.0,833.8216666666667,200.9875,False,25.83358588109457,8.91867367858098
234434,3494,186.6,150.3648,11775.0,1674.0149999999999,139.1721,11775.0,812.6366666666667,140.0193,False,8.971141479099678,4.3549660593068955
234487,4370,78.93333333333334,91.4636,4370.0,1390.18,115.5132,30057.0,898.8833333333333,141.4691,True,17.612077702702702,11.387880067567567
234570,6919,19.43166666666667,14.1925,6502.0,328.35499999999996,27.3027,6502.0,110.94666666666667,27.3564,False,16.897932927352258,5.709580581525002
234613,4370,29.581666666666667,25.956,4370.0,327.9583333333333,27.258599999999998,30057.0,151.87833333333336,31.5098,True,11.086540086765451,5.134204743929236
234627,3494,97.405,104.26339999999999,3494.0,1161.9283333333333,96.6212,3494.0,395.1383333333333,96.78110000000001,True,11.928836644251664,4.0566534914361
234683,11775,73.25166666666668,44.512800000000006,11775.0,449.93833333333333,37.3924,11775.0,191.89166666666668,37.4886,True,6.142363086164136,2.6196218516074716
234767,3523,18.956666666666667,17.0687,3523.0,194.80499999999998,16.2042,3523.0,65.93166666666667,16.2152,True,10.276331985229469,3.478020045718305
234788,3727,35.431666666666665,31.8491,3727.0,2625.48,218.3003,3727.0,1572.52,218.9165,True,74.09981654828543,44.381767721906016
234798,3523,120.09666666666666,106.44,3523.0,1170.8233333333333,97.31830000000001,3523.0,408.8333333333333,101.3743,True,9.74900774376197,3.404202170473785
234800,3727,192.15166666666667,200.8509,3494.0,2483.6666666666665,206.57379999999998,3494.0,913.9133333333334,206.7848,False,12.925553599153446,4.756208203589179
234896,6580,592.7883333333334,341.6274,,,,,,,False,,
234947,3727,122.36833333333334,150.5076,3494.0,1816.4633333333334,151.0523,3494.0,632.8383333333334,151.21220000000002,False,14.844227128478227,5.171585786083001
234977,3792,25.881666666666668,13.703,3792.0,164.82000000000002,13.703,3792.0,55.138333333333335,13.703,True,6.368214308712732,2.130401184879902
235049,3523,210.52166666666665,161.8155,3523.0,1943.2916666666667,161.6465,3523.0,1081.4783333333332,161.6524,True,9.23083926436709,5.137135528409586
235103,3727,78.325,56.9453,3494.0,2211.805,183.8328,3494.0,868.4733333333334,196.8379,False,28.23881263964251,11.088073199276518
235161,3494,65.31333333333333,72.6124,3494.0,703.9516666666666,58.51,3494.0,239.04,58.717800000000004,True,10.778069817291007,3.659895886495866
235193,3523,149.45499999999998,140.03560000000002,3523.0,1650.8166666666666,137.267,3523.0,551.7966666666667,137.273,True,11.045576706477982,3.692058925206027
235228,3523,69.475,40.1492,3523.0,578.1783333333333,48.0734,3523.0,237.495,48.091300000000004,True,8.322106273239774,3.418423893486866
235239,6919,11.251666666666667,15.6455,6502.0,554.9583333333334,46.125800000000005,6502.0,197.67666666666668,48.8866,False,49.32232261887128,17.568656495334025
235335,3523,51.47166666666667,42.0353,3523.0,614.3783333333333,51.086400000000005,3523.0,251.7866666666667,51.1043,True,11.936243240617815,4.891752744228216
235369,3727,78.325,56.9453,3494.0,2211.805,183.8328,3494.0,868.4733333333334,196.8379,False,28.23881263964251,11.088073199276518
235408,3727,67.295,76.2455,3727.0,2530.7149999999997,210.4265,3727.0,1544.135,211.0426,True,37.60628575674269,22.945761200683556
235429,3494,129.3,75.61280000000001,11775.0,1592.155,132.3657,11775.0,841.0966666666667,132.7632,False,12.313650425367362,6.505001288992008
235435,4370,93.33500000000001,120.4286,4370.0,1542.1383333333333,128.0524,4370.0,993.145,141.9844,True,16.522615667577362,10.640649274120104
235449,30057,43.973333333333336,43.287099999999995,10972.0,526.3233333333334,43.7038,10972.0,279.80333333333334,43.8382,False,11.969147968465737,6.363023044269254
235471,6733,49.51166666666666,45.4714,28254.0,422.88,35.110099999999996,28254.0,328.3666666666667,35.247699999999995,False,8.54101726865722,6.632106910829098
235506,3727,147.515,151.1097,3494.0,1938.48,161.11929999999998,3494.0,673.935,161.3272,False,13.140900925329628,4.5685862454665624
235513,3494,21.763333333333332,19.3548,3494.0,574.4616666666666,47.7596,3494.0,380.27666666666664,48.352599999999995,True,26.39584928779292,17.47327308929392
235579,3727,103.875,116.26289999999999,3727.0,2715.836666666667,225.857,3727.0,1365.8866666666665,226.397,True,26.145238668271162,13.149330124348173
235633,4370,27.546666666666667,27.8327,4370.0,452.68333333333334,37.6061,4370.0,218.17833333333334,41.5339,True,16.433325266214908,7.920317037754114
235653,3494,175.84333333333333,138.7558,11775.0,1534.2333333333333,127.5432,11775.0,696.1666666666666,128.3904,False,8.725001421720092,3.9590165488218676
235661,3523,40.785,41.9266,3523.0,503.8283333333333,41.924800000000005,3523.0,173.25166666666667,41.927099999999996,True,12.35327530546361,4.247926116627846
235677,6919,8.08,10.668299999999999,6502.0,486.55333333333334,40.4408,6502.0,174.51166666666668,43.1961,False,60.21699669966997,21.597978547854787
235692,35125,66.75666666666667,55.841800000000006,35125.0,606.9283333333333,50.4417,35125.0,215.92999999999998,50.4634,True,9.091651270784439,3.2345833125280863
235721,11775,127.58999999999999,103.70819999999999,35125.0,1214.1,100.9247,35125.0,611.56,101.9088,False,9.515636021631789,4.793165608590015
235753,3523,30.333333333333332,34.002900000000004,3523.0,444.18,36.9275,3523.0,149.36166666666668,36.938300000000005,True,14.643296703296704,4.9240109890109895
235773,6502,4.961666666666667,5.3777,6502.0,92.36333333333333,7.6805,6502.0,36.663333333333334,7.6805,True,18.615384615384613,7.3893181054753105
235824,3792,41.29833333333333,32.3549,3792.0,343.2683333333333,28.537200000000002,3792.0,207.72333333333333,28.8085,True,8.311917349368416,5.0298236409863195
235843,3494,40.013333333333335,36.397400000000005,3494.0,401.6433333333333,31.942400000000003,3494.0,153.67000000000002,35.77,True,10.037737420859713,3.8404698433855384
235992,3727,114.395,127.93180000000001,3494.0,2264.5283333333336,188.2986,3494.0,782.1183333333333,188.45839999999998,False,19.795693284962923,6.836997537771174
236013,4370,26.878333333333334,30.8914,4370.0,515.7333333333333,42.8374,30057.0,261.9116666666667,58.581199999999995,True,19.18769764990389,9.74434178706517
236042,3494,159.85166666666666,88.3022,11775.0,1499.9466666666667,124.67580000000001,11775.0,794.6183333333333,125.1006,False,9.383365828737059,4.970973089635183
236066,3494,90.59833333333333,65.7025,11775.0,593.1066666666667,49.2917,11775.0,300.82666666666665,49.6245,False,6.546551628985081,3.3204437167718317
236087,6733,38.75666666666667,30.5555,28254.0,468.77666666666664,38.914199999999994,28254.0,300.065,39.128,False,12.0953814397523,7.742280897910037
236169,3727,65.35333333333332,76.4418,3523.0,868.5433333333333,72.1807,3523.0,390.27166666666665,72.1986,False,13.289962256452108,5.9717178414770995
236252,11775,56.44166666666667,50.483599999999996,11775.0,533.61,44.356300000000005,11775.0,185.02666666666667,45.2286,True,9.45418573748708,3.2781928244500222
236294,6918,43.15833333333333,37.4349,6502.0,1266.4766666666667,105.1879,6502.0,583.2033333333333,105.2015,False,29.344892836454918,13.51311063911952
236345,3792,155.98333333333332,157.2293,3792.0,1862.59,154.8596,3792.0,702.01,159.3512,True,11.940955230259643,4.50054493001389
236396,3494,140.04166666666666,117.7365,3494.0,1976.1116666666667,164.2546,3494.0,689.3733333333333,164.46820000000002,True,14.110883665575722,4.9226301695923835
236408,3523,119.76833333333335,100.25580000000001,3523.0,1203.8583333333333,100.15010000000001,3523.0,670.1683333333333,100.15589999999999,True,10.051557868663112,5.595538609259542
236423,3523,85.69,89.5216,3523.0,957.89,79.6701,3523.0,319.87333333333333,79.6725,True,11.178550589333645,3.7329132142996073
236478,4370,146.925,140.30329999999998,4370.0,2058.096666666667,171.0186,30057.0,1385.9933333333333,197.3294,True,14.00780443536952,9.433339005161363
236513,3727,53.269999999999996,74.98610000000001,3494.0,2624.6716666666666,218.2296,3494.0,921.6316666666667,218.88989999999998,False,49.27110318503223,17.30113885238721
236553,3494,201.77,158.74779999999998,3494.0,2469.038333333333,205.266,3494.0,1156.5449999999998,205.4795,True,12.23689514463663,5.731996828071566
236581,6919,15.793333333333333,14.5764,,,,,,,False,,
236605,35125,82.72333333333333,54.756699999999995,35125.0,588.5683333333333,48.9303,35125.0,232.57666666666668,52.36,True,7.114901075875408,2.8115001813273164
236618,3494,159.75666666666666,132.59879999999998,11775.0,2014.35,167.4514,3494.0,905.9316666666667,198.35,False,12.608863479875644,5.670697101842386
236728,3727,97.43833333333333,86.4628,3727.0,2548.8883333333333,211.9282,3727.0,1538.6433333333334,212.5443,True,26.158989446316475,15.79094470006671
236758,37376,148.11833333333334,134.7681,11775.0,1591.99,132.3571,11775.0,704.0516666666666,133.2043,False,10.748095554230288,4.753305352702231
236790,3792,31.241666666666667,29.8488,3792.0,347.775,28.9073,3792.0,134.65833333333333,33.338699999999996,True,11.131768471592423,4.310216057615364
236798,3727,49.775,69.18860000000001,3727.0,2513.025,208.93110000000001,3727.0,1558.2649999999999,209.5472,True,50.487694625816175,31.30617780010045
236800,8269,17.018333333333334,18.098200000000002,6502.0,1035.2783333333332,85.9635,6502.0,346.21666666666664,85.9772,False,60.833121143864446,20.343746939574967
236804,3494,67.88333333333334,53.7605,3494.0,650.95,53.1222,3494.0,231.905,53.1222,True,9.589246255831082,3.4162288239626806
236839,4370,21.388333333333332,25.8003,4370.0,402.74666666666667,33.4507,30057.0,179.62166666666664,44.4927,True,18.830203381906024,8.398114236733422
236888,37376,75.19666666666667,48.0638,8154.0,542.185,45.0755,11775.0,211.63833333333332,51.027800000000006,False,7.210226517132851,2.8144642936300364
236930,6502,15.211666666666668,12.2079,,,,,,,False,,
236935,3727,1.375,1.1963,3727.0,14.893333333333334,1.2365,3727.0,5.1866666666666665,1.2365,True,10.831515151515152,3.772121212121212
236977,3727,123.26833333333335,75.5815,3494.0,1881.9733333333331,156.43110000000001,3494.0,759.7199999999999,169.4363,False,15.267289517448383,6.163140033260771
237030,6918,23.845000000000002,27.161099999999998,6502.0,1946.6733333333332,161.8085,6502.0,939.6650000000001,163.4859,False,81.63863842874116,39.40721325225414
237128,3727,59.18666666666666,70.16510000000001,3727.0,2643.0916666666667,219.7428,3727.0,1612.5516666666667,220.3589,True,44.65687654877225,27.245184726289708
237161,3494,39.730000000000004,36.0803,3494.0,425.94,35.3994,3494.0,143.05499999999998,35.6072,True,10.720865844450037,3.6006795872136914
237215,3494,186.19666666666666,150.19320000000002,11775.0,1926.255,160.13660000000002,11775.0,924.505,190.2389,False,10.345271129092895,4.965207039152151
237242,3494,125.45833333333333,110.93010000000001,11775.0,2005.6683333333335,166.7299,3494.0,902.315,197.6286,False,15.98672866157423,7.192148787778147
237429,3770,9.110000000000001,8.0336,3770.0,95.41166666666666,7.9307,3770.0,32.071666666666665,7.9307,True,10.473289425539699,3.520490303695572
237474,3523,33.475,23.6845,3523.0,394.3833333333333,32.7955,3523.0,154.67166666666665,32.8134,True,11.781428927059995,4.62051282051282
237568,3494,53.44666666666667,26.152,3494.0,192.42000000000002,16.005399999999998,3494.0,66.18166666666667,16.005399999999998,True,3.600224522888861,1.2382749158039166
237641,3494,117.75833333333334,108.86319999999999,3494.0,2013.4866666666667,167.34570000000002,3494.0,699.3449999999999,167.5592,True,17.098464369117544,5.938815370462104
237672,3792,69.51833333333335,50.706300000000006,3792.0,539.5233333333333,44.8453,3792.0,221.73166666666665,44.8453,True,7.76087842535542,3.1895423269641094
237683,3523,136.38333333333333,109.8145,3523.0,1205.4583333333333,100.1665,3523.0,504.1333333333333,116.98310000000001,True,8.83875106928999,3.696443846999878
237723,4370,17.546666666666667,19.1211,4370.0,309.2183333333333,25.6827,4370.0,148.14833333333334,25.9243,True,17.62262537993921,8.443104103343465
237749,3727,83.35166666666667,95.6364,3523.0,1089.11,90.5495,3523.0,369.3616666666667,91.74810000000001,False,13.066445382015955,4.431365099678071
237750,3523,215.30499999999998,164.867,3523.0,1970.0033333333333,163.8673,3523.0,1091.16,163.8731,True,9.149826215523715,5.067973340145376
237757,8154,43.255,31.984599999999997,35125.0,501.85499999999996,41.7104,3655.0,225.56166666666667,43.2918,False,11.602242515316147,5.214695796247062
237814,11775,4.661666666666666,2.2105,11775.0,26.871666666666666,2.2392,11775.0,9.786666666666667,2.2631,True,5.764390418305328,2.0993922059349304
237836,3727,19.06833333333333,16.0537,3727.0,162.23666666666668,13.4965,3727.0,61.87,13.4965,True,8.508172362555722,3.2446464469888996
237896,4370,139.05166666666668,137.029,4370.0,2018.7166666666667,167.74429999999998,30057.0,1353.1816666666666,194.0551,True,14.517745202622526,9.731502678860375
237940,3792,10.126666666666667,10.553,3792.0,126.94,10.553,3792.0,43.501666666666665,10.553,True,12.535220539828835,4.295753785385122
237948,30057,29.091666666666665,24.1373,4370.0,256.11833333333334,21.3247,30057.0,100.58166666666666,24.0605,False,8.803838441707247,3.4574047550845033
238041,8269,16.045,11.641200000000001,6352.0,172.66333333333333,14.3497,6352.0,58.00833333333333,14.357700000000001,False,10.76119247948478,3.6153526539939747
238157,37376,101.0,86.4388,11775.0,2010.53,167.1481,11775.0,838.9516666666666,167.9953,False,19.906237623762376,8.306452145214521
238197,3655,67.25500000000001,57.6009,3655.0,694.0849999999999,57.7131,3655.0,235.41,58.152800000000006,True,10.320199241692064,3.5002602037023265
238312,6502,9.756666666666666,8.581,,,,,,,False,,
238314,37376,89.03999999999999,73.0438,11775.0,1274.6766666666667,105.9826,11775.0,722.5766666666666,106.6155,False,14.315775681341721,8.115191674153937
238397,37376,61.108333333333334,40.8175,11775.0,420.8616666666667,34.9799,11775.0,147.255,35.0762,False,6.887140324560208,2.4097368062184645
238500,6359,100.29166666666667,84.9417,,,,,,,False,,
238649,3727,73.48833333333333,77.1576,3494.0,1704.505,141.67929999999998,3494.0,569.45,141.8872,False,23.194225840836417,7.748849023654549
238732,3655,9.276666666666667,3.9365,3655.0,45.785,3.81,3655.0,15.58,3.81,True,4.935501257635645,1.679482572763205
238750,3494,38.836666666666666,25.5717,3494.0,290.56,24.1617,3494.0,191.19333333333333,27.9655,True,7.481589563127629,4.923010900351901
238754,3727,220.06333333333333,231.9493,11775.0,3939.241666666667,327.4914,11775.0,1951.6716666666666,358.0572,False,17.900490767809266,8.868681743134552
238758,3523,154.94166666666666,126.5053,3523.0,1403.3083333333334,116.6048,3523.0,570.9333333333333,133.5083,True,9.057010702952725,3.684827623299091
238801,3792,74.55833333333334,54.0485,3792.0,579.76,48.1875,3792.0,230.36,49.82,True,7.775924891024924,3.0896613389963115
238839,3494,62.730000000000004,59.8825,3494.0,724.7266666666667,59.2442,3494.0,256.39166666666665,59.2442,True,11.553111217386684,4.08722567617833
238859,3727,36.9,52.061800000000005,3494.0,2302.2216666666664,191.3404,3494.0,914.4433333333333,204.3455,False,62.39083107497741,24.781662149954833
238919,11775,47.038333333333334,33.2097,11775.0,375.8816666666667,31.2407,11775.0,128.47666666666666,31.3564,True,7.990964815930271,2.7313184282322926
238935,4370,59.38166666666667,75.4461,4370.0,1222.2766666666669,101.5408,30057.0,809.56,127.49680000000001,True,20.5834011619748,13.633163995621542
238951,6502,20.798333333333336,20.8141,,,,,,,False,,
239010,3494,146.07999999999998,124.7117,3494.0,1935.7266666666667,160.9292,3494.0,890.99,161.1371,True,13.251140927345748,6.099329134720702
239022,3494,37.61833333333333,30.4346,3494.0,452.8283333333333,37.6481,3494.0,318.2133333333333,39.1188,True,12.037437419697842,8.458996056887155
239237,37376,129.225,112.6655,11775.0,2398.4666666666667,199.4032,11775.0,1013.0233333333333,200.2662,False,18.56039208099568,7.839220996969111
239287,37376,150.68333333333334,126.86410000000001,11775.0,2228.01,185.2423,11775.0,956.7416666666667,186.0895,False,14.78604136710541,6.349352947682778
239492,3494,131.75166666666667,118.427,3494.0,2080.5916666666667,172.9336,3494.0,721.8383333333334,173.1471,True,15.7917673400716,5.478779522080682
239539,11775,144.28333333333333,116.4245,3494.0,1338.68,111.341,3494.0,601.0833333333334,111.4712,False,9.278133302529746,4.165992838165646
239612,3523,66.435,79.18539999999999,3523.0,1180.5733333333333,98.1816,3523.0,602.3833333333333,98.2993,True,17.770351973106543,9.067258724066129
239624,3494,21.42,21.394299999999998,3494.0,452.8316666666667,37.6386,3494.0,302.45,38.2316,True,21.140600684718333,14.119981325863677
239636,3655,260.56666666666666,184.9531,3655.0,2165.621666666667,180.0365,3655.0,728.1466666666668,180.6146,True,8.311199948829476,2.794473583216068
239675,3770,16.191666666666666,17.503700000000002,3770.0,210.60666666666665,17.503700000000002,3770.0,70.23833333333333,17.503700000000002,True,13.007102418939784,4.337931034482758
239700,6352,21.971666666666668,13.610700000000001,6352.0,163.60166666666666,13.6091,6352.0,55.50833333333333,13.610700000000001,True,7.446028976712432,2.5263597056815597
239784,3655,9.2,9.631,3655.0,85.40333333333334,7.101100000000001,3655.0,33.07333333333334,7.101100000000001,True,9.282971014492755,3.594927536231885
239835,37376,39.541666666666664,20.1161,8154.0,219.11166666666668,18.204,8154.0,82.66333333333334,18.8669,False,5.541285563751318,2.090537407797682
239840,3523,74.20666666666666,59.7528,3523.0,822.4666666666667,68.3725,3523.0,350.1066666666667,68.3904,True,11.083460605516127,4.717994789327105
239930,30057,28.255,30.4764,30057.0,366.37166666666667,30.5074,30057.0,150.845,31.978099999999998,True,12.96661357871763,5.33870111484693
239961,6732,40.82333333333334,41.683099999999996,6732.0,880.5433333333333,73.1641,6732.0,361.74833333333333,73.1735,True,21.569608883808275,8.861312974606024
239964,3727,188.41833333333335,160.25879999999998,3727.0,1291.9983333333332,107.44030000000001,3727.0,775.1933333333333,107.86110000000001,True,6.857073356272831,4.114213938841761
239981,3727,183.675,206.2569,3523.0,2018.5216666666668,167.9023,3523.0,694.2133333333334,172.857,False,10.989637493761625,3.779574429472347
240067,3727,89.03166666666667,65.6828,3727.0,592.4983333333333,49.2569,3727.0,209.44,49.6735,True,6.654916789906213,2.352421423089163
240073,3655,7.386666666666667,4.4399,3655.0,58.03,4.8205,3655.0,25.026666666666664,5.3925,True,7.856046931407942,3.3880866425992777
240104,3494,103.47,74.0255,11775.0,693.24,57.6148,11775.0,368.775,57.9475,False,6.699913018266164,3.5640765439257756
240115,3727,86.19666666666667,83.4787,3727.0,2417.06,200.9615,3727.0,1483.0083333333334,201.57760000000002,True,28.041223558528944,17.204938319347228
240125,3494,66.27666666666667,76.04469999999999,3494.0,798.2116666666666,66.335,3494.0,267.2916666666667,66.54289999999999,True,12.04363023688578,4.032967861992657
240165,8154,22.970000000000002,18.439799999999998,3655.0,410.89000000000004,34.1607,3655.0,155.70499999999998,34.5808,False,17.88811493252068,6.778624292555506
240206,3494,280.80833333333334,217.321,3494.0,3164.805,263.1058,3494.0,1482.99,282.6375,True,11.270338605810606,5.281146689616286
240221,3727,134.11499999999998,112.8579,3727.0,2273.9266666666667,189.0936,3727.0,1337.3583333333333,189.7036,True,16.95505101343375,9.971728243174391
240240,10972,1.0116666666666667,0.7392000000000001,10972.0,8.52,0.7068,10972.0,3.2199999999999998,0.7068,True,8.42174629324547,3.1828665568369026
240342,3727,250.52,258.8259,3494.0,3050.92,253.6599,3494.0,1406.6866666666667,271.87440000000004,False,12.17834903400926,5.615067326627282
240343,4370,135.41166666666666,152.399,4370.0,1659.7933333333335,137.7432,4370.0,996.325,148.7813,True,12.257387965094098,7.357748593794233
240357,30057,30.508333333333333,38.2585,30057.0,474.2966666666667,39.5018,30057.0,218.11833333333334,44.343300000000006,True,15.546462715105163,7.149467358645179
240475,3494,50.19833333333334,26.1688,3494.0,548.99,44.6252,3494.0,199.77833333333334,44.6252,True,10.936418871808492,3.9797802051860947
240559,6732,17.9,17.6947,6732.0,339.8233333333334,28.2468,6732.0,125.16333333333334,28.7509,True,18.984543761638736,6.992364990689014
240586,6918,43.38333333333333,41.130300000000005,6502.0,1922.5583333333334,159.7982,6502.0,947.0916666666667,161.47560000000001,False,44.31559738762966,21.830772185939303
240587,3727,200.45,206.0454,3494.0,3476.6283333333336,289.0978,3494.0,1551.9716666666668,308.1039,False,17.34411740251102,7.742437848174941
240600,3727,52.07333333333334,63.961,3494.0,3099.1600000000003,257.68170000000003,3494.0,1103.9933333333333,258.342,False,59.51529893739598,21.20074254256817
240641,3523,32.25333333333334,18.7224,3523.0,218.55,18.1655,3523.0,73.555,18.1678,True,6.776043819760231,2.280539479123605
240651,3727,118.86166666666666,117.57939999999999,3494.0,2155.4583333333335,179.2103,3494.0,745.5666666666667,179.3702,False,18.13417558225949,6.272557735182356
240725,6359,114.52166666666668,98.20110000000001,,,,,,,False,,
240732,3494,267.69,208.1828,3494.0,3142.5333333333333,261.2554,3494.0,1475.655,280.78709999999995,True,11.739449861157807,5.512551832343382
240756,6502,24.418333333333333,24.59,,,,,,,False,,
240800,37376,63.45666666666667,42.755,11775.0,563.8933333333333,46.871199999999995,11775.0,201.04666666666665,46.9675,False,8.886274097809528,3.168251300099805
240827,35125,57.46,40.2488,35125.0,422.1816666666667,35.0786,35125.0,162.20499999999998,35.811099999999996,True,7.347401090613761,2.822920292377306
240870,3727,116.02833333333334,94.246,3727.0,2642.461666666667,219.7114,3727.0,1569.6383333333333,220.3275,True,22.77427927086775,13.528060674835169
240873,3494,96.21833333333333,105.2838,3494.0,1149.8483333333331,95.5741,3494.0,384.4916666666667,95.782,True,11.950407926417347,3.9960333269820376
240953,3770,12.211666666666668,12.6584,3770.0,151.065,12.555399999999999,3770.0,50.72,12.555399999999999,True,12.37054729084209,4.153405213593557
241023,3494,164.99666666666664,129.1278,11775.0,1418.445,117.9152,11775.0,634.0733333333334,118.7624,False,8.596810036566396,3.842946322147923
241078,3523,117.86,103.2158,3523.0,1131.98,94.0977,3523.0,396.1333333333333,98.1502,True,9.604445952825387,3.3610498331353584
241082,4370,26.038333333333334,26.2665,4370.0,362.51,30.107599999999998,4370.0,181.39166666666668,31.8575,True,13.922166037252767,6.966331690456379
241087,3727,112.75666666666666,123.06039999999999,3494.0,2433.5,202.3502,3494.0,838.9133333333334,202.5101,False,21.58187246873799,7.440033109646142
241140,3727,79.43833333333333,92.444,3523.0,1123.2416666666666,93.3843,3523.0,382.40999999999997,94.7122,False,14.139793970165536,4.813922749302393
241205,3727,92.78166666666667,105.19239999999999,3523.0,5617.9400000000005,462.6246,3523.0,2204.55,467.68690000000004,False,60.55010867807937,23.760620812301283
241273,3727,160.74666666666664,154.9315,3494.0,1983.35,164.949,3494.0,688.1783333333333,165.1089,False,12.338358493696086,4.28113594890511
241276,3523,63.281666666666666,68.3275,3523.0,652.1116666666666,54.2031,3523.0,218.73333333333332,54.2089,True,10.304906634359607,3.4565039900971843
241325,8154,55.94666666666667,38.9216,35125.0,426.22,35.4204,35125.0,184.38333333333333,35.4625,False,7.618326978074356,3.2956982840800757
241470,6502,11.845,14.225,,,,,,,False,,
241502,3770,46.568333333333335,34.254,3770.0,412.17,34.2524,3770.0,141.63166666666666,34.2528,True,8.850864321248345,3.0413728928814283
241503,3727,50.151666666666664,70.82339999999999,3727.0,2564.5833333333335,213.22570000000002,3727.0,1579.75,213.84179999999998,True,51.13655245754545,31.499451663288028
241579,3727,83.35166666666667,95.6364,3523.0,1123.9833333333333,93.447,3523.0,382.53,94.77489999999999,False,13.484833336665933,4.589350342924556
241586,3727,221.56833333333333,233.1451,11775.0,3937.055,327.31,11775.0,1950.9416666666666,357.8757,False,17.769032879247185,8.80514664399997
241744,3523,21.92,14.4779,3523.0,167.39166666666668,13.921100000000001,3523.0,56.28666666666666,13.923399999999999,True,7.636481143552311,2.5678223844282235
241781,3727,253.19833333333332,192.24079999999998,3494.0,2827.165,235.0241,3494.0,1363.6883333333333,253.1474,False,11.165812044576386,5.385850354465209
241785,3494,162.84,132.8572,3494.0,2157.766666666667,179.37539999999998,3494.0,897.1916666666667,179.5889,True,13.250839269630722,5.509651600753296
241794,37376,184.10666666666665,130.1855,11775.0,2009.9633333333334,167.1227,11775.0,882.5466666666667,167.9708,False,10.917384849362689,4.7936703360370805
241856,3494,131.15333333333334,112.2662,3494.0,1921.3283333333334,159.6902,3494.0,700.1866666666666,159.90370000000001,True,14.649481522899405,5.338687541300259
241858,3727,140.77333333333334,118.45939999999999,3494.0,1941.5116666666665,161.381,3494.0,866.95,174.3861,False,13.791757435120287,6.158481720022731
241863,3523,70.14333333333335,54.1495,3523.0,913.2566666666667,75.9398,3523.0,428.01,75.9456,True,13.019864087820176,6.1019341348667
241921,4370,153.61833333333334,130.8106,4370.0,1508.1283333333333,125.402,30057.0,813.7966666666667,128.50730000000001,True,9.817372058456565,5.297523082097406
241961,3727,156.20666666666665,174.0267,3494.0,1929.5433333333335,160.4711,3494.0,713.5766666666666,171.40189999999998,False,12.352503094191459,4.568157569032478
242004,3792,60.12166666666667,40.6828,3792.0,547.87,45.554199999999994,3655.0,257.495,54.097300000000004,True,9.112688160119756,4.28289856679511
242019,3494,65.82333333333334,75.43639999999999,3494.0,822.325,68.34360000000001,3494.0,281.39500000000004,68.5515,True,12.49291031549096,4.275003798045273
242067,3727,307.5083333333333,317.3062,3494.0,2952.3799999999997,245.3865,3494.0,1621.76,274.10679999999996,False,9.600975583317524,5.273873336765941
242168,3523,45.76166666666666,44.2013,3523.0,635.4133333333334,52.821,3523.0,273.68833333333333,52.8389,True,13.885275157519033,5.980733510580181
242173,8154,28.435,21.9877,3655.0,369.96666666666664,30.7595,3655.0,137.32000000000002,31.179599999999997,False,13.010960670535137,4.829259715139793
242174,6918,11.865,7.5702,6918.0,92.86833333333334,7.7251,6918.0,31.634999999999998,7.7752,True,7.827082455401039,2.666245259165613
242186,3727,49.151666666666664,67.3092,3494.0,2612.0350000000003,217.1814,3494.0,917.4233333333334,217.8417,False,53.1423485131057,18.665152080295687
242264,3523,49.04333333333333,49.957,3523.0,681.1516666666666,56.6409,3523.0,271.8183333333333,56.6588,True,13.888771834432136,5.542411472847142
242295,3727,84.14166666666667,63.672599999999996,3727.0,700.995,58.2829,3727.0,244.225,58.6995,True,8.331128057838962,2.902545310488264
242332,3655,318.97333333333336,209.2121,3655.0,2546.8566666666666,211.7154,3655.0,858.1633333333334,212.3386,True,7.984544162521422,2.6903920912928982
242333,3727,129.465,177.8911,3494.0,1676.6016666666667,139.43470000000002,3494.0,576.1683333333333,139.5945,False,12.950231079184851,4.45037912434506
242391,4370,22.253333333333334,23.9746,4370.0,205.42000000000002,17.0987,30057.0,82.43,20.351,True,9.230976632714201,3.7041641701617736
242400,3523,104.685,125.0573,3523.0,1698.0166666666667,141.161,3523.0,567.9133333333334,141.1694,True,16.220248045724475,5.424973332696503
242472,3727,99.85333333333332,70.2018,3727.0,646.7666666666667,53.7759,3727.0,225.57833333333335,54.1924,True,6.477166510882628,2.259096675123515
242567,3494,65.95666666666666,63.364599999999996,3494.0,766.5916666666667,62.7263,3494.0,270.35333333333335,62.7263,True,11.622656289482995,4.098953858594027
242617,3523,109.57666666666667,111.232,3523.0,1304.2516666666668,108.4634,3523.0,436.0383333333333,108.4694,True,11.902640464819154,3.9792991208590633
242652,6733,34.63666666666666,28.840700000000002,28254.0,448.0733333333334,37.199400000000004,28254.0,282.4116666666667,37.413199999999996,False,12.936387258204217,8.15354633817727
242673,3494,80.83999999999999,59.1216,11775.0,638.5466666666667,53.0621,11775.0,283.15833333333336,59.544,False,7.898894936500084,3.5027008081807693
242687,3792,63.276666666666664,42.781699999999994,3792.0,522.6116666666667,43.4553,3655.0,236.44333333333333,51.9985,True,8.259152926302482,3.7366591160512037
242761,37376,77.49,53.3754,11775.0,606.73,50.4269,11775.0,270.01666666666665,50.523199999999996,False,7.829784488321074,3.4845356390071838
242874,35125,71.375,52.4908,35125.0,561.775,46.6922,35125.0,237.06666666666666,48.3209,True,7.870753064798599,3.3214244016345593
242913,6502,11.481666666666666,12.355799999999999,6919.0,221.88833333333332,18.4478,6919.0,74.685,18.4478,False,19.32544636376833,6.5047176658441
242942,6502,55.91833333333333,64.2039,6502.0,745.3383333333334,61.895300000000006,6502.0,249.27666666666667,61.895300000000006,True,13.329051295043369,4.457870108193497
242976,3754,7.8983333333333325,10.9818,3770.0,307.4566666666667,25.5605,3770.0,103.135,25.561,False,38.9267778012239,13.057818105085463
243029,3727,173.21166666666667,133.43460000000002,3494.0,2507.45,208.4362,3494.0,1149.7883333333334,221.4414,False,14.476218884409247,6.638053633800649
243066,37376,19.65666666666667,11.482,8154.0,115.195,9.5699,8154.0,50.005,10.3465,False,5.860352721722909,2.543920637612345
243067,3523,4.8133333333333335,3.1401999999999997,3523.0,35.71333333333334,2.9677,3523.0,18.90666666666667,2.9785,True,7.419667590027702,3.9279778393351807
243090,3523,7.430000000000001,6.8903,3523.0,81.62666666666668,6.7858,3523.0,28.148333333333333,6.791600000000001,True,10.98609241812472,3.788470165993719
243186,3792,25.675,21.9785,3792.0,218.44333333333333,18.1608,3792.0,103.68833333333333,18.4322,True,8.50801687763713,4.038493995456021
243210,3494,259.7416666666667,192.0161,11775.0,2429.286666666667,201.9596,11775.0,1183.6866666666667,232.062,False,9.35270300619205,4.557168982001348
243266,3727,49.07166666666667,69.292,3727.0,2585.3633333333332,214.95729999999998,3727.0,1588.4083333333333,215.5734,True,52.68546004143599,32.36915395849607
243352,3655,6.261666666666667,4.3702,3655.0,41.236666666666665,3.4335999999999998,3655.0,22.64333333333333,3.6606,True,6.5855735959542185,3.6161831248336433
243386,3494,94.595,68.35589999999999,11775.0,625.0133333333334,51.9452,11775.0,327.4166666666667,52.278,False,6.607255492714557,3.461247070845887
243404,3494,3.3766666666666665,4.4146,3494.0,53.07166666666667,4.4146,3494.0,17.788333333333334,4.4146,True,15.717176702862787,5.268015794669299
243485,3494,146.95666666666665,82.94619999999999,11775.0,1435.4766666666667,119.3197,11775.0,773.1433333333333,119.7445,False,9.768026855989294,5.261029328373444
243644,6502,20.503333333333334,14.7992,6502.0,178.63500000000002,14.845600000000001,6502.0,85.34333333333333,14.8759,True,8.712485774670785,4.162412615834824
243683,3655,83.58833333333334,78.1286,3655.0,941.0333333333333,78.23989999999999,3655.0,319.02833333333336,78.9653,True,11.2579506709469,3.816661017287102
243697,4370,103.88833333333334,108.5989,4370.0,1596.1899999999998,132.6336,30057.0,1037.3733333333334,158.6068,True,15.364477884908473,9.985465162915311
243756,3494,50.19833333333334,26.1688,3494.0,314.5416666666667,26.1633,3494.0,105.41333333333334,26.1688,True,6.265978286131678,2.0999369168963113
243777,3727,213.37166666666664,163.53560000000002,3494.0,2559.735,212.8137,3494.0,1253.32,225.825,False,11.996602173047032,5.8738820368215094
243808,3494,183.64666666666665,136.2066,3494.0,1721.7233333333331,143.1418,3494.0,712.6516666666666,143.3496,True,9.375195121065815,3.8805586815261193
243826,3727,173.75333333333336,132.1552,3494.0,1683.2666666666667,139.9408,3494.0,680.45,140.14870000000002,False,9.687679852664695,3.9161838621801017
243851,3494,34.806666666666665,23.6355,3494.0,264.845,22.020799999999998,3494.0,132.79333333333335,22.4704,True,7.609030837004407,3.8151695077571355
243870,4370,53.67333333333333,72.0151,4370.0,1107.8766666666668,92.016,30057.0,736.9366666666666,118.42139999999999,True,20.641100484411876,13.730033536206681
243924,3727,241.47666666666666,249.0461,11775.0,4234.645,352.1355,11775.0,2167.03,383.7993,False,17.536456248360782,8.97407617023039
243940,3727,112.125,114.1845,3494.0,1663.8916666666667,138.3089,3494.0,556.045,138.51670000000001,False,14.839613526570048,4.959152731326644
243977,4370,87.90166666666667,111.09039999999999,4370.0,1502.4616666666666,124.7785,4370.0,931.12,128.5995,True,17.092527635046736,10.592745681727688
244050,3494,208.01166666666668,162.8976,3494.0,2518.913333333333,209.4158,3494.0,1198.13,209.6293,True,12.109481038723787,5.759917312330238
244052,3494,248.27833333333334,204.1296,3494.0,3299.786666666667,274.3219,3494.0,1528.145,293.8536,True,13.290675115965282,6.154967207502333
244061,3655,108.29166666666667,107.6816,3655.0,1239.7050000000002,103.0792,3655.0,418.045,103.5064,True,11.447833782223933,3.8603616775682954
244192,4370,122.35,133.93529999999998,4370.0,1853.6216666666667,154.02470000000002,30057.0,1025.695,161.1121,True,15.150156654406757,8.38328565590519
244213,3727,168.255,151.86939999999998,3727.0,1396.26,116.1254,3727.0,861.1933333333333,116.5462,True,8.2984755282161,5.118381821243549
244222,23733,44.21666666666667,25.200200000000002,23733.0,293.335,24.378,23733.0,135.55,24.541900000000002,True,6.634036939313983,3.065586128910667
244230,3494,110.10666666666665,102.46910000000001,11775.0,1820.1683333333335,151.328,3494.0,807.6283333333333,192.6267,False,16.530954831678375,7.334963066117705
244248,3523,130.97833333333332,113.8509,3523.0,1336.875,111.1802,3523.0,540.39,111.1825,True,10.20684082609083,4.125796887525927
244367,3727,225.84,173.7378,3494.0,2682.383333333333,223.0159,3494.0,1294.3066666666666,236.02720000000002,False,11.877361553902468,5.731078049356476
244440,3494,146.85333333333335,108.8018,3494.0,1175.1699999999998,97.7753,3494.0,491.45,100.4245,True,8.00233793353913,3.346536226620664
244593,3494,143.90666666666667,122.0571,11775.0,2011.5449999999998,167.2318,3494.0,819.1316666666667,181.4807,False,13.978122394144352,5.692103678310016
244595,37376,70.59833333333333,34.313199999999995,8154.0,386.63,32.147,37376.0,220.62,34.6335,False,5.476474893175005,3.1250029509667367
244618,3727,93.24333333333334,103.6822,3523.0,1175.9016666666669,97.7547,3523.0,398.7966666666667,98.9532,False,12.61110713902692,4.276945626139492
244629,6732,296.695,321.5125,,,,,,,False,,
244684,3494,144.5,122.45039999999999,11775.0,2006.805,166.8385,3494.0,823.0816666666667,181.8739,False,13.887923875432527,5.696066897347174
244695,6580,73.945,55.6256,6580.0,553.0833333333334,45.9212,6580.0,187.39666666666665,46.4476,True,7.479658304595759,2.5342709671602766
244698,3523,62.485,37.2446,3523.0,543.2066666666667,45.168800000000005,3523.0,225.835,45.186699999999995,True,8.693393081006109,3.6142274145794993
244718,37376,91.695,74.4586,11775.0,1274.8366666666666,105.9958,11775.0,722.7083333333334,106.6288,False,13.903011796353855,7.8816547612556125
244720,3792,47.54666666666667,45.3717,3792.0,533.8966666666666,44.3815,3792.0,197.29166666666666,48.8617,True,11.228897924845764,4.1494321368480085
244741,4370,31.834999999999997,30.2407,4370.0,291.34833333333336,24.2465,30057.0,124.37333333333332,29.1966,True,9.151824511805666,3.9068111617192818
244868,3655,70.13833333333334,73.1576,3655.0,825.8433333333334,68.66260000000001,3655.0,279.42,69.0866,True,11.774493263312976,3.98384145616995
244924,37376,131.74666666666667,112.2993,11775.0,2482.7916666666665,206.40820000000002,11775.0,1041.2166666666667,207.27120000000002,False,18.84519532435988,7.903172755793948
244927,3727,242.66833333333335,249.9939,11775.0,4233.511666666667,352.041,11775.0,2166.085,383.7047,False,17.445670016002637,8.926113144827301
244928,3523,108.08500000000001,79.8456,3523.0,959.91,79.8278,3523.0,320.8383333333333,79.83019999999999,True,8.881065827820695,2.9683890764984344
244941,3727,276.64000000000004,200.96120000000002,3494.0,2931.7233333333334,243.719,3494.0,1404.5449999999998,263.25059999999996,False,10.597611818006554,5.077158039329091
244973,3727,156.715,171.8496,3494.0,1905.255,158.451,3494.0,705.5699999999999,169.3282,False,12.157451424560508,4.502249306065149
245006,3727,240.36499999999998,248.157,11775.0,4234.645,352.1355,11775.0,2167.03,383.7993,False,17.61756079296071,9.015580471366466
245030,37376,138.49166666666667,118.7668,11775.0,2326.555,193.4313,11775.0,989.0883333333334,194.2943,False,16.799241831638483,7.141861724532162
245060,3727,94.12333333333332,101.0192,3494.0,2086.9983333333334,173.4649,3494.0,987.89,186.4701,False,22.173017671848996,10.495697134964765
245108,3523,84.71000000000001,90.61030000000001,3523.0,1057.305,87.9395,3523.0,353.2033333333333,87.94189999999999,True,12.481466178727423,4.169558887183724
245113,6918,56.24666666666667,50.0146,6502.0,851.8933333333333,70.7776,6502.0,284.72,70.7776,False,15.145667891430602,5.061988858599029
245199,37376,85.11999999999999,58.452400000000004,11775.0,589.2716666666668,48.9781,11775.0,263.33,49.074400000000004,False,6.922834429824563,3.093632518796993
245385,30057,50.36333333333334,46.7669,10972.0,512.6666666666666,42.5702,10972.0,281.545,42.5702,False,10.179363293401282,5.590277318154742
245388,3727,209.31833333333333,151.8597,3494.0,2440.5299999999997,202.878,3494.0,1278.2516666666668,239.8665,False,11.659418270417465,6.106735355240424
245413,4370,37.09,37.0271,4370.0,425.05833333333334,35.2966,4370.0,211.245,38.0756,True,11.460186932686257,5.695470477217579
245423,3727,42.81666666666667,31.1545,3727.0,340.4116666666667,28.3036,3727.0,123.40833333333333,28.720200000000002,True,7.950447644998054,2.88224990268587
245431,3494,53.245,35.2776,3494.0,424.0933333333333,35.2776,3494.0,142.975,35.2776,True,7.964941935079976,2.685228659968072
245528,6732,33.666666666666664,29.3678,6732.0,423.2366666666667,35.1892,6732.0,144.77666666666667,35.401199999999996,True,12.571386138613862,4.30029702970297
245617,8269,10.586666666666668,5.8835,8269.0,75.62166666666667,6.2894,8269.0,26.240000000000002,6.3291,True,7.143104534005038,2.4785894206549117
245633,6359,91.97166666666666,77.57130000000001,,,,,,,False,,
245727,11775,135.535,114.8975,3792.0,1122.3583333333333,93.303,3792.0,404.8883333333333,93.3096,False,8.280948340527047,2.9873341449318134
245731,3494,120.00333333333333,69.839,11775.0,1648.885,137.09279999999998,11775.0,864.765,137.4904,False,13.740326657592846,7.206174828476986
245732,3727,250.255,191.0645,3494.0,2813.023333333333,233.84779999999998,3494.0,1358.3333333333333,251.9506,False,11.240627892882593,5.427796980413311
245740,3523,51.66,58.9714,3523.0,835.7683333333333,69.4788,3523.0,329.385,69.528,True,16.17824880629759,6.376016260162602
245765,3727,114.99499999999999,114.8896,3494.0,1920.0966666666668,159.5945,3494.0,848.7983333333334,172.5997,False,16.69721871965448,7.381175993159124
245849,3494,255.47666666666666,201.8196,3494.0,3535.57,293.96229999999997,3494.0,1606.745,313.4939,True,13.839111203893378,6.289204493561056
245906,3727,45.37166666666667,64.0526,3727.0,2497.351666666667,207.61929999999998,3727.0,1563.215,210.50070000000002,True,55.042096756419205,34.45355030672592
245915,3727,191.17166666666665,147.7644,3494.0,2370.3,197.04520000000002,3494.0,1189.88,210.0538,False,12.398803867379234,6.224144093877232
245935,3727,226.92666666666668,217.0335,3494.0,3608.95,300.0858,3494.0,1595.9766666666667,319.0919,False,15.903595875319485,7.033006257528129
245940,3494,181.35666666666665,152.4564,3494.0,3558.82,295.89779999999996,3494.0,1614.4933333333333,315.42940000000004,True,19.623320528608453,8.90231036447516
245983,3727,100.37333333333332,98.1514,3727.0,2097.07,174.3871,3727.0,1267.43,174.99710000000002,True,20.892700584484594,12.627158607863977
245989,6502,91.91166666666666,58.267300000000006,6502.0,701.9283333333333,58.3061,6502.0,239.95499999999998,59.472199999999994,True,7.63698841278764,2.6107131847607303
246105,37376,85.14833333333333,55.2956,8154.0,629.0433333333333,52.307300000000005,11775.0,328.31666666666666,65.9681,False,7.387617686781891,3.855820235275696
246110,3727,269.12166666666667,210.4351,3494.0,3044.911666666667,253.14239999999998,3494.0,1442.965,272.6486,False,11.31425687266602,5.361757073938057
246156,3494,65.01666666666667,51.613800000000005,3494.0,612.7766666666666,50.932900000000004,3494.0,205.415,51.140800000000006,True,9.424916688028711,3.1594206613688796
246157,3770,31.296666666666667,15.101899999999999,3770.0,180.315,14.9932,3770.0,60.40833333333333,14.9932,True,5.761476195547981,1.9301842581744595
246234,37376,101.11166666666666,78.8222,8154.0,965.2199999999999,80.2867,11775.0,362.935,86.0038,False,9.546079417146059,3.589447310729062
246422,3494,125.405,110.9075,11775.0,1961.5633333333333,163.0778,3494.0,783.4616666666666,188.4212,False,15.641827146711321,6.247451590181146
246491,37376,138.08166666666665,126.2792,11775.0,1530.8116666666667,127.2761,11775.0,677.92,128.1233,False,11.086277444507479,4.909558353148499
246494,3655,2.1016666666666666,2.9024,3655.0,33.7,2.8036999999999996,3655.0,15.785,2.8036999999999996,True,16.03489294210944,7.510705789056305
246693,6359,101.77,85.3095,,,,,,,False,,
246823,3727,101.23666666666666,114.5352,3494.0,2424.5783333333334,201.608,3494.0,835.48,201.7679,False,23.949606532547495,8.252741101708867
250016,3727,218.72833333333335,164.09629999999999,3727.0,2347.0266666666666,195.18689999999998,3727.0,1330.5316666666665,195.711,True,10.730327575302695,6.083032986124339
250187,3494,33.795,26.1393,11775.0,1186.6816666666666,98.647,11775.0,776.005,100.0192,False,35.11411944567737,22.96212457464122
250275,3494,83.80166666666668,67.2673,3494.0,663.2900000000001,55.1655,3494.0,245.40833333333333,55.1723,True,7.914997712853761,2.928442155088403
250278,3792,78.33999999999999,80.4223,3792.0,949.1283333333333,78.92880000000001,3792.0,335.9133333333333,83.4142,True,12.115500808441837,4.2878903923070375
250290,3727,127.82333333333332,115.8669,3727.0,1832.7949999999998,152.4099,3727.0,1062.8066666666666,152.934,True,14.3385010561452,8.314653036743422
250313,37376,159.775,144.44629999999998,11775.0,1490.3616666666667,123.9194,11775.0,663.5483333333334,125.1052,False,9.327877744745214,4.1530172638606375
250360,6732,542.3716666666667,517.0535,,,,,,,False,,
250409,3523,94.74166666666666,88.61280000000001,3523.0,960.08,79.8092,3523.0,338.195,83.8617,True,10.133661711672092,3.569654323159469
250432,3494,102.94833333333332,73.6235,11775.0,688.4016666666666,57.2128,11775.0,367.8383333333333,57.5455,False,6.6868655798215935,3.5730382554355744
250524,3494,173.73333333333332,146.1117,3494.0,2774.7183333333332,230.6927,3494.0,1411.3183333333334,230.9063,True,15.97113392171911,8.123474673829625
250548,3494,270.25166666666667,196.3858,11775.0,2481.7799999999997,206.32920000000001,11775.0,1201.1783333333333,236.4315,False,9.18321811151334,4.444665774494144
250575,3727,97.60333333333332,102.3119,3523.0,949.1516666666666,78.9193,3523.0,322.69666666666666,80.1178,False,9.72458249376729,3.3062053891602066
250647,3494,135.21,99.3446,3494.0,1106.3,91.9992,3494.0,461.845,92.0829,True,8.182087123733451,3.415760668589601
250676,3727,100.56,115.2277,3494.0,1508.7183333333335,125.4022,3494.0,530.1483333333333,125.6101,False,15.00316560594007,5.27196035534341
250693,3727,29.9,40.048199999999994,3494.0,2003.0233333333333,166.4385,3494.0,702.8916666666667,166.6464,False,66.9907469342252,23.508082497212932
250706,3523,50.37833333333333,56.529300000000006,3523.0,872.2883333333334,72.5181,3523.0,359.76666666666665,72.5673,True,17.314751712045524,7.141297515466305
310035,3727,107.11833333333334,102.5991,3727.0,1974.5516666666667,164.19889999999998,3727.0,1167.1533333333332,164.723,True,18.433368082027663,10.895925067293179
310055,3727,76.35166666666667,68.8623,3494.0,3042.836666666667,253.0015,3494.0,1079.425,253.6618,False,39.852917421579974,14.13754338477658
310065,3754,39.89666666666667,33.2132,3754.0,343.39833333333337,28.547099999999997,3754.0,115.79833333333333,28.57,True,8.607193583423845,2.9024563455593615
310076,3727,207.68833333333333,221.9921,3494.0,3445.061666666667,286.4495,3494.0,1575.1,305.95570000000004,False,16.587651368637303,7.58395993997416
310090,3727,90.69333333333334,108.2595,3494.0,1881.425,156.40429999999998,3494.0,628.5933333333334,156.6122,False,20.744909585416053,6.930976183475448
310126,3494,158.125,126.2714,11775.0,1384.12,115.0588,11775.0,622.63,115.906,False,8.753328063241106,3.937581027667984
310173,3727,111.32166666666667,92.2589,3727.0,2618.5950000000003,217.72420000000002,3727.0,1561.74,218.3404,True,23.522779333163655,14.029074903058703
310205,3727,39.233333333333334,40.728199999999994,3494.0,2184.5516666666667,181.5614,3494.0,859.4166666666666,194.5665,False,55.681011045029734,21.905267629566694
310207,3727,150.30666666666667,119.5113,3727.0,2353.985,195.747,3727.0,1415.675,196.357,True,15.661214849640734,9.418577574736094
310229,3727,103.31833333333334,88.97139999999999,3727.0,2578.9700000000003,214.43679999999998,3727.0,1548.4583333333333,215.053,True,24.961397622235488,14.987256214611797
310232,3494,195.48999999999998,163.7593,3494.0,3532.016666666667,293.6659,3494.0,1605.5649999999998,313.19759999999997,True,18.067505584258363,8.21302879942708
310246,11775,57.294999999999995,50.757,11775.0,536.8966666666666,44.6297,11775.0,189.0883333333333,45.502,True,9.370742065916165,3.3002588940279836
310261,3494,48.526666666666664,32.7599,3494.0,374.7033333333333,31.1452,3494.0,187.72166666666666,31.5948,True,7.721596373128177,3.868422860283006
310268,3494,87.03999999999999,95.4551,3494.0,1031.7083333333333,85.74539999999999,3494.0,345.1166666666667,85.9533,True,11.853266697303921,3.9650352328431375
310269,3494,42.056666666666665,31.539900000000003,11775.0,1142.4966666666667,94.96560000000001,11775.0,742.675,95.659,False,27.16564952048823,17.658912578267415
310301,3727,8.168333333333333,11.4831,3727.0,39.005,3.2415,3727.0,17.78166666666667,3.2415,True,4.775147928994083,2.1769026729238936
310330,3727,84.205,99.1782,3523.0,1115.365,92.7273,3523.0,378.64666666666665,94.0552,False,13.245828632504008,4.496724264196504
310363,3754,20.083333333333332,28.379099999999998,3770.0,559.6066666666667,46.5385,3770.0,194.21166666666667,46.539,False,27.86423236514523,9.670290456431536
310378,3727,26.638333333333332,34.7521,3494.0,2353.685,195.62429999999998,3494.0,948.3366666666666,208.65439999999998,False,88.35706688356379,35.60045047863355
310381,3727,63.80166666666666,82.3167,3494.0,2437.463333333333,202.59279999999998,3494.0,1267.7666666666667,216.1324,False,38.20375643269507,19.870431806901596
310390,3727,13.286666666666667,5.848,3727.0,70.03999999999999,5.8228,3727.0,25.361666666666668,5.8264,True,5.271450075263421,1.9088058203712996
310417,3727,20.966666666666665,29.5642,3494.0,2066.9633333333336,171.74960000000002,3494.0,734.8616666666666,171.9575,False,98.58330683624803,35.04904610492846
310424,3523,162.74833333333333,150.9241,3523.0,1781.9683333333335,148.1555,3523.0,595.7416666666667,148.1615,True,10.949226310561297,3.660508556155209
310437,3523,31.65666666666667,22.9174,3523.0,385.15999999999997,32.028400000000005,3523.0,151.60666666666665,32.0463,True,12.166789512477623,4.789091291986942
310491,3494,73.565,49.6466,3494.0,488.6816666666667,40.643699999999995,3494.0,167.92833333333334,40.6492,True,6.642855524592764,2.282720496612973
310493,3494,293.1633333333333,220.178,3494.0,3172.0316666666668,263.71709999999996,3494.0,1485.4283333333333,283.24879999999996,True,10.820015008698224,5.066896724237911
310539,3727,19.02,26.805400000000002,3494.0,2066.701666666667,171.7278,3494.0,734.73,171.93570000000003,False,108.6593936207501,38.62933753943218
310557,3727,265.12333333333333,289.39790000000005,11775.0,3763.0533333333337,312.90770000000003,11775.0,1891.55,343.01,False,14.193595433571799,7.134604020770207
310584,3727,5.281666666666666,7.4693000000000005,3727.0,9.79,0.8142,3727.0,3.3516666666666666,0.8142,True,1.853581571473651,0.6345850426001893
310612,3727,9.548333333333334,13.4978,3727.0,54.3,4.5205,3727.0,24.05666666666667,4.5205,True,5.686856344911852,2.5194623843602724
310669,3727,62.54333333333333,88.0424,3494.0,2083.5383333333334,173.1949,3494.0,709.1683333333333,173.4074,False,33.313515962266166,11.338831743324628
310673,3523,19.248333333333335,26.1674,3523.0,338.43333333333334,28.144099999999998,3523.0,127.15166666666667,28.162,True,17.582474673131873,6.605853320633821
310696,3523,126.175,124.76219999999999,3523.0,1304.72,108.5022,3523.0,439.22833333333335,108.5082,True,10.340558747770954,3.481104286374744
310697,3727,51.31666666666667,65.63210000000001,3727.0,2515.3683333333333,209.1376,3727.0,1536.1683333333335,209.75379999999998,True,49.016596297499184,29.935076323481653
310739,3523,198.76166666666668,158.0854,3523.0,1807.0416666666667,150.2757,3523.0,660.7583333333333,150.5549,True,9.091499870028594,3.3243750890933024
310742,3727,14.43,17.5586,3727.0,97.35833333333333,8.0975,3727.0,40.18,8.0975,True,6.746939246939247,2.7844767844767846
310743,3523,102.48666666666666,122.95339999999999,3523.0,1722.7816666666665,143.21970000000002,3523.0,576.6533333333333,143.27329999999998,True,16.80981265855721,5.62661809666298
310825,4370,25.285,23.1557,4370.0,294.2416666666667,24.4582,30057.0,144.27833333333334,30.6124,True,11.63700481181201,5.706083976006855
310997,30057,43.42666666666666,56.989,4370.0,1091.505,87.9948,30057.0,553.8733333333333,92.02969999999999,False,25.134441203561565,12.754221676389317
311170,6918,60.29833333333333,53.1663,6918.0,568.65,47.2894,6918.0,240.155,51.645300000000006,True,9.430608916774924,3.9827800657840187
311498,8269,62.215,63.716,6502.0,784.4766666666667,65.1467,6502.0,262.14166666666665,65.1467,False,12.609124273353157,4.213480136087224
510004,8154,30.071666666666665,23.2592,3655.0,367.85499999999996,30.5797,3655.0,135.60666666666665,30.9997,False,12.232610984869478,4.509449648062961
510005,4370,38.483333333333334,41.3491,4370.0,558.36,46.4005,30057.0,199.45,49.439800000000005,True,14.509138155045473,5.182763100909484
510059,6502,15.435,20.7688,6502.0,558.4416666666667,46.3902,6502.0,190.36666666666667,46.4895,True,36.18021811899363,12.33344131303315
510101,3792,39.041666666666664,30.8418,3792.0,724.9466666666667,60.276199999999996,3655.0,320.7816666666667,68.8569,True,18.568537886873003,8.21639274279616
510112,6502,28.05,24.3086,6502.0,292.73833333333334,24.3315,6502.0,99.06,24.3852,True,10.43630421865716,3.5315508021390376
510158,3494,104.22666666666667,106.1435,3494.0,1181.3683333333333,98.2393,3494.0,402.02333333333337,98.3981,True,11.33460726621466,3.8572022515031343
510220,6918,10.931666666666667,10.1999,27733.0,171.50666666666666,14.248700000000001,27733.0,59.305,14.248700000000001,False,15.688976978197896,5.425064796462875
510229,6502,31.53166666666667,21.0452,,,,,,,False,,
510310,6502,66.46166666666666,64.7505,,,,,,,False,,
510387,6580,79.61333333333333,89.6373,6502.0,1148.4683333333335,95.4221,6502.0,505.635,98.2362,False,14.425577792664548,6.351134650812259
510411,15598,41.50333333333333,19.4823,15598.0,226.82999999999998,18.863599999999998,15598.0,99.66666666666667,18.863599999999998,True,5.465344149064332,2.401413541081038
510474,30057,13.946666666666665,13.188799999999999,10972.0,238.89833333333334,19.868599999999997,10972.0,113.78500000000001,21.9348,False,17.129421606118548,8.158580305927345
510478,3494,104.96333333333334,97.70060000000001,11775.0,1953.6399999999999,162.4273,3494.0,763.685,183.5069,False,18.612594874400582,7.275731207723331
510503,8269,71.29666666666667,74.24860000000001,6502.0,973.6983333333334,80.8445,6502.0,326.17833333333334,80.898,False,13.656996587030717,4.57494506522044
510504,8269,8.698333333333332,8.5882,6352.0,119.53,9.9405,6352.0,63.45666666666667,11.0252,False,13.741712971833687,7.2952672925847875
510518,8154,19.11,18.037599999999998,3655.0,313.9,26.1019,3655.0,112.27666666666667,26.1235,False,16.425954997383567,5.875283446712019
510520,3727,272.02833333333336,295.59459999999996,11775.0,3819.4066666666668,317.5944,11775.0,1925.555,349.2077,False,14.040473725163432,7.078508978844115
510540,6359,178.74333333333334,142.394,,,,,,,False,,
510612,3494,284.9483333333334,216.7643,3494.0,3130.9933333333333,260.3034,3494.0,1471.74,279.83509999999995,True,10.98793348501775,5.164936333487357
510646,6919,27.861666666666668,27.9049,6502.0,556.2016666666666,46.228699999999996,6502.0,198.01166666666668,48.9839,False,19.96297182508823,7.106956989890531
510667,3494,174.10166666666666,176.4759,3494.0,1444.605,120.1242,3494.0,599.4266666666666,122.239,True,8.297479442088436,3.4429691463799887
510705,6359,178.23166666666665,142.18179999999998,6918.0,592.6183333333333,49.2939,6918.0,275.0083333333333,53.649800000000006,False,3.324989012427646,1.5429824479376093
510707,8269,14.59,14.281600000000001,6352.0,101.00833333333334,8.389100000000001,6352.0,72.73333333333333,8.4329,False,6.92312085903587,4.985149645876171
510739,3727,255.96,259.1921,3494.0,2965.3816666666667,246.5285,3494.0,1414.7166666666667,266.0347,False,11.585332343595352,5.52710058863364
510743,3523,134.85833333333332,105.1839,3523.0,1263.195,105.0782,3523.0,676.1816666666667,105.2045,True,9.36682938886486,5.014014706791078
510754,6502,68.48166666666665,77.5967,6502.0,1117.8266666666668,92.93560000000001,6502.0,459.77666666666664,110.7174,True,16.32300615736572,6.713865024702476
510762,3727,251.66833333333335,191.6064,3494.0,2819.5433333333335,234.3897,3494.0,1360.5583333333334,252.4925,False,11.203409248945372,5.406156250620857
510875,23733,5.963333333333334,3.8628,23733.0,46.358333333333334,3.8628,23733.0,15.483333333333333,3.8628,True,7.773896031302403,2.596422582448295
510955,3494,271.6166666666667,219.5446,3494.0,3118.4466666666663,259.2559,3494.0,1467.6366666666665,278.7876,True,11.481057863410442,5.4033380376756455
510981,37376,89.91666666666667,58.4929,8154.0,667.4083333333333,55.504599999999996,11775.0,351.93333333333334,69.1655,False,7.422520852641334,3.913994439295644
510988,4370,178.13333333333333,145.9546,4370.0,1690.4266666666667,140.5492,30057.0,955.98,143.5885,True,9.489670658682636,5.3666541916167665
510991,6352,18.185,14.273100000000001,6352.0,128.11499999999998,10.6589,6352.0,55.83833333333334,13.859,True,7.0450921088809455,3.070570983411237
511054,6502,16.345000000000002,17.8283,6502.0,225.52666666666667,18.7573,6502.0,80.675,18.9181,True,13.797899459569694,4.935760171306209
511079,6502,25.486666666666668,23.7634,6502.0,282.2,23.4176,6502.0,94.74,23.4176,True,11.07245618624117,3.7172377713837297
511182,3494,64.33666666666666,78.4606,3494.0,851.6550000000001,70.81939999999999,3494.0,291.5816666666667,70.9782,True,13.237474742241337,4.532122687943631
511224,6580,7.364999999999999,5.1991000000000005,6580.0,14.18,1.1764000000000001,6580.0,6.546666666666667,1.3704,True,1.9253224711473185,0.888888888888889
511246,6732,6.305000000000001,5.7269,28254.0,558.8199999999999,46.3921,28254.0,304.67333333333335,46.526199999999996,False,88.63124504361616,48.322495374041765
511255,8269,57.955000000000005,62.6329,6502.0,745.1166666666667,61.874300000000005,6502.0,248.85666666666665,61.874300000000005,False,12.856814194921347,4.293963707474189
511300,6502,40.208333333333336,27.5989,,,,,,,False,,
511335,3727,140.77333333333334,118.45939999999999,3494.0,1937.1566666666665,161.0193,3494.0,863.2116666666666,174.02439999999999,False,13.760821178253455,6.131926027656752
511374,4370,80.58833333333334,94.045,4370.0,1421.2866666666666,118.0946,30057.0,912.365,144.0506,True,17.63638243749095,11.321303745372571
511392,4370,12.803333333333335,10.2883,11020.0,110.635,9.2127,4370.0,47.041666666666664,10.0976,False,8.641109086175474,3.6741733923457427
511425,37376,58.89333333333333,38.0268,8154.0,438.675,36.4611,8154.0,280.39166666666665,43.7764,False,7.448635952003623,4.761008603124292
511427,3494,114.275,86.7928,3494.0,784.2533333333333,65.2221,3494.0,324.4133333333333,74.1888,True,6.862860059797272,2.8388828119302847
511429,3754,26.259999999999998,27.9363,3754.0,284.4483333333334,23.6558,3754.0,95.885,23.6606,True,10.832000507743084,3.651370906321402
511432,6919,10.33,13.308,6502.0,486.55333333333334,40.4408,6502.0,174.51166666666668,43.1961,False,47.10100032268474,16.89367537915457
511436,3523,209.04666666666665,181.756,3523.0,2070.2833333333333,172.1918,3523.0,691.6733333333334,172.2006,True,9.903450585196289,3.308703000924834
511483,3494,156.66,158.7154,3494.0,1764.66,146.7398,3494.0,612.9766666666667,146.8996,True,11.264266564534662,3.912783522703094
511564,6580,34.82333333333334,43.4976,6580.0,623.2816666666666,51.7834,6580.0,288.72,52.3099,True,17.898391882837174,8.290992629463004
511717,6502,62.468333333333334,56.189699999999995,6502.0,673.2516666666667,55.908199999999994,6502.0,224.89333333333335,55.908199999999994,True,10.77748726021184,3.600117392812358
511842,3754,38.63,39.6361,3770.0,459.165,38.1863,3770.0,160.5,38.186699999999995,False,11.886228319958581,4.154801967382863
511845,3727,187.45833333333334,137.86260000000001,3494.0,1599.6533333333332,132.9807,3494.0,610.7516666666667,133.1886,False,8.533380751278061,3.2580662369415423
511904,3523,17.40666666666667,16.5642,3523.0,199.16833333333335,16.5623,3523.0,72.095,16.564700000000002,True,11.44207200306396,4.141803906549214
512028,6352,23.558333333333334,26.4635,6502.0,1394.99,115.85210000000001,6502.0,485.89166666666665,115.91380000000001,False,59.21429076759816,20.625044216483904
512082,8269,19.196666666666665,18.450400000000002,6502.0,1099.325,91.2817,6502.0,367.4,91.2954,False,57.26645250911617,19.138739364473
512171,6580,7.903333333333333,8.895100000000001,6580.0,99.78999999999999,8.2941,6580.0,34.045,8.334,True,12.626318009278783,4.307676086039646
512182,3494,88.97666666666667,70.6533,3494.0,682.0466666666667,56.722699999999996,3494.0,259.14666666666665,58.5584,True,7.665455362829206,2.912523882665867
512265,4370,129.40666666666667,110.9756,4370.0,1577.3216666666667,131.065,30057.0,987.4466666666667,157.021,True,12.188874864767401,7.630570295193447
512266,37376,22.58833333333333,15.180399999999999,37376.0,146.03166666666667,12.132,37376.0,75.34833333333333,12.2408,True,6.464915516859737,3.33571902899727
512366,3792,76.36999999999999,55.1065,3792.0,592.49,49.2455,3792.0,234.66333333333333,50.878,True,7.758151106455416,3.0727161625420107
512398,15598,5.841666666666667,2.9663000000000004,15598.0,35.64,2.9663000000000004,15598.0,12.120000000000001,2.9663000000000004,True,6.100998573466477,2.074750356633381
512421,6359,74.21166666666666,61.5195,,,,,,,False,,
512472,4370,134.04166666666666,117.8828,4370.0,1352.54,112.4773,30057.0,696.825,115.62219999999999,True,10.090444513521915,5.198570096363072
512512,37376,84.77833333333334,68.1448,8154.0,928.2516666666667,77.20819999999999,11775.0,350.5866666666667,82.9254,False,10.94916153891521,4.13533332022726
512534,3727,272.69,294.254,11775.0,3758.1433333333334,312.502,11775.0,1924.3666666666666,348.21029999999996,False,13.781742393682693,7.05697556443825
512572,6733,38.86,32.3425,15598.0,237.40333333333334,19.7618,15598.0,82.08833333333334,20.143099999999997,False,6.109195402298851,2.112412077543318
512576,3494,7.575,10.3559,3494.0,124.50666666666666,10.3559,3494.0,41.6,10.3559,True,16.436523652365235,5.491749174917492
512582,6502,17.495,20.242099999999997,,,,,,,False,,
512606,3754,24.091666666666665,15.328299999999999,3754.0,183.60666666666665,15.2691,3754.0,61.684999999999995,15.2691,True,7.621169145624352,2.5604289173296437
512616,3523,57.32,71.6399,3523.0,2565.476666666667,213.287,3523.0,864.4599999999999,214.5775,True,44.757094673179814,15.08129797627355
512621,37376,76.865,49.8255,8154.0,563.3933333333333,46.837199999999996,11775.0,304.14833333333337,62.49,False,7.329647216982155,3.9569158047659325
512694,8269,112.77,89.0394,6502.0,1320.5266666666669,95.8323,6502.0,612.0966666666667,95.7925,False,11.709911028346784,5.427832461352015
512699,6359,104.97166666666666,89.6865,,,,,,,False,,
512758,4370,139.32999999999998,121.3994,4370.0,1394.845,115.994,30057.0,732.08,119.13889999999999,True,10.01108878202828,5.254288380104788
512784,6352,31.425,22.0199,6352.0,264.92833333333334,22.0199,6352.0,102.16499999999999,22.0199,True,8.430495889684433,3.2510739856801907
512828,6580,80.53833333333334,68.3449,6580.0,566.0949999999999,47.027,6580.0,241.10666666666665,47.5534,True,7.02888893487573,2.9936883057757173
512879,3523,96.18333333333334,98.3014,3523.0,1149.88,95.63069999999999,3523.0,390.9616666666667,95.6331,True,11.955085773696068,4.064754808525386
512890,30057,10.225,7.3084,10972.0,195.43833333333333,16.244799999999998,10972.0,97.82,17.796400000000002,False,19.113773431132845,9.566748166259169
512911,37376,28.918333333333333,16.025,11775.0,261.49333333333334,21.7318,11775.0,94.86833333333334,21.8281,False,9.042475937986284,3.2805601982594665
512947,3494,7.001666666666667,9.5451,3494.0,114.74,9.5451,3494.0,38.345,9.5451,True,16.387526779338252,5.476553201618662
512968,3727,152.21666666666667,162.9032,3494.0,1864.6033333333332,155.0372,3494.0,648.4716666666667,155.197,False,12.249666046206066,4.26018832804117
512990,6918,60.24666666666667,54.179199999999994,6918.0,580.6983333333334,48.3022,6918.0,265.07666666666665,52.658199999999994,True,9.638679871638818,4.3998561469514215
513021,3494,18.153333333333332,17.5999,3494.0,476.72666666666663,39.6275,3494.0,310.5783333333333,40.2205,True,26.26110907087771,17.108611825192803
513046,6919,14.173333333333334,19.7743,6502.0,557.1533333333333,46.3078,6502.0,198.32833333333335,49.063,False,39.309971777986824,13.993062088428974
513081,3655,19.798333333333336,8.934299999999999,3655.0,101.96833333333333,8.4788,3655.0,40.919999999999995,8.5925,True,5.150349356006397,2.06684064315178
513135,3770,50.45166666666667,36.7929,3770.0,420.03333333333336,34.9235,3770.0,176.29666666666665,35.109,True,8.325460011231872,3.4943675464966466
513161,4370,20.671666666666667,20.2,4370.0,260.265,21.6358,30057.0,115.06833333333334,27.9671,True,12.590421672176086,5.5664758526163025
513170,3754,60.47166666666667,58.3636,3754.0,638.5683333333333,53.088300000000004,3754.0,233.93166666666667,57.7072,True,10.55979384284651,3.8684507896259954
513219,6359,134.68166666666667,116.8992,,,,,,,False,,
513243,3792,54.52833333333333,36.0116,3792.0,603.5766666666666,50.1772,3655.0,242.245,58.7204,True,11.069046672983465,4.442552801295963
513305,3494,15.293333333333333,13.773399999999999,3494.0,165.60666666666665,13.773399999999999,3494.0,55.51,13.773399999999999,True,10.828683522231909,3.629686137750654
513339,4370,15.2,8.6372,4370.0,99.45666666666666,8.271799999999999,4370.0,38.42333333333333,8.6637,True,6.543201754385965,2.5278508771929826
513494,6502,33.62166666666666,43.9784,6502.0,910.0983333333334,75.6413,6502.0,310.14000000000004,77.0992,True,27.068804838150008,9.22440886333218
513532,6919,13.44,7.8711,6502.0,387.93666666666667,32.2478,6502.0,142.46833333333333,35.156,False,28.86433531746032,10.600322420634921
513544,6502,22.185,21.8855,6502.0,513.4599999999999,42.6451,6502.0,180.33666666666667,42.739599999999996,True,23.144466982195176,8.12876568251822
513545,3754,448.72999999999996,387.9341,3494.0,3043.2283333333335,253.14870000000002,3494.0,1517.3100000000002,284.7965,False,6.781869572645764,3.381342901076372
513550,4370,129.88500000000002,140.8251,4370.0,1818.2416666666666,151.183,30057.0,984.285,154.2223,True,13.998857964096441,7.578126804480886
513638,6502,68.435,66.19969999999999,,,,,,,False,,
513649,3494,286.87166666666667,221.3564,3494.0,3213.3083333333334,267.1412,3494.0,1499.16,286.6728,True,11.201204952272503,5.225890787402032
513674,6919,43.465,29.9438,,,,,,,False,,
513743,30057,11.565,8.7551,30057.0,103.03500000000001,8.552200000000001,30057.0,40.656666666666666,8.561399999999999,True,8.909208819714658,3.5154921458423405
513774,6502,56.27166666666667,59.7229,6502.0,714.8016666666666,59.3564,6502.0,238.75666666666666,59.3564,True,12.702692296300683,4.2429286497052985
513789,11020,2.8633333333333337,1.5928,11020.0,18.186666666666667,1.5104000000000002,11020.0,6.760000000000001,1.5928,True,6.351571594877764,2.360884749708964
513830,6733,86.675,71.6648,6502.0,1436.2649999999999,119.27969999999999,6502.0,499.69666666666666,119.3415,False,16.570695125468703,5.765176425343717
513852,3727,251.28333333333333,275.3295,11775.0,3457.436666666667,287.4852,11775.0,1789.16,317.5875,False,13.75911653511972,7.120090203621411
513949,4370,87.72666666666667,109.90960000000001,4370.0,1517.79,126.05810000000001,4370.0,945.5083333333333,129.8891,True,17.301352686374344,10.777889657268789
513953,3727,153.49333333333334,139.9654,3494.0,1886.1483333333333,156.8243,3494.0,655.6533333333333,156.9841,False,12.288144979152188,4.271542738012508
514002,6732,336.8833333333333,332.3265,,,,,,,False,,
514131,6918,29.006666666666668,29.636400000000002,6918.0,299.95,24.9423,6918.0,117.425,29.136200000000002,True,10.340726269823028,4.048207308664675
514159,6919,44.52833333333333,34.341300000000004,6502.0,741.67,61.6457,6502.0,259.9433333333333,64.40090000000001,False,16.656136542276453,5.83770632930344
514231,8269,20.53166666666667,17.8305,6352.0,152.09333333333333,12.6622,6352.0,65.86666666666666,16.296,False,7.407744135075898,3.208052601672213
514273,6918,63.79333333333333,56.403,6918.0,607.4416666666667,50.5261,6918.0,286.00333333333333,54.882,True,9.522024244957677,4.483279339533912
514286,6502,38.73833333333334,36.834300000000006,6502.0,440.39000000000004,36.552800000000005,6502.0,153.63833333333332,36.552800000000005,True,11.368325947597127,3.9660542959170497
514422,6502,64.26666666666667,64.2005,6502.0,1153.1433333333334,95.8522,6502.0,431.35,98.81939999999999,True,17.94310165975104,6.711877593360996
514473,6359,137.56166666666667,107.9851,,,,,,,False,,
514528,6502,32.13166666666667,22.2267,,,,,,,False,,
514537,3770,11.913333333333332,11.099200000000002,3770.0,132.31666666666666,10.9962,3770.0,44.62833333333333,10.9962,True,11.106603245663123,3.746082820369334
514551,8269,6.05,6.3868,6352.0,149.81,12.4605,6352.0,75.15666666666667,13.618,False,24.76198347107438,12.42258953168044
514581,6919,6.145,8.452399999999999,6502.0,436.92833333333334,36.3174,6502.0,158.02833333333334,39.0726,False,71.1030648223488,25.71657173854082
514583,6918,49.46,41.608,6502.0,1216.255,101.01480000000001,6502.0,541.26,101.02839999999999,False,24.59067933683785,10.943388596845935
514645,3727,37.84666666666667,27.9023,3727.0,303.295,25.217,3727.0,110.82333333333332,25.610599999999998,True,8.013783688567905,2.9282191298220885
514661,6732,273.98333333333335,310.09959999999995,,,,,,,False,,
514670,3494,95.94833333333332,86.74260000000001,3494.0,865.9133333333334,72.0205,3494.0,341.85333333333335,73.63719999999999,True,9.024787646128996,3.5628897496916747
514702,6502,53.455000000000005,46.072900000000004,,,,,,,False,,
514715,8269,21.058333333333334,12.4,8269.0,128.055,10.6486,8269.0,44.144999999999996,10.909600000000001,True,6.080965571824298,2.096319746735259
514884,6359,115.925,99.70830000000001,,,,,,,False,,
514916,3494,33.513333333333335,33.4979,3494.0,394.8433333333333,32.817,3494.0,132.68333333333334,33.0249,True,11.781678933757707,3.9591207479610104
514937,3494,103.46000000000001,100.2674,11775.0,1833.5283333333332,152.4376,3494.0,774.58,186.2063,False,17.72209871770088,7.486758167407694
514954,6502,35.81166666666666,34.9377,6502.0,417.60999999999996,34.6562,6502.0,139.73,34.6562,True,11.661283566807839,3.901801089030577
515066,6502,57.45,54.1042,6502.0,648.1983333333334,53.8228,6502.0,216.54500000000002,53.8228,True,11.282825645488831,3.769277632724108
515102,6918,51.480000000000004,42.9489,6502.0,1200.1166666666666,99.67389999999999,6502.0,527.8133333333333,99.6875,False,23.312289562289557,10.25278425278425
515123,6732,9.121666666666666,6.1217,6732.0,72.75,6.035100000000001,6732.0,26.15666666666667,6.035100000000001,True,7.9755161702905175,2.8675315183628727
515136,6502,29.828333333333333,21.2672,,,,,,,False,,
515209,6502,32.95333333333333,33.919,6502.0,405.30333333333334,33.6238,6502.0,135.71,33.6375,True,12.299312158608133,4.118248027513656
515253,3792,58.156666666666666,57.919599999999996,3792.0,684.7983333333334,56.9294,3792.0,249.24333333333334,61.4095,True,11.775061615177396,4.285722473777727
515271,6502,70.51166666666667,54.583400000000005,6502.0,656.7199999999999,54.6297,6502.0,220.35666666666665,54.6738,True,9.313636041317038,3.12510931997069
515306,6352,8.923333333333334,6.709,6352.0,75.77666666666667,6.294899999999999,6352.0,26.436666666666667,6.3307,True,8.491968621591333,2.962644751587598
515325,6502,9.668333333333333,8.5228,,,,,,,False,,
515329,3727,159.785,95.0991,3727.0,939.1866666666666,78.08239999999999,3727.0,481.175,78.50319999999999,True,5.877814980546776,3.011390305723316
515359,8269,65.68333333333334,70.5273,6502.0,928.91,77.1232,6502.0,311.2116666666667,77.1767,False,14.142248160365389,4.738061405734586
515374,3727,67.065,56.622699999999995,3727.0,657.8083333333333,54.689800000000005,3727.0,229.375,55.1064,True,9.808519098387137,3.420189368523075
515428,4370,178.93833333333333,221.4615,4370.0,1931.75,160.60920000000002,30057.0,1167.6233333333332,163.6946,True,10.795618602311784,6.525283384406173
515443,3494,36.99666666666667,29.2759,3494.0,578.4916666666667,48.097699999999996,3494.0,347.3383333333333,49.3575,True,15.636318587260112,9.388368321470402
515456,3655,7.791666666666667,5.4781,3655.0,74.04166666666667,6.1515,3655.0,27.348333333333336,6.2483,True,9.502673796791445,3.5099465240641714
515470,6359,137.82333333333332,108.09339999999999,,,,,,,False,,
515510,30057,30.935,34.5646,30057.0,627.4699999999999,52.154900000000005,30057.0,297.73333333333335,54.3681,True,20.28349765637627,9.62448143957761
515517,3727,93.48833333333333,85.4895,3494.0,1804.5466666666666,150.0112,3494.0,602.8050000000001,150.2191,False,19.302372845096535,6.447916852370172
515568,37376,160.60333333333335,144.282,11775.0,1417.6366666666665,117.87289999999999,11775.0,637.0416666666666,118.7201,False,8.82694423112845,3.966553205620472
515627,6359,72.85333333333332,60.2745,,,,,,,False,,
515647,3523,86.58166666666666,65.2071,3727.0,950.17,78.98310000000001,3727.0,358.36333333333334,79.3997,False,10.97426321969624,4.139020962867428
515740,11020,5.54,3.7204,11020.0,42.87166666666667,3.565,11020.0,23.005,3.736,True,7.738567990373045,4.152527075812274
515787,3523,79.56,84.0398,3523.0,2647.6933333333336,220.127,3523.0,915.7333333333333,221.4174,True,33.27920227920228,11.50997150997151
515814,6918,73.43,57.1659,6502.0,765.9716666666667,63.6263,6502.0,256.06333333333333,63.6263,False,10.431317808343547,3.48717599527895
515847,3655,307.37,204.41639999999998,3655.0,2939.67,244.3811,3655.0,1056.645,252.22070000000002,True,9.56394573315548,3.437697237856655
515943,4370,91.94333333333334,115.6965,4370.0,1581.4266666666667,131.3404,4370.0,973.4783333333332,135.1615,True,17.20001450168582,10.587807707646013
515949,6352,28.083333333333332,16.5589,6352.0,186.11,15.4581,6352.0,62.440000000000005,15.4581,True,6.62706231454006,2.2233827893175078
516036,6359,116.44666666666667,100.1855,,,,,,,False,,
516063,3494,35.769999999999996,35.169,3494.0,390.19,32.4396,11775.0,243.085,59.4003,True,10.908303047246298,6.795778585406766
516120,3523,132.73333333333332,95.9824,3523.0,1154.0149999999999,95.9646,3523.0,388.02000000000004,95.9669,True,8.694236564540432,2.923304871923657
516174,6919,42.22833333333333,54.0338,6502.0,926.5866666666666,76.99289999999999,6502.0,374.2366666666667,79.796,False,21.942297825314757,8.862217310652406
516280,3494,91.93666666666667,70.82589999999999,3494.0,751.9266666666666,62.5544,3494.0,348.045,69.2743,True,8.178746238352488,3.785703926616149
516300,3792,8.233333333333333,4.4277,3792.0,52.986666666666665,4.4031,3792.0,24.458333333333332,4.4031,True,6.435627530364373,2.9706477732793526
516301,3655,3.0516666666666667,2.1061,3655.0,18.066666666666666,1.5042,3655.0,6.3149999999999995,1.5279,True,5.9202621518296015,2.0693610049153466
516388,6352,18.206666666666667,9.7651,6352.0,117.50333333333333,9.7651,6352.0,39.275,9.7651,True,6.453863053826437,2.1571768582936652
516486,6580,22.073333333333334,21.997700000000002,6580.0,329.14500000000004,27.3555,6580.0,116.78999999999999,27.6745,True,14.91143159166415,5.290999697976441
516508,6359,178.23166666666665,142.18179999999998,6918.0,580.6983333333334,48.3022,6918.0,265.07666666666665,52.658199999999994,False,3.258109763510039,1.487259091631678
516586,6502,54.736666666666665,54.0405,,,,,,,False,,
516588,3754,27.955,26.6283,3754.0,264.385,21.980400000000003,3754.0,89.18166666666666,21.9851,True,9.45752101591844,3.1901866094318247
516606,6733,34.18,17.1346,6733.0,244.16333333333333,16.7607,6733.0,126.36999999999999,16.7607,True,7.143456212209869,3.6971913399648915
516651,6502,11.938333333333333,15.8307,6502.0,246.58666666666667,20.509700000000002,6502.0,98.24666666666667,20.6705,True,20.6550328074829,8.229512773977385
516657,6733,74.53166666666667,66.5942,6502.0,1147.8766666666668,95.31519999999999,6502.0,403.26666666666665,95.377,False,15.401194123303295,5.410675551778886
516688,3792,42.39333333333333,30.3513,3792.0,365.1983333333334,30.3513,3792.0,152.06666666666666,30.3513,True,8.614522723698697,3.5870419877339206
516693,6733,80.82333333333332,75.8211,6502.0,1095.3233333333333,90.94930000000001,6502.0,372.845,91.0111,False,13.55206829710892,4.613086154988247
516761,3727,153.435,163.408,3494.0,1870.6866666666667,155.542,3494.0,650.4966666666667,155.7018,False,12.192046577812537,4.239558553567743
516764,8269,126.96833333333333,93.8645,6502.0,1428.9550000000002,100.6574,6502.0,702.6016666666667,100.61760000000001,False,11.254420393536448,5.533676375999265
516768,3727,151.71666666666667,139.17229999999998,3494.0,1902.7766666666669,158.2035,3494.0,661.2383333333333,158.36329999999998,False,12.541645611336923,4.358376359441942
516799,11775,1.9233333333333333,1.41,11775.0,19.36,1.6113,11775.0,6.633333333333334,1.6113,True,10.065857885615252,3.448873483535529
516815,6502,8.928333333333335,9.985,6919.0,203.69500000000002,16.935,6919.0,68.63666666666667,16.935,False,22.814448385290273,7.687511666977786
516826,6919,36.35333333333333,29.884700000000002,6502.0,557.1533333333333,46.3078,6502.0,198.32833333333335,49.063,False,15.326059050064185,5.455574912891986
516848,8269,69.86999999999999,73.30210000000001,6502.0,962.2916666666666,79.898,6502.0,322.37666666666667,79.95139999999999,False,13.772601498020133,4.613949716139498
516854,6733,69.45666666666666,64.5234,6502.0,1350.2883333333334,112.1383,6502.0,504.745,112.2001,False,19.440730431444067,7.26704899937611
516896,6918,72.04166666666667,56.5874,6502.0,772.9183333333333,64.2048,6502.0,258.37666666666667,64.2048,False,10.728768074031231,3.5864893001735103
516903,3494,173.30333333333334,176.14239999999998,3494.0,1440.5966666666668,119.7907,3494.0,596.0833333333334,121.9056,True,8.312573329999424,3.4395376122790484
516947,3523,73.8,51.6813,3523.0,1220.5583333333334,101.4827,3727.0,570.895,109.2333,True,16.53873080397471,7.73570460704607
516985,3655,10.043333333333333,6.9898,3655.0,90.09833333333333,7.4877,3655.0,32.06333333333333,7.5672,True,8.970959176900099,3.192499170262197
517032,3727,241.14333333333335,183.2971,3494.0,2797.4333333333334,232.57520000000002,3494.0,1332.7233333333331,245.5865,False,11.60070773951868,5.526685373844048
517040,8269,68.66833333333334,66.4027,6502.0,816.7683333333333,67.83330000000001,6502.0,272.90333333333336,67.83330000000001,False,11.89439576709303,3.9742239266037234
517117,3727,146.75333333333336,120.9387,3494.0,1991.2333333333333,165.5193,3494.0,908.27,178.5245,False,13.568573115886066,6.189092808794802
517142,3727,19.178333333333335,23.0472,3727.0,2656.1216666666664,220.8504,3727.0,1582.74,221.4665,True,138.4959589814895,82.52750499695837
517171,3754,94.07666666666667,95.36880000000001,3754.0,1130.7916666666667,94.0303,3754.0,381.2366666666667,94.5215,True,12.019895121000603,4.052404067604436
517174,6502,47.565000000000005,48.3128,6502.0,578.5733333333334,48.0313,6502.0,193.57166666666666,48.0313,True,12.163845965170468,4.069624023266407
517209,3727,91.15166666666667,107.18889999999999,3494.0,2423.4033333333336,201.5094,3494.0,837.23,201.6693,False,26.586495035746285,9.185021301493848
517227,6502,18.408333333333335,9.2392,6502.0,120.115,9.9867,6502.0,53.115,9.9867,True,6.5250339520144855,2.885377999094613
517260,11020,2.408333333333333,1.6257000000000001,11020.0,16.103333333333335,1.3379,11020.0,6.466666666666667,1.3379,True,6.686505190311419,2.6851211072664363
517281,3494,11.996666666666666,9.418299999999999,3494.0,113.25166666666668,9.418299999999999,3494.0,38.001666666666665,9.418299999999999,True,9.44026118366213,3.1676854681856073
517320,6502,28.02,37.434400000000004,6502.0,857.9283333333333,71.30969999999999,6502.0,293.635,72.6394,True,30.618427313823457,10.479478943611706
517330,6733,5.2733333333333325,3.3682,15598.0,31.361666666666668,2.6088,15598.0,11.706666666666667,2.736,False,5.947218710493048,2.219974715549937
517369,6502,8.751666666666667,10.8315,6502.0,185.02,15.382200000000001,6502.0,69.39833333333333,17.1464,True,21.14111597790897,7.9297276709198234
517384,3523,142.725,137.68789999999998,3523.0,1622.5633333333333,134.9193,3523.0,542.325,134.9253,True,11.368459158054534,3.799789805570153
517402,3754,459.56666666666666,403.83009999999996,3494.0,4799.263333333333,399.2357,3494.0,2938.688333333333,432.8571,False,10.443018785812722,6.394476680931311
517482,3523,176.49833333333333,191.6771,3523.0,2158.68,179.484,3523.0,721.365,179.4923,True,12.230597078348236,4.087092418247575
517488,3792,11.408333333333333,5.7526,3792.0,64.16666666666667,5.3289,3792.0,23.126666666666665,5.3289,True,5.6245434623813,2.0271731190650106
517526,3494,23.675,29.406200000000002,3494.0,345.6116666666667,28.7253,3494.0,116.25500000000001,28.9332,True,14.598169658570926,4.910454065469906
517589,8269,65.65,66.7518,6502.0,907.7633333333334,75.3659,6502.0,305.18,75.4193,False,13.827316577811628,4.648591012947448
517655,3494,138.96166666666667,111.6235,11775.0,1205.9416666666666,100.253,11775.0,563.015,101.10010000000001,False,8.678232606114396,4.051584969475995
517672,6502,59.751666666666665,62.3232,6502.0,1130.5683333333334,93.97489999999999,6502.0,412.5383333333333,96.94210000000001,True,18.921117960447408,6.904214666257565
517673,4370,125.33166666666666,136.6705,4370.0,1868.195,155.3375,30057.0,1009.2516666666667,158.3769,True,14.906009388422719,8.05264697668852
517683,4370,201.77666666666667,232.8459,4370.0,1963.385,163.2429,30057.0,1198.9383333333333,166.32829999999998,True,9.730485850693011,5.941907719756165
517689,3523,90.065,95.9205,3523.0,1121.2666666666667,93.24969999999999,3523.0,374.6766666666666,93.25210000000001,True,12.449527193323341,4.160069579377856
517823,37376,40.50333333333333,24.2524,8154.0,285.165,23.6971,8154.0,105.33833333333334,24.362299999999998,False,7.040531643486134,2.600732450004115
517835,6502,42.730000000000004,36.2606,6502.0,436.45,36.3069,6502.0,146.55833333333334,36.337300000000006,True,10.214135267961618,3.4298697246275056
517891,3727,279.28,214.6084,3494.0,2975.9583333333335,247.3949,3494.0,1419.0016666666668,266.91179999999997,False,10.655823307552756,5.08092833953977
517948,6580,43.325,45.456199999999995,6580.0,441.54833333333335,36.7105,6580.0,148.67666666666668,36.8942,True,10.19153683400654,3.4316599346028083
517963,6502,27.27,34.6836,6502.0,871.7066666666667,72.4557,6502.0,297.5066666666667,73.7854,True,31.965774355213302,10.909668744652246
517991,6919,75.48666666666666,44.4189,,,,,,,False,,
518011,6359,126.72666666666667,97.0675,,,,,,,False,,
518046,11020,3.058333333333333,2.1237,11020.0,23.668333333333333,1.9683,11020.0,8.67,2.1237,True,7.7389645776566764,2.8348773841961856
518050,3494,41.77166666666667,58.6834,3494.0,700.6133333333333,58.2566,3494.0,226.255,55.4871,True,16.77245341738818,5.416470494354227
518119,3727,177.38,186.15720000000002,3523.0,1634.6033333333332,135.94920000000002,3523.0,546.2233333333334,135.958,False,9.215262900740406,3.0793963994437554
518144,6502,8.608333333333333,10.746,6502.0,189.74666666666664,15.7754,6502.0,71.01666666666667,17.5396,True,22.042207163601162,8.249757986447241
518188,6502,45.513333333333335,29.8072,,,,,,,False,,
518221,3494,57.72166666666667,32.7122,3494.0,376.6433333333333,31.3022,3494.0,237.595,35.8546,True,6.525163861057372,4.116218635405538
518234,4370,11.316666666666666,11.094100000000001,4370.0,228.28,18.9725,4370.0,128.025,19.444200000000002,True,20.1720176730486,11.312960235640649
518267,3727,162.00833333333333,211.8611,3494.0,1932.6966666666667,160.7393,3494.0,661.9783333333332,160.9503,False,11.929612674245153,4.086075819145106
518313,3494,157.42166666666665,124.1191,11775.0,1340.2666666666667,111.417,11775.0,609.795,112.2642,False,8.513864038198893,3.8736408584163553
518326,6502,47.72666666666667,58.7452,6502.0,826.5683333333333,68.65889999999999,6502.0,277.255,68.65889999999999,True,17.318794524374912,5.809226148903478
518331,6732,6.488333333333333,4.3727,6732.0,51.67666666666666,4.286,6732.0,19.125,4.286,True,7.964551759568455,2.947598253275109
518335,6502,74.02166666666668,50.9135,6502.0,613.4933333333333,50.9598,6502.0,210.06166666666667,52.1184,True,8.2880237768221,2.8378402719924343
518440,23733,2.578333333333333,1.1505,23733.0,13.821666666666665,1.1505,23733.0,6.595,1.1505,True,5.360698125404007,2.5578539107950875
518462,6359,184.86333333333332,151.0588,6918.0,580.6983333333334,48.3022,6918.0,265.07666666666665,52.658199999999994,False,3.141230458536938,1.4339061288519448
518546,6502,68.57166666666667,66.65589999999999,,,,,,,False,,
518549,35125,45.25333333333333,35.6424,35125.0,397.14833333333337,33.0084,35125.0,159.50666666666666,36.4505,True,8.776112256923986,3.5247495580436063
518593,6502,43.693333333333335,46.322,6502.0,554.62,46.0405,6502.0,185.23833333333332,46.0405,True,12.693469636862984,4.239510222764723
518611,4370,127.73666666666666,113.76180000000001,4370.0,1303.0083333333334,108.3564,30057.0,655.3266666666666,111.39569999999999,True,10.200738498473424,5.130294094621747
518623,8269,46.373333333333335,37.6751,6502.0,982.5716666666667,81.5865,6502.0,371.22,81.6002,False,21.18829068430132,8.005031627372054
518672,3727,210.11833333333334,230.67260000000002,3494.0,2956.2366666666667,245.79579999999999,3494.0,1374.8066666666666,264.0102,False,14.069389471012366,6.543011477659413
518742,6502,11.733333333333333,15.5434,6502.0,244.22833333333335,20.3131,6502.0,96.28166666666667,20.4739,True,20.814914772727278,8.205823863636365
518747,3494,113.40166666666667,86.2106,3494.0,776.5466666666667,64.5808,3494.0,322.78499999999997,73.5476,True,6.847753560353317,2.846386737408327
518774,3494,5.463333333333334,4.31,3494.0,37.544999999999995,3.1175,3494.0,21.685,3.1175,True,6.872178157413055,3.9691885295912135
518790,3523,75.64166666666667,52.434599999999996,3523.0,1229.65,102.236,3727.0,573.9866666666666,109.9865,True,16.256252065660462,7.588233998016965
518865,4370,135.37833333333333,118.7702,4370.0,1363.2333333333333,113.3648,30057.0,705.7333333333333,116.5096,True,10.069804375392419,5.213044923486033
518889,8269,64.03833333333334,65.68130000000001,6502.0,873.1633333333334,72.49239999999999,6502.0,292.82166666666666,72.54589999999999,False,13.635010280300861,4.5725997449444336
518953,4370,27.84333333333333,32.6461,4370.0,570.6216666666667,47.4046,30057.0,236.735,58.7704,True,20.49401412666108,8.50239434933557
518959,6359,162.64,132.2871,,,,,,,False,,
518994,6580,30.875,40.4627,6580.0,623.2816666666666,51.7834,6580.0,288.72,52.3099,True,20.187260458839404,9.351255060728747
519011,3727,83.00166666666668,107.614,3494.0,2068.57,171.95489999999998,3494.0,696.7783333333333,172.1674,False,24.92202967811891,8.394751109415472
519025,3523,10.811666666666667,14.6439,3523.0,184.11,15.312899999999999,3523.0,61.99,15.3239,True,17.028826884538308,5.733621088330507
519042,3770,83.07333333333332,58.2903,3770.0,584.8266666666666,48.6312,3770.0,197.98,48.6328,True,7.039884439451088,2.3831955701789584
519087,3523,67.32,52.785199999999996,3523.0,790.63,65.7436,3523.0,331.74833333333333,65.7493,True,11.74435531788473,4.927931273519509
519096,6919,17.436666666666667,16.3842,6919.0,128.86833333333334,10.7019,6919.0,43.47666666666667,10.7019,True,7.3906518830051615,2.4934047027337027
519297,3727,158.69166666666666,208.786,3494.0,1895.8183333333334,157.6714,3494.0,649.5166666666667,157.8511,False,11.946552538990705,4.092947539778396
519304,6502,16.386666666666667,20.713900000000002,6502.0,437.75333333333333,36.375099999999996,6502.0,156.45499999999998,37.704800000000006,True,26.713995117982098,9.547701383238405
519404,23733,2.5416666666666665,1.8877000000000002,23733.0,22.553333333333335,1.8780999999999999,23733.0,8.615,1.8877000000000002,True,8.87344262295082,3.389508196721312
519551,35125,11.465,7.992100000000001,35125.0,84.67833333333333,7.038,35125.0,32.73,7.9697,True,7.385811891263264,2.854775403401657
519563,3494,75.50333333333333,59.9893,3494.0,595.9033333333333,49.5705,3494.0,222.66333333333333,49.664699999999996,True,7.89241093108472,2.949053021941636
519601,3494,31.0,14.104,3494.0,172.245,14.326799999999999,3494.0,58.126666666666665,14.3495,True,5.5562903225806455,1.8750537634408602
519620,3494,86.17166666666667,91.3533,3494.0,1006.4333333333333,83.6996,3494.0,344.71500000000003,83.871,True,11.679399647989477,4.000328801036691
519828,3494,114.98833333333333,99.3461,3494.0,1135.9833333333333,94.4764,3494.0,435.5816666666667,96.0932,True,9.879118171408694,3.7880509616917664
519841,6502,32.876666666666665,16.6735,6502.0,200.81333333333333,16.7198,6502.0,106.33333333333333,16.7502,True,6.108080705667647,3.234310047652844
519865,6502,28.86,38.8227,6502.0,836.1333333333333,69.496,6502.0,284.945,70.8257,True,28.972048972048974,9.873354123354122
519877,35125,24.776666666666664,21.9223,35125.0,232.81,19.350900000000003,35125.0,90.20833333333333,19.3718,True,9.396340643078165,3.6408583344544603
519997,6359,128.85666666666665,104.367,,,,,,,False,,
520113,6502,28.691666666666666,38.640800000000006,6502.0,838.3233333333334,69.6779,6502.0,285.675,71.00760000000001,True,29.21835608480976,9.956723787394715
520163,3727,211.71833333333333,162.0246,3494.0,2541.563333333333,211.30270000000002,3494.0,1247.2666666666667,224.314,False,12.004455605324683,5.891160425407971
520182,3655,323.43333333333334,211.0649,3655.0,2492.1549999999997,207.1646,3655.0,837.9516666666666,207.7693,True,7.705312789858806,2.590801813871998
520186,3727,76.53500000000001,88.3638,3523.0,1115.365,92.7273,3523.0,378.64666666666665,94.0552,False,14.573267132684391,4.947366128786393
520254,28254,16.351666666666667,9.1693,28254.0,110.48666666666666,9.1693,28254.0,70.18333333333334,9.991100000000001,True,6.756905514218734,4.29212108857405
520322,11775,115.92333333333333,100.4845,35125.0,963.1366666666667,80.0445,35125.0,439.69666666666666,81.02860000000001,False,8.3083934784484,3.7929953705034936
520326,6580,28.23,24.7886,6580.0,291.43833333333333,24.1876,6580.0,98.015,24.2275,True,10.323710001180777,3.4720155862557562
520359,6502,49.48166666666667,50.7918,6502.0,608.33,50.510400000000004,6502.0,203.26666666666668,50.510400000000004,True,12.294048300717437,4.10791875778908
520376,6359,12.67,5.9858,6918.0,97.47333333333333,8.1089,6918.0,38.68,8.159,False,7.693238621415417,3.052880820836622
520391,6918,49.98166666666667,43.8455,6502.0,1955.2516666666668,162.5134,6502.0,959.2166666666667,164.1908,False,39.11937710493848,19.19137016906199
520445,3494,67.21666666666667,73.4041,3494.0,679.9866666666666,56.5139,3494.0,227.81333333333333,56.7218,True,10.116340193404412,3.389238780064468
520456,6919,12.071666666666665,7.1623,6502.0,383.22999999999996,31.8571,6502.0,140.23833333333332,34.612300000000005,False,31.746237746790005,11.617147590777302
520511,37376,91.24499999999999,58.8455,8154.0,671.6966666666667,55.8572,11775.0,288.72166666666664,63.5058,False,7.361462728551338,3.1642464427274555
520551,30057,20.288333333333334,23.8551,30057.0,322.815,26.8585,30057.0,135.27333333333334,28.4831,True,15.911361209233549,6.667542922862072
520647,28254,42.42833333333333,17.825599999999998,28254.0,213.90166666666667,17.752,28254.0,162.76166666666668,17.886200000000002,True,5.041481714263268,3.8361550850453714
520679,3494,288.315,219.0609,3494.0,3142.4716666666664,261.2546,3494.0,1513.8233333333333,280.7864,True,10.899438692633634,5.250588187688234
520727,3523,9.293333333333333,12.7666,3523.0,396.78499999999997,32.99,3523.0,156.00166666666667,33.0081,True,42.695659971305595,16.786406025824963
520738,3494,61.583333333333336,75.8841,3494.0,821.08,68.2772,3494.0,281.21666666666664,68.449,True,13.332828146143438,4.566441136671177
520795,6502,60.52333333333333,59.3307,,,,,,,False,,
520962,6580,12.003333333333334,13.453100000000001,6580.0,226.27333333333334,18.8109,6580.0,82.205,19.129900000000003,True,18.85087475701194,6.8485143015828935
520986,8269,56.17666666666666,60.5956,6502.0,809.2983333333334,67.1915,6502.0,271.24333333333334,67.2449,False,14.406307482347358,4.828398504717262
521012,3494,98.905,60.5251,11775.0,1809.7883333333334,150.47560000000001,3494.0,947.6283333333333,205.1005,False,18.298249161653438,9.581197445360026
521053,3655,9.161666666666667,6.7181999999999995,3655.0,82.69833333333332,6.873600000000001,3655.0,29.998333333333335,7.0367,True,9.026559941786427,3.274331453520102
521144,3523,81.82666666666667,86.9518,3523.0,988.7800000000001,82.23989999999999,3523.0,330.1683333333333,82.2422,True,12.08383575036663,4.034972299168975
521163,11775,42.35333333333333,21.4505,35125.0,249.00333333333336,20.6922,35125.0,136.825,20.886,False,5.879190933417284,3.2305603651818036
521192,3494,100.23666666666666,78.1331,3494.0,731.0266666666666,60.7959,3494.0,289.13666666666666,65.5291,True,7.293006551162249,2.884539922184164
521255,3770,33.58,16.6051,3770.0,198.3,16.4964,3770.0,66.46333333333334,16.4964,True,5.905300774270399,1.9792535239229703
521258,3754,141.83666666666667,136.5794,3754.0,1624.24,135.06810000000002,3754.0,546.9599999999999,135.564,True,11.451481751310192,3.8562665977297823
521357,6580,67.835,53.595699999999994,6580.0,553.0833333333334,45.9212,6580.0,187.39666666666665,46.4476,True,8.153362325249995,2.7625365470135868
521389,3494,27.346666666666668,24.9253,3494.0,375.2866666666667,31.1923,3494.0,275.92,31.7539,True,13.723305704534374,10.089712335446125
521392,30057,24.685,19.988599999999998,4370.0,208.88333333333333,17.3884,30057.0,80.62833333333333,19.8839,False,8.461953953142935,3.2662885693065964
521431,3494,101.91000000000001,107.6022,3494.0,1202.0316666666665,99.96,3494.0,408.50333333333333,100.1199,True,11.79503156379812,4.008471527164491
521439,4370,21.05,10.8194,4370.0,120.025,9.9862,4370.0,63.24,11.0972,True,5.701900237529691,3.0042755344418053
521454,3754,96.93,93.9363,3754.0,1113.8166666666666,92.60610000000001,3754.0,414.565,93.0891,True,11.490938477939405,4.276952439905086
521497,3727,168.5366666666667,183.9645,3727.0,3180.976666666667,264.6082,3727.0,1499.0866666666666,265.156,True,18.874092680128953,8.894721227823815
521585,3494,86.24333333333334,54.637800000000006,3494.0,832.205,68.2051,3494.0,292.35499999999996,68.2051,True,9.64949947822054,3.3898852085185323
521597,6502,25.148333333333333,21.6452,6502.0,258.475,21.485599999999998,6502.0,87.77666666666667,21.516599999999997,True,10.278017098548613,3.490357213864405
521656,3655,257.85499999999996,183.8243,3655.0,2152.0783333333334,178.9076,3655.0,723.6083333333333,179.4857,True,8.346079514972887,2.806260624511192
521661,3792,22.33833333333333,18.3353,3792.0,115.61999999999999,9.6,3792.0,39.68,9.6,True,5.175856151607849,1.7763187346116542
521697,3494,90.00166666666668,61.313900000000004,11775.0,868.2633333333334,72.16539999999999,11775.0,512.2416666666667,72.4982,False,9.647191718671877,5.69146867650599
521713,3494,142.52333333333334,121.1346,11775.0,1966.9516666666668,163.5144,3494.0,886.1883333333334,194.413,False,13.80090979254859,6.217847370021283
521733,4370,30.651666666666664,26.897599999999997,4370.0,300.46500000000003,24.9776,30057.0,116.75500000000001,28.0092,True,9.802566472731229,3.8090914034038397
521734,6502,36.57666666666667,33.4212,6502.0,389.5866666666667,32.3776,6502.0,136.215,33.707300000000004,True,10.65123484917525,3.724095507153923
521742,3494,275.49,213.7872,3494.0,3122.2549999999997,259.57189999999997,3494.0,1468.8083333333334,279.1036,True,11.333460379687102,5.331621232470628
521809,8269,37.34,26.133599999999998,6502.0,1148.6133333333335,95.3922,6502.0,385.24833333333333,95.42160000000001,False,30.76093554722371,10.3173094090341
521816,6580,30.94,42.3114,6580.0,590.7433333333333,49.0824,6580.0,261.56166666666667,49.6089,True,19.093191122602885,8.453835380305968
521842,8269,16.968333333333334,13.223600000000001,8269.0,143.66833333333335,11.933399999999999,8269.0,53.98166666666667,13.136899999999999,True,8.466850014733328,3.1813181416363814
521986,6502,52.27333333333333,59.1758,6502.0,1092.8083333333334,90.8276,6502.0,384.85166666666663,92.2965,True,20.90565616630532,7.362294350210432
521993,3494,102.96666666666667,73.9087,11775.0,690.205,57.3629,11775.0,366.43,57.8307,False,6.703188734218194,3.5587245063127226
522002,6502,28.221666666666668,38.1366,6502.0,844.3833333333333,70.1821,6502.0,287.6983333333334,71.51169999999999,True,29.919683458335793,10.194236107009981
522025,3727,56.22166666666667,47.7355,3494.0,2360.96,196.2262,3494.0,937.4433333333333,209.2551,False,41.99377464204191,16.674058044051815
522103,8269,52.361666666666665,44.529199999999996,6502.0,1180.2516666666668,98.02210000000001,6502.0,511.2683333333333,98.03580000000001,False,22.54037622942993,9.76417226342426
522174,4370,94.27166666666668,107.3539,4370.0,1533.8966666666668,127.44330000000001,30057.0,936.4866666666666,153.39929999999998,True,16.271025228506268,9.933914396336826
522194,4370,60.54666666666667,76.2182,4370.0,1148.4083333333333,95.3724,30057.0,753.8766666666667,121.7777,True,18.96732547896939,12.451167143800925
522210,6502,23.428333333333335,31.0123,6502.0,904.9983333333333,75.17739999999999,6502.0,479.57666666666665,75.17739999999999,True,38.6283702070143,20.46994380024187
522275,6732,14.221666666666666,9.5108,6732.0,113.53333333333333,9.424100000000001,6732.0,39.75,9.424100000000001,True,7.9831243407945625,2.7950310559006213
522306,6502,25.805,26.3695,,,,,,,False,,
522326,6502,48.72833333333333,50.4799,6502.0,604.5633333333334,50.1984,6502.0,202.01000000000002,50.1984,True,12.40681328453672,4.145637377295893
522474,6919,39.92166666666667,30.294,6502.0,693.1716666666667,57.5983,6502.0,243.71166666666667,60.3536,False,17.363294785621843,6.104746795808459
522475,3655,309.84833333333336,205.392,3655.0,2411.148333333333,200.44879999999998,3655.0,810.3366666666666,201.05339999999998,True,7.781705027728618,2.615268760522621
522511,6359,92.34833333333333,78.1219,,,,,,,False,,
522576,3655,181.4633333333333,152.0909,3655.0,1771.54,147.2816,3655.0,596.2016666666666,147.7524,True,9.76252319109462,3.2855214092837857
522589,8154,15.861666666666668,16.351399999999998,37376.0,157.68333333333334,13.1051,37376.0,85.10833333333333,13.213899999999999,False,9.94115792791846,5.365661447935273
522634,3494,104.98666666666666,72.6551,3494.0,878.035,72.0167,3494.0,307.7066666666667,72.0167,True,8.363300101600203,2.930911861823724
522638,3754,10.251666666666667,14.483600000000001,3770.0,289.2,24.0397,3770.0,116.15166666666667,24.040200000000002,False,28.210047146805394,11.330027637782475
522653,30057,75.49333333333334,82.7865,30057.0,916.6716666666667,76.3002,30057.0,401.04833333333335,81.575,True,12.142418756623101,5.312367537972448
522689,6502,24.516666666666666,24.6327,,,,,,,False,,
522697,6359,94.55333333333333,76.704,,,,,,,False,,
522725,3494,113.06833333333334,106.6097,11775.0,1909.575,158.757,3494.0,749.01,179.8869,False,16.888680886189768,6.62440117333176
522749,3523,26.426666666666666,13.0942,3523.0,159.76666666666668,13.288,3523.0,54.19666666666667,13.290299999999998,True,6.045660948536832,2.0508324924318875
522781,4370,21.223333333333336,21.8981,4370.0,358.22999999999996,29.755200000000002,4370.0,196.86666666666667,36.685300000000005,True,16.879063923354796,9.275954138526778
522847,3494,93.71499999999999,102.6199,3494.0,1117.8016666666667,92.9102,3494.0,373.81,93.11810000000001,True,11.927670774867064,3.988795817105053
522871,6502,44.218333333333334,55.4191,6502.0,1047.8333333333333,87.08189999999999,6502.0,356.06166666666667,88.5398,True,23.696807508197956,8.052353850212958
522890,6918,86.82666666666667,62.743900000000004,6502.0,698.9916666666667,58.048300000000005,6502.0,233.73999999999998,58.048300000000005,False,8.050426136363637,2.692030098280098
522925,8269,70.06333333333333,73.2684,6502.0,961.895,79.8643,6502.0,322.21666666666664,79.9177,False,13.728935724820401,4.59893429754032
522933,6732,20.728333333333335,18.046599999999998,6732.0,302.71500000000003,25.160400000000003,6732.0,122.12166666666667,25.1696,True,14.603923775830184,5.891533327972984
522946,3523,30.725,22.5422,3523.0,380.64166666666665,31.653200000000002,3523.0,147.78166666666667,31.6711,True,12.388662869541632,4.809818280444806
522958,30057,19.116666666666667,15.585700000000001,10972.0,225.24666666666664,18.738799999999998,10972.0,111.985,26.593799999999998,False,11.782737576285962,5.85797733217088
522967,3523,98.51166666666667,104.9147,3523.0,1228.3616666666667,102.1461,3523.0,410.5,102.1521,True,12.469199925558732,4.16701913478945
523014,6502,54.736666666666665,54.0405,,,,,,,False,,
523056,28254,32.575,13.7627,28254.0,164.82833333333335,13.6829,28254.0,112.44,13.816799999999999,True,5.05996418521361,3.4517267843438217
523070,3754,71.615,87.124,3792.0,738.5983333333334,61.389900000000004,3655.0,271.245,65.8713,False,10.313458539877587,3.787544508831949
523086,6502,53.365,57.167199999999994,6502.0,1034.605,86.0061,6502.0,359.19166666666666,87.464,True,19.387332521315468,6.730847309410038
523109,3655,275.0683333333333,190.9294,3655.0,2237.23,185.98620000000003,3655.0,752.3033333333333,186.5909,True,8.133360801255446,2.7349688865191073
523117,6502,64.48166666666667,62.9463,,,,,,,False,,
523202,3523,92.4,112.444,3523.0,1844.6566666666665,153.3511,3523.0,618.2983333333334,153.4048,True,19.963816738816735,6.6915404040404045
523203,3494,144.71166666666667,82.0141,11775.0,1424.2533333333333,118.3877,11775.0,769.4,118.8125,False,9.842007670425097,5.316779342831147
523225,3727,131.915,83.5082,3727.0,860.8416666666667,71.5795,3727.0,355.25333333333333,71.996,True,6.5257299523683185,2.6930472905532605
523247,3727,145.485,144.7001,3727.0,2715.836666666667,225.857,3727.0,1365.8866666666665,226.397,True,18.66746858209896,9.388505115074862
523297,3494,35.20166666666667,34.517900000000004,3494.0,281.90999999999997,23.4437,3494.0,94.33666666666666,23.4437,True,8.008427631267457,2.6798920505657873
523343,6919,11.004999999999999,7.0311,6919.0,83.52166666666668,6.9372,6919.0,28.475,6.9372,True,7.589429047402697,2.5874602453430264
523375,8269,72.26333333333334,77.07730000000001,6502.0,1007.61,83.66489999999999,6502.0,337.60166666666663,83.7267,False,13.943585958761936,4.671825268693205
523385,3494,107.16000000000001,101.2439,11775.0,1805.4266666666667,150.1027,3494.0,802.7083333333334,191.4014,False,16.84795321637427,7.490745925096428
523427,3655,135.62333333333333,129.2702,3655.0,1429.1816666666666,118.8245,3655.0,482.9266666666666,119.2517,True,10.537874505370265,3.5607933738049002
523446,6359,105.19,89.8873,,,,,,,False,,
523522,3523,23.936666666666667,22.4525,3523.0,1214.5683333333334,100.9909,3523.0,670.66,100.9966,True,50.74091352179362,28.018103328227266
523560,8269,64.95833333333333,65.6095,6502.0,874.8516666666667,72.6431,6502.0,292.745,72.6568,False,13.467889672867225,4.506658114175754
523631,6359,155.16833333333335,129.1856,,,,,,,False,,
523650,3792,48.36666666666667,34.3453,3792.0,394.21666666666664,32.7657,3792.0,168.06166666666667,34.3452,True,8.150585802894556,3.4747415575465195
523654,6919,8.826666666666666,11.8072,6502.0,486.55333333333334,40.4408,6502.0,174.51166666666668,43.1961,False,55.123111782477345,19.770959214501513
523669,3754,90.86833333333334,92.57169999999999,3754.0,1096.0816666666665,91.14269999999999,3754.0,370.15166666666664,91.634,True,12.062306267309841,4.073494616753177
523671,3754,37.06666666666667,37.797599999999996,3754.0,447.85333333333335,37.2389,3754.0,150.63,37.3264,True,12.082374100719424,4.063758992805755
523730,6352,27.298333333333336,23.846799999999998,6502.0,1400.8366666666666,116.33760000000001,6502.0,487.8433333333333,116.3993,False,51.31583124732889,17.8708101837719
523745,6919,17.03666666666667,23.8203,6502.0,591.1483333333333,49.129,6502.0,211.51166666666668,51.8842,False,34.69859127372334,12.415085110545881
523780,30057,36.755,47.669,4370.0,986.3349999999999,82.0054,30057.0,498.38666666666666,86.04039999999999,False,26.835396544687793,13.559697093365982
523850,8269,42.190000000000005,45.411,6502.0,738.6016666666667,61.2979,6502.0,251.92666666666668,61.3116,False,17.5065576360907,5.971241210397408
523929,6502,14.073333333333332,11.9171,,,,,,,False,,
523956,6919,12.163333333333332,9.483,6919.0,62.565000000000005,5.2017,6919.0,42.08166666666667,5.2017,True,5.143738010413813,3.4597149904083317
523966,3494,104.72,100.21039999999999,11775.0,1783.6416666666667,148.29160000000002,3494.0,800.9516666666666,190.368,False,17.032483447924623,7.648507130124776
523985,3494,30.508333333333333,23.8767,3494.0,642.65,53.4417,3494.0,368.72999999999996,54.7015,True,21.064736410816717,12.086205954657196
523996,6919,9.95,12.553600000000001,6502.0,486.55333333333334,40.4408,6502.0,174.51166666666668,43.1961,False,48.8998324958124,17.53886097152429
524003,3494,77.85166666666667,88.6045,3494.0,971.5816666666667,80.7915,3494.0,331.85166666666663,80.9503,True,12.479908372760162,4.262614801652715
524044,3494,18.946666666666665,10.9818,3494.0,117.56833333333334,9.764299999999999,3494.0,49.55,9.764299999999999,True,6.205225193525687,2.6152357494722027
524045,3494,145.09666666666666,105.6961,3494.0,1178.0883333333334,97.96419999999999,3494.0,483.0783333333333,98.43430000000001,True,8.119334236945486,3.329355142548646
524085,6502,43.49666666666667,38.422599999999996,,,,,,,False,,
524124,6502,22.45,22.4983,6502.0,258.70666666666665,21.461,6502.0,86.615,21.461,True,11.523682256867112,3.858129175946548
524256,6502,58.365,57.2735,6502.0,685.2033333333333,56.907,6502.0,244.085,56.907,True,11.73996973071761,4.182044033239099
524266,4370,140.995,122.6058,4370.0,1409.3716666666667,117.20039999999999,30057.0,743.9366666666666,120.2397,True,9.995898199699752,5.276333676135087
524268,3754,36.43666666666666,51.4883,3792.0,874.3483333333334,72.7093,3655.0,316.0833333333333,77.19189999999999,False,23.99638642393194,8.674869636812735
524288,3494,98.26,96.4508,11775.0,1845.3733333333332,153.4232,3494.0,786.6566666666666,189.1637,False,18.7805142818373,8.005868783499558
524336,28254,16.18,6.7372,28254.0,81.00333333333333,6.7372,28254.0,45.288333333333334,6.8857,True,5.0063864853728886,2.7990317264112075
524368,3494,148.095,122.051,11775.0,1313.3666666666666,109.1883,11775.0,602.24,110.0355,False,8.868406540846529,4.066578885175057
524415,11020,11.351666666666667,7.1455,11020.0,69.56333333333333,5.7902,11020.0,44.76,5.8471,True,6.1280281896931434,3.9430333284392893
524439,37376,9.623333333333333,5.802,8154.0,47.568333333333335,3.9515,8154.0,19.783333333333335,4.248,False,4.943020436439211,2.0557672324211986
524484,3754,26.728333333333335,25.0453,3754.0,245.30666666666667,20.3974,3754.0,82.82833333333333,20.402099999999997,True,9.177776392093284,3.098896302300929
524488,8154,81.44666666666667,53.4282,35125.0,548.045,45.545199999999994,35125.0,199.57166666666666,45.806,False,6.7288818858967,2.4503355979373
524508,3727,82.48166666666665,115.9345,3494.0,2117.76,176.0411,3494.0,707.6333333333333,176.2535,False,25.675523853785695,8.57928024409465
524509,6732,58.473333333333336,65.654,6732.0,945.55,78.56819999999999,6732.0,415.90833333333336,78.5776,True,16.170619085623073,7.112786455364269
524551,6502,73.8,54.613699999999994,,,,,,,False,,
524573,3727,129.62,115.3091,3494.0,2289.49,190.3108,3494.0,1063.39,203.3159,False,17.663092115414287,8.203903718561952
524615,6918,56.74666666666667,55.0279,6502.0,1739.9816666666666,144.62789999999998,6502.0,865.17,146.30960000000002,False,30.662270911654133,15.246181860902254
524646,3523,48.55833333333333,55.3226,3523.0,886.8133333333334,73.7247,3523.0,371.87166666666667,73.7739,True,18.26284537497855,7.658246095761113
524665,4370,20.995,26.318099999999998,4370.0,442.5433333333333,36.7602,30057.0,198.38500000000002,47.158199999999994,True,21.07851075652933,9.449154560609669
524677,23733,11.103333333333333,7.3953,23733.0,88.775,7.3953,23733.0,29.59333333333333,7.3953,True,7.995346742719905,2.6652656859801858
524707,3494,137.67333333333332,117.9035,11775.0,2061.4316666666664,171.3854,3494.0,777.56,177.327,False,14.97335480122028,5.647862089002954
524708,6919,15.426666666666668,18.4477,6502.0,557.1533333333333,46.3078,6502.0,198.32833333333335,49.063,False,36.1162489196197,12.856201382886777
524722,3655,2.518333333333333,1.547,3655.0,18.378333333333334,1.527,3655.0,6.533333333333333,1.527,True,7.297816015883522,2.594308405029782
524725,3523,97.19,98.719,3523.0,1154.9,96.0483,3523.0,395.14166666666665,96.0506,True,11.882909764379052,4.065661762184038
524766,6732,38.766666666666666,22.2557,6732.0,262.00166666666667,21.7559,6732.0,91.14833333333333,21.7559,True,6.758426483233018,2.3512037833190025
524775,8269,87.85,80.7418,6502.0,1121.1266666666668,87.4415,6502.0,445.85999999999996,87.495,False,12.761828874976288,5.075241889584519
524818,8269,23.55666666666667,19.636,6502.0,1091.5116666666665,90.63539999999999,6502.0,370.3366666666667,90.6491,False,46.335573793688965,15.721098061412198
524855,6359,85.24666666666667,69.9316,,,,,,,False,,
524889,10972,16.663333333333334,16.1053,10972.0,193.965,16.0729,10972.0,66.605,16.0729,True,11.640228045609122,3.997099419883977
524916,6502,24.418333333333333,24.59,,,,,,,False,,
524932,3494,33.38,24.944,3494.0,702.9699999999999,58.4437,3494.0,456.43666666666667,59.036699999999996,True,21.05961653684841,13.673956460954663
524972,30057,44.623333333333335,38.793099999999995,30057.0,504.815,42.0227,30057.0,225.22333333333333,43.4934,True,11.312803466049152,5.047209979831179
524985,4370,52.845,69.5054,4370.0,1054.6216666666667,87.5948,30057.0,702.8416666666667,113.3167,True,19.956886491941844,13.30005992367616
525021,3770,120.76333333333334,73.97019999999999,3770.0,773.3266666666666,64.3111,3770.0,299.54,64.31269999999999,True,6.403654530900659,2.4803886389356595
525044,6359,184.78,151.00379999999998,6918.0,580.6983333333334,48.3022,6918.0,265.07666666666665,52.658199999999994,False,3.1426471118807955,1.434552801529747
525112,6502,56.875,47.5845,,,,,,,False,,
525124,3494,19.779999999999998,13.8101,3494.0,151.51000000000002,12.592600000000001,3494.0,116.79166666666667,12.592600000000001,True,7.659757330637009,5.904533198517021
525219,8269,70.225,73.5377,6502.0,965.1316666666667,80.1336,6502.0,323.325,80.187,False,13.743419959653496,4.604129583481666
525257,3792,4.0183333333333335,2.627,3792.0,31.575,2.627,3792.0,10.676666666666668,2.627,True,7.857735379510576,2.65698880132725
525316,3494,3.94,2.949,3494.0,35.443333333333335,2.949,3494.0,11.871666666666666,2.949,True,8.995769881556685,3.013113367174281
525354,6359,80.53666666666666,66.6772,,,,,,,False,,
525432,3655,24.540000000000003,21.5568,3655.0,185.23333333333332,15.4024,3655.0,67.09833333333333,15.4024,True,7.548220592230371,2.7342434121162724
525482,6359,94.55333333333333,76.704,,,,,,,False,,
525529,3792,58.46666666666667,58.037699999999994,3792.0,686.1949999999999,57.045199999999994,3792.0,249.77833333333334,61.5276,True,11.736516533637399,4.27214937286203
525535,6359,178.67000000000002,146.8111,6918.0,593.0066666666667,49.3261,6918.0,275.3316666666667,53.6821,False,3.3190052424395065,1.5410066976362382
525607,6502,54.54666666666667,46.5268,,,,,,,False,,
525609,6502,25.073333333333334,24.3702,,,,,,,False,,
525616,6502,26.186666666666667,27.9365,6502.0,893.7883333333334,74.2441,6502.0,475.47333333333336,74.2441,True,34.13142820773931,18.157077393075358
525628,3727,141.49666666666664,95.8934,3494.0,2717.538333333333,225.97039999999998,3494.0,970.95,226.63070000000002,False,19.20567033381234,6.861999104808124
525652,3494,17.436666666666667,17.424400000000002,3494.0,492.78499999999997,40.9643,3494.0,315.93333333333334,41.557199999999995,True,28.261422290193078,18.11890651883005
525677,3494,22.273333333333333,22.2702,3494.0,437.21666666666664,36.3405,3494.0,297.075,36.9021,True,19.629601915594133,13.337698293923975
525680,6502,34.843333333333334,32.3067,6502.0,385.5183333333333,32.0188,6502.0,129.43333333333334,32.0327,True,11.064335597436141,3.714723046015498
525710,3523,64.44,50.356300000000005,3523.0,1003.8916666666667,83.4752,3523.0,493.3816666666667,83.48089999999999,True,15.578703703703704,7.656450444858267
525768,4370,158.91833333333335,145.2833,4370.0,2118.05,175.9986,30057.0,1436.0033333333333,202.30939999999998,True,13.32791475705551,9.036108693144277
525786,3494,68.54166666666667,66.1545,3494.0,800.0949999999999,65.5162,3494.0,281.52166666666665,65.5162,True,11.673118541033432,4.107306990881458
525814,3754,30.328333333333333,28.3202,3754.0,284.725,23.6722,3754.0,96.13666666666667,23.677,True,9.388085948233226,3.169863164257845
525907,6502,32.18,43.688,6502.0,804.4683333333334,66.8345,6502.0,451.525,66.8345,True,24.99901595193702,14.031230577998757
525952,3523,80.41833333333334,60.859300000000005,3523.0,967.675,80.4585,3523.0,469.74666666666667,80.46430000000001,True,12.033014859795651,5.841288263455679
525998,6919,27.861666666666668,27.9049,6919.0,128.86833333333334,10.7019,6919.0,43.47666666666667,10.7019,True,4.625291619309685,1.5604474487049111
526062,6732,73.23666666666666,52.3221,6732.0,606.8566666666667,50.427099999999996,6732.0,258.265,50.427099999999996,True,8.286240953984798,3.526443948841655
526112,6502,49.64333333333333,49.8594,6502.0,597.15,49.5779,6502.0,199.61833333333334,49.5779,True,12.028805479084134,4.021050157792252
526135,6502,71.9,70.3489,6502.0,1227.2733333333333,102.007,6502.0,528.0383333333333,103.591,True,17.069170143718125,7.344065832174315
526157,6918,62.41833333333333,48.9919,6502.0,2017.1733333333332,167.65970000000002,6502.0,979.9783333333332,169.33720000000002,False,32.31700088115137,15.700168219807214
526175,6359,117.06833333333334,93.1082,,,,,,,False,,
526277,3523,9.398333333333333,12.91,3523.0,397.37166666666667,33.038599999999995,3523.0,156.29333333333335,33.0567,True,42.28107820535556,16.629898918247918
526290,6733,68.9,69.3902,6502.0,1117.72,92.81219999999999,6502.0,404.2566666666667,92.9087,False,16.222351233671986,5.867295597484277
526340,6502,45.325,56.611599999999996,6502.0,1062.2183333333332,88.2744,6502.0,360.85166666666663,89.73230000000001,True,23.435594778451918,7.961426732855303
526352,3494,165.7866666666667,90.76,11775.0,1529.57,127.1336,11775.0,804.4916666666667,127.55839999999999,False,9.226133987453753,4.852571577931478
526383,30057,44.125,43.391,10972.0,525.0216666666666,43.596199999999996,10972.0,279.2583333333333,43.730599999999995,False,11.898508026440037,6.328800755429651
526398,37376,58.626666666666665,29.3342,8154.0,326.7883333333333,27.168,37376.0,171.5366666666667,29.6545,False,5.574056174664544,2.925915396861497
526409,35125,75.99833333333332,61.6983,35125.0,677.3583333333333,56.298199999999994,35125.0,241.45833333333334,56.319900000000004,True,8.912805105375119,3.1771530077413983
526429,8269,63.47166666666667,68.46589999999999,6502.0,904.075,75.0618,6502.0,302.865,75.1152,False,14.243757056954546,4.771656644697109
526473,3754,41.995,42.703900000000004,3754.0,506.77333333333337,42.139900000000004,3754.0,170.54166666666666,42.2274,True,12.067468349406678,4.060999325316506
526475,6919,29.39,41.2697,6502.0,794.6800000000001,66.0455,6502.0,277.5466666666667,68.80069999999999,False,27.039128955427017,9.443574912101623
526487,3727,230.185,238.0466,11775.0,3829.648333333333,318.3911,11775.0,1915.1116666666667,348.9569,False,16.637262781385985,8.31988038606628
526573,6502,31.403333333333332,20.991400000000002,,,,,,,False,,
526587,6502,22.913333333333334,31.3277,6502.0,908.1533333333333,75.44069999999999,6502.0,482.405,75.6097,True,39.63427407622927,21.05346232179226
526614,3523,53.083333333333336,59.5276,3523.0,747.255,62.1248,3523.0,271.84166666666664,62.174,True,14.07701726844584,5.121036106750392
526624,10972,10.743333333333334,10.6661,10972.0,128.15666666666667,10.6228,10972.0,44.516666666666666,10.633700000000001,True,11.92894818492088,4.143654979832454
526656,6502,41.416666666666664,54.5375,6502.0,861.365,71.56160000000001,6502.0,287.96,71.56160000000001,True,20.79754527162978,6.952756539235413
526684,4370,62.695,78.9417,4370.0,1167.6266666666668,96.97510000000001,30057.0,788.8333333333334,126.0205,True,18.62392003615387,12.582077252306139
526702,3727,35.02833333333333,25.984900000000003,3727.0,281.37,23.3937,3727.0,103.35333333333332,23.7598,True,8.032640243612315,2.9505638292810583
526818,6502,51.0,50.6952,6502.0,607.1766666666666,50.4138,6502.0,203.23833333333332,50.4138,True,11.905424836601306,3.9850653594771237
526829,8154,77.04666666666667,53.334300000000006,35125.0,631.41,52.4684,35125.0,277.49,52.7292,False,8.195163104611924,3.601583455914165
526830,3655,64.27666666666667,66.014,3655.0,725.375,60.3048,3655.0,245.83166666666665,60.7288,True,11.285199398433853,3.8245864232743862
526851,6502,87.75666666666666,61.264,,,,,,,False,,
526948,6502,27.501666666666665,26.8416,6502.0,477.34666666666664,39.6341,6502.0,162.29333333333335,39.7286,True,17.357008666141446,5.901218107993456
526971,3494,75.25333333333333,59.885400000000004,3494.0,594.6550000000001,49.4666,3494.0,222.24666666666664,49.5607,True,7.902041991495395,2.953313253012048
527014,3494,81.95833333333333,65.88969999999999,3494.0,662.4816666666667,55.120599999999996,3494.0,262.03333333333336,59.0526,True,8.083152008134215,3.1971530249110325
527026,3494,151.77833333333334,106.0835,11775.0,1078.095,89.637,11775.0,496.725,90.30560000000001,False,7.103088934520738,3.2727003195449504
527034,6352,46.365,45.695800000000006,6352.0,366.47,30.4623,6352.0,188.78166666666667,30.5694,True,7.904022430712822,4.071641683741328
527037,6502,11.546666666666665,13.3167,6502.0,208.26833333333335,17.3149,6502.0,77.32,19.079099999999997,True,18.037095842956123,6.696304849884527
527049,8269,21.938333333333333,19.575200000000002,6502.0,1087.3133333333333,90.2853,6502.0,363.53,90.299,False,49.562257843956544,16.570538631011168
527078,3494,110.49166666666666,82.9813,3494.0,910.6216666666667,75.724,3494.0,393.26,75.7946,True,8.241541594388718,3.55918244211479
527080,3494,283.63666666666666,216.8201,3494.0,2998.9183333333335,249.3102,3494.0,1426.9816666666666,268.8418,True,10.573098212501911,5.031019731816525
527227,6352,18.621666666666666,10.948,6352.0,107.46499999999999,8.9402,6352.0,36.32166666666667,8.9402,True,5.770965720934395,1.9505056833437755
527232,3792,58.348333333333336,39.4672,3792.0,474.5416666666667,39.441900000000004,3792.0,188.52333333333334,39.441900000000004,True,8.132908680624983,3.2309977434374018
527265,3655,44.218333333333334,44.7488,3655.0,539.7983333333334,44.881699999999995,3655.0,183.83166666666665,45.305699999999995,True,12.207568504768009,4.157363084693377
527278,37376,138.69166666666666,118.81689999999999,11775.0,2325.48,193.3416,11775.0,988.755,194.1888,False,16.76726551703419,7.129159406357027
527284,8269,70.85,53.7829,6502.0,1291.5266666666669,107.2758,6502.0,574.2433333333333,107.2895,False,18.229028463890852,8.105057633498001
527314,8269,36.25833333333333,33.263,6502.0,938.7083333333334,77.9358,6502.0,314.32166666666666,78.0332,False,25.88945070098828,8.668949666743277
527393,6359,80.92333333333333,66.822,,,,,,,False,,
527407,8269,71.73833333333333,76.51089999999999,6502.0,1000.785,83.0985,6502.0,335.3283333333333,83.1603,False,13.95049136909602,4.674325674325674
527466,4370,48.8,51.498400000000004,4370.0,553.2666666666667,46.006699999999995,30057.0,197.97833333333335,49.1323,True,11.337431693989071,4.05693306010929
527469,3494,47.95666666666667,29.624,3494.0,336.8933333333333,27.9938,3494.0,206.8,28.4225,True,7.0249530826440525,4.312226315423646
527481,4370,146.21,125.1602,4370.0,1440.1566666666665,119.7548,30057.0,769.4983333333333,122.87410000000001,True,9.849919066183341,5.262966509358685
527493,6502,46.97666666666667,43.3801,,,,,,,False,,
527513,4370,35.33166666666667,45.9333,4370.0,752.5383333333334,62.514199999999995,30057.0,348.88666666666666,77.0977,True,21.299259399028255,9.874616727204112
527621,6580,42.77166666666667,48.381800000000005,6580.0,599.9050000000001,49.841699999999996,6580.0,269.2,50.368199999999995,True,14.02575692631415,6.2938861395783805
527635,3494,22.793333333333333,31.859099999999998,3494.0,375.12333333333333,31.1782,3494.0,126.07666666666667,31.3861,True,16.457589938578533,5.531295700497221
527648,4370,11.335,9.545200000000001,4370.0,137.625,11.436399999999999,4370.0,84.14833333333333,11.436399999999999,True,12.141596823996471,7.42376121158653
527663,3754,115.15,106.0711,3754.0,1206.1899999999998,100.2963,3754.0,462.245,105.2238,True,10.474945722970038,4.014285714285714
527746,3727,193.26666666666668,149.1615,3494.0,2387.086666666667,198.4424,3494.0,1195.4766666666667,211.4509,False,12.3512590548465,6.185632976888582
527801,3727,137.79833333333332,94.3569,3494.0,2736.038333333333,227.507,3494.0,977.1166666666667,228.16729999999998,False,19.85538044727198,7.0909178872506935
527859,3727,21.223333333333336,17.4904,3727.0,177.0883333333333,14.7331,3727.0,67.195,14.7808,True,8.344039579079627,3.1660907805874032
527861,6502,38.431666666666665,39.1579,,,,,,,False,,
527893,6580,14.366666666666667,8.1103,6580.0,14.04,1.1652,6580.0,6.366666666666666,1.3591,True,0.9772621809744778,0.44315545243619486
527939,11775,26.821666666666665,24.9677,11775.0,407.4316666666667,33.846599999999995,11775.0,175.09833333333333,34.0413,True,15.190393338718698,6.528242092835394
527985,8154,34.64,25.2286,3655.0,318.6716666666667,26.4999,3655.0,113.67666666666668,26.92,False,9.199528483448807,3.2816589684372595
528017,6502,22.105,17.861099999999997,6502.0,168.375,14.0037,6502.0,57.11833333333333,14.162799999999999,True,7.617054964940059,2.5839553645479905
528021,3494,286.8433333333333,218.4477,3494.0,3135.085,260.6414,3494.0,1507.6716666666666,280.1732,True,10.929607335014468,5.256080555006799
528031,6502,14.155,13.2102,6502.0,155.7133333333333,12.928700000000001,6502.0,52.29666666666667,12.928700000000001,True,11.000588720122453,3.694572000470976
528047,30057,47.505,51.2603,30057.0,551.41,45.8678,30057.0,267.655,50.0975,True,11.607409746342489,5.634249026418271
528068,37376,146.92000000000002,133.9752,11775.0,1493.22,124.1544,11775.0,663.3766666666667,125.00160000000001,False,10.163490334876123,4.51522370451039
528069,6502,62.748333333333335,75.11510000000001,6502.0,1088.1566666666668,90.4717,6502.0,435.7416666666667,108.2358,True,17.341602698610853,6.944274748333289
528076,3494,147.56666666666666,120.11330000000001,11775.0,1451.7866666666666,120.6893,11775.0,647.7883333333334,121.5365,False,9.838174836232211,4.3898012197876675
528145,6732,12.678333333333335,12.994399999999999,28254.0,302.2633333333333,25.1233,28254.0,143.12666666666667,25.5989,False,23.8409359800184,11.289075851189693
528184,11775,79.70333333333333,48.7254,11775.0,500.3,41.579800000000006,11775.0,232.395,41.7845,True,6.277027309606457,2.9157500731880726
528219,8269,42.190000000000005,45.411,6502.0,721.5266666666666,59.8799,6502.0,244.815,59.8936,False,17.10184087856522,5.8026783598009
528249,4370,133.01166666666666,117.2975,4370.0,1345.4916666666666,111.8921,30057.0,690.675,114.9314,True,10.11559136416605,5.192589622464195
528255,3523,83.125,96.6807,3523.0,2333.016666666667,193.977,3523.0,786.7116666666666,195.2675,True,28.06636591478697,9.464200501253131
528356,37376,24.875,13.6985,8154.0,141.90666666666667,11.7865,8154.0,71.49499999999999,12.4493,False,5.704790619765494,2.874170854271356
528358,6352,19.898333333333333,8.0646,6352.0,85.23333333333333,7.0972,6352.0,58.44666666666667,7.0972,True,4.283440824189631,2.9372644275064914
528386,3727,36.03333333333333,43.7301,3727.0,812.9116666666666,67.5825,3727.0,281.06,67.999,True,22.5599907493062,7.800000000000001
528423,8269,25.720000000000002,24.339299999999998,6502.0,1008.9916666666667,83.7865,6502.0,337.27000000000004,83.8002,False,39.229847071021254,13.113141524105755
528425,3754,71.675,74.4355,3754.0,879.1366666666667,73.1052,3754.0,296.5933333333333,73.5882,True,12.265597023601908,4.138030461574235
528448,6502,80.875,77.4528,,,,,,,False,,
528477,6580,25.58833333333333,32.919599999999996,,,,,,,False,,
528490,3494,32.99,33.2816,3494.0,392.23499999999996,32.6007,3494.0,131.81333333333333,32.8086,True,11.889511973325249,3.995554208345963
528499,8269,64.28166666666667,64.5699,6502.0,794.8133333333334,66.0006,6502.0,265.59,66.0006,False,12.364541471129664,4.131660141564469
528514,11775,140.75333333333336,114.9584,3494.0,1322.1283333333333,109.9607,3494.0,587.2900000000001,110.1406,False,9.393229290010892,4.172476673139771
528567,3655,18.473333333333336,12.1851,3655.0,149.81666666666666,12.4557,3655.0,83.83999999999999,12.535200000000001,True,8.10988812702995,4.538433778419342
528603,3494,95.35,97.4207,11775.0,1837.04,152.74120000000002,3494.0,970.34,207.36610000000002,False,19.266282118510752,10.176612480335606
528619,6918,22.426666666666666,12.1383,6918.0,134.75166666666667,11.2041,6918.0,58.266666666666666,11.254299999999999,True,6.008546373365042,2.5980975029726516
528634,3494,42.09,35.844199999999994,3494.0,338.925,28.1688,3494.0,253.61833333333334,28.1688,True,8.05238774055595,6.025619703809297
528640,3727,0.8366666666666667,0.8172999999999999,3727.0,8.826666666666666,0.735,3727.0,3.19,0.7693,True,10.549800796812749,3.8127490039840635
528670,3523,95.65833333333333,71.69030000000001,3523.0,870.725,72.4223,3523.0,291.62333333333333,72.42460000000001,True,9.102447948427564,3.0485930830211694
528688,3523,161.84833333333333,132.797,3523.0,1479.2716666666668,122.9143,3523.0,596.7566666666667,139.8587,True,9.139863452409148,3.6871350750187935
528791,37376,58.865,29.4339,8154.0,327.98333333333335,27.2677,37376.0,171.935,29.7542,False,5.571788555734874,2.920835810753419
528803,3523,44.26,44.618900000000004,3523.0,334.76666666666665,27.8401,3523.0,112.565,27.8642,True,7.563639102274439,2.5432670582919115
528826,6733,41.515,18.6594,6733.0,262.5883333333333,18.2856,6733.0,132.06833333333333,18.2856,True,6.325143522421614,3.1812196394877352
528829,6359,162.64,132.2871,,,,,,,False,,
528862,3523,208.79166666666666,177.39270000000002,3523.0,1993.8016666666667,165.8278,3523.0,666.925,165.8366,True,9.549239672720017,3.194212731989623
528890,37376,160.13500000000002,144.87439999999998,11775.0,1499.5766666666668,124.67580000000001,11775.0,665.0166666666667,125.523,False,9.364452909524255,4.152850199310998
528906,3727,92.30166666666668,100.446,3494.0,2454.875,204.1327,3494.0,897.7,204.793,False,26.596215308499303,9.725718206605153
528933,4370,144.00333333333336,124.61019999999999,4370.0,1433.4433333333334,119.2016,30057.0,760.8933333333333,122.2427,True,9.954237170435869,5.283859169926621
528995,3727,156.01166666666668,171.7819,3523.0,1461.7516666666668,121.5739,3523.0,488.8066666666667,121.5828,False,9.369502280812332,3.133141752219385
529012,3494,269.9583333333333,218.52870000000001,3494.0,3129.5583333333334,260.1775,3494.0,1471.2916666666667,279.7092,True,11.59274579410403,5.450069455162835
529033,6352,24.646666666666665,15.6249,6352.0,144.43166666666667,12.0106,6352.0,79.15833333333333,18.4515,True,5.860089261563431,3.2117257235596433
529039,6502,60.123333333333335,62.6247,6502.0,1134.4633333333334,94.2863,6502.0,478.995,95.81230000000001,True,18.868936075844097,7.966873648611188
529108,3494,147.36,121.2632,11775.0,1328.0083333333334,110.3998,11775.0,606.0133333333334,111.247,False,9.012000090481362,4.112468331523706
529141,6352,20.483333333333334,8.4381,6352.0,93.31,7.772600000000001,6352.0,61.325,7.8438,True,4.555410903173311,2.9938974776240848
529173,6732,22.240000000000002,22.1448,6732.0,346.75,28.826700000000002,6732.0,122.96000000000001,29.1048,True,15.591276978417264,5.528776978417266
529182,3727,101.48666666666666,116.211,3494.0,1520.575,126.3855,3494.0,534.1,126.59339999999999,False,14.983002693293043,5.262760296919136
529338,6502,54.24333333333333,52.7691,6502.0,632.135,52.4876,6502.0,211.19500000000002,52.4876,True,11.653690161617403,3.893473852393536
529388,6732,22.523333333333333,11.4237,6732.0,136.625,11.337,6732.0,80.38666666666667,11.614799999999999,True,6.065931626461447,3.5690395145774754
529397,6359,115.86166666666666,99.6508,,,,,,,False,,
529443,37376,70.02166666666668,44.8988,8154.0,515.99,42.883,11775.0,187.87166666666664,45.113,False,7.3690048318377634,2.6830504843738834
529482,3754,12.593333333333334,13.3017,3770.0,165.31833333333333,13.7435,3770.0,69.11833333333334,13.7452,False,13.127448385389094,5.488485971413446
529503,8269,16.785,17.459400000000002,6502.0,1111.46,92.2925,6502.0,371.52166666666665,92.3062,False,66.21745606196008,22.134147552378113
529529,3494,86.515,55.7909,3494.0,892.275,73.2078,3494.0,312.7583333333333,73.2078,True,10.31352944576085,3.615076383671425
529610,3727,135.59833333333333,116.3091,3494.0,1902.4516666666668,158.1351,3494.0,834.26,171.14020000000002,False,14.030051991789477,6.152435501911282
529619,6359,181.04666666666665,147.7751,6918.0,607.285,50.5131,6918.0,285.95166666666665,54.869,False,3.354300916890673,1.5794362411164709
529657,6352,31.425,22.0199,6352.0,264.92833333333334,22.0199,6352.0,102.16499999999999,22.0199,True,8.430495889684433,3.2510739856801907
529699,6733,82.485,32.5427,6733.0,632.2533333333333,32.2116,6733.0,306.76166666666666,46.6584,True,7.6650704168434665,3.718999414034875
529750,28254,12.546666666666665,5.4638,28254.0,64.94333333333333,5.3902,28254.0,45.318333333333335,5.4638,True,5.176142401700319,3.611981934112647
529769,3494,106.00166666666668,80.47739999999999,3494.0,866.9283333333333,72.117,3494.0,384.51166666666666,73.9116,True,8.17844059055675,3.6274115186868126
529780,6352,14.273333333333333,8.7035,6352.0,104.61166666666666,8.7035,6352.0,35.233333333333334,8.7035,True,7.3291686127977576,2.468472676319477
529785,3494,53.44833333333334,35.9462,3494.0,412.95166666666665,34.3315,3494.0,185.53833333333333,34.781099999999995,True,7.72618416539337,3.471358632947706
529857,3523,4.128333333333333,4.1425,3523.0,32.788333333333334,2.7289,3523.0,11.528333333333334,2.7399,True,7.942268873637466,2.7924909164311673
529859,3523,13.276666666666667,15.434299999999999,3523.0,382.5566666666667,31.8068,3523.0,148.78,31.8247,True,28.814210394175245,11.206126035651518
529866,8269,131.825,95.4803,6733.0,1405.8916666666667,64.6524,6502.0,734.9883333333333,102.23339999999999,False,10.664833428156015,5.575485176054113
529885,6919,14.908333333333333,9.7983,6919.0,119.42166666666667,9.9209,6919.0,41.265,9.9209,True,8.010396869759642,2.767915036333147
529950,3792,61.43666666666666,45.1325,3792.0,542.715,45.1073,3792.0,211.51166666666668,45.1073,True,8.833731213716023,3.4427594813086655
529972,3727,83.78999999999999,97.8454,3494.0,2588.605,215.2391,3494.0,927.7883333333334,215.89939999999999,False,30.893961093209217,11.072781159247327
530014,6502,45.651666666666664,52.8329,6502.0,1016.61,84.4957,6502.0,381.60833333333335,85.95360000000001,True,22.268847431638132,8.35913256179037
530023,4370,53.144999999999996,54.285199999999996,4370.0,561.545,46.6783,30057.0,201.59666666666666,50.0148,True,10.566280929532411,3.793332706118481
530049,3727,103.17833333333333,89.4628,3494.0,1852.2633333333333,153.9845,3494.0,619.1016666666667,154.1924,False,17.952057117934967,6.000306911980875
530068,6502,21.96333333333333,19.9695,6502.0,240.475,19.9925,6502.0,81.63000000000001,20.046200000000002,True,10.948930034906663,3.716648960388527
530139,4370,7.133333333333334,6.0593,4370.0,68.56,5.693899999999999,4370.0,24.316666666666666,5.868600000000001,True,9.611214953271027,3.408878504672897
530224,3727,166.785,130.7629,3494.0,2475.3399999999997,205.7646,3494.0,1125.3066666666666,218.7697,False,14.841502533201426,6.7470495947877005
530276,30057,39.79833333333333,33.2116,30057.0,469.26166666666666,39.0575,30057.0,204.025,40.1115,True,11.790987897315633,5.126470957745299
530282,3770,20.315,21.8595,3770.0,231.55166666666668,19.236099999999997,3770.0,80.44666666666667,19.242900000000002,True,11.398063828041677,3.9599639018787434
530285,6359,178.74333333333334,142.394,,,,,,,False,,
530288,8269,56.513333333333335,60.0751,6502.0,789.1766666666666,65.5326,6502.0,263.595,65.5326,False,13.964433172112775,4.664297510911879
530324,3655,54.1,48.9463,3655.0,589.62,49.0305,3655.0,222.67166666666665,49.4545,True,10.898706099815158,4.115927295132471
530337,3727,142.82833333333335,119.31160000000001,3494.0,1987.0800000000002,165.1731,3494.0,904.8083333333333,178.1782,False,13.912365660408183,6.334935878735544
530403,27733,20.063333333333333,12.646,27733.0,127.63000000000001,10.591,27733.0,42.876666666666665,10.591,True,6.3613557069280615,2.137065957800299
530414,8269,37.24166666666667,31.687900000000003,6502.0,1025.6916666666666,85.1808,6502.0,354.24833333333333,85.1945,False,27.541508167375248,9.512150369210113
530428,6919,27.861666666666668,27.9049,6919.0,128.86833333333334,10.7019,6919.0,43.47666666666667,10.7019,True,4.625291619309685,1.5604474487049111
530447,8269,8.731666666666666,7.3877,8269.0,85.96000000000001,7.1553,8269.0,30.151666666666664,7.416399999999999,True,9.84462683718267,3.4531399121969844
530503,6919,31.303333333333335,21.457900000000002,,,,,,,False,,
530517,6733,88.59166666666667,71.6857,28254.0,738.3766666666667,61.324400000000004,28254.0,592.455,61.462,False,8.334606339949206,6.687480011287744
530533,6352,57.281666666666666,36.137,6502.0,868.2900000000001,72.09530000000001,6502.0,293.24666666666667,72.14880000000001,False,15.158253076900698,5.119380837382525
530569,6502,8.968333333333334,4.7925,6502.0,49.45666666666667,4.110399999999999,6502.0,16.720000000000002,4.110399999999999,True,5.514588366474634,1.864337483739082
530683,6502,68.61833333333334,66.6986,,,,,,,False,,
530734,3727,80.01166666666667,97.13080000000001,3494.0,2068.57,171.95489999999998,3494.0,696.7783333333333,172.1674,False,25.853354719103464,8.708459183035806
530737,6580,52.99666666666667,50.044,6580.0,542.6516666666666,45.0556,6580.0,184.05666666666667,45.5821,True,10.239354676394742,3.472985722372476
530772,3754,60.005,60.997800000000005,3754.0,672.375,55.9066,3754.0,233.39,57.8686,True,11.20531622364803,3.889509207566036
530798,3727,147.515,151.1097,3494.0,1938.48,161.11929999999998,3494.0,673.935,161.3272,False,13.140900925329628,4.5685862454665624
530845,6502,32.17166666666667,42.4116,6502.0,891.2366666666666,74.0744,6502.0,303.85333333333335,75.5323,True,27.702533284981605,9.444749520799876
530937,3727,36.89666666666667,27.2755,3727.0,295.7633333333333,24.5902,3727.0,108.30666666666666,24.983900000000002,True,8.01599060439064,2.935405185653627
530979,3494,113.405,106.8331,11775.0,1912.2649999999999,158.9804,3494.0,748.1133333333333,179.6635,False,16.86226356862572,6.596828476110694
531016,4370,52.885,70.25110000000001,4370.0,1087.5800000000002,90.3405,30057.0,714.985,116.211,True,20.564999527276168,13.519618039141534
531056,3655,296.4183333333333,199.8578,3655.0,2344.6066666666666,194.9145,3655.0,787.9083333333333,195.5192,True,7.909789655385689,2.6580958217834034
531061,6502,33.9,32.5785,,,,,,,False,,
531077,6502,32.163333333333334,29.8767,6502.0,356.21666666666664,29.588900000000002,6502.0,119.61166666666666,29.6028,True,11.075240957612186,3.71888278578091
531091,3523,65.97,48.2652,3523.0,1058.1916666666666,87.9906,3523.0,515.9733333333334,87.9963,True,16.040498206255368,7.821332929109191
531133,6732,60.50666666666667,61.750699999999995,6732.0,945.55,78.56819999999999,6732.0,415.90833333333336,78.5776,True,15.62720361392684,6.873760467166153
531261,6502,55.95166666666667,59.3759,6502.0,710.6266666666667,59.0094,6502.0,237.36333333333332,59.0094,True,12.700723839027733,4.242292454797295
531289,8269,36.431666666666665,25.7546,6502.0,1144.2433333333333,95.029,6502.0,382.495,95.0427,False,31.40793265931653,10.498970675694222
531324,8269,59.115,61.3594,6502.0,822.84,68.3159,6502.0,275.4316666666667,68.3359,False,13.91930981984268,4.659251740956892
531341,8269,9.139999999999999,7.5137,8269.0,99.16000000000001,8.2529,8269.0,38.36333333333334,8.6095,True,10.849015317286655,4.197301239970825
531385,6502,51.593333333333334,51.166199999999996,,,,,,,False,,
531443,3494,48.18666666666666,66.9491,3494.0,706.1916666666667,58.7165,3494.0,242.825,58.8076,True,14.65533342556724,5.039257055893747
531448,6502,53.38666666666666,42.3455,6502.0,510.2183333333333,42.3919,6502.0,208.11666666666667,43.5504,True,9.557036713286713,3.898289210789211
531576,15598,44.11333333333334,20.1516,15598.0,237.40333333333334,19.7618,15598.0,82.08833333333334,20.143099999999997,True,5.3816684298020245,1.8608508387486775
531630,8154,33.766666666666666,24.5649,3655.0,326.12333333333333,27.1191,3655.0,116.515,27.5392,False,9.658144126357355,3.450592300098717
531658,6919,27.861666666666668,27.9049,6919.0,128.86833333333334,10.7019,6919.0,43.47666666666667,10.7019,True,4.625291619309685,1.5604474487049111
531697,3494,154.25333333333336,128.9389,11775.0,1951.0600000000002,162.193,3494.0,879.5616666666666,193.0916,False,12.648413864638256,5.702059382833433
531734,6919,23.243333333333332,18.851200000000002,,,,,,,False,,
531738,3523,127.30833333333334,105.27380000000001,3523.0,1264.1483333333333,105.16810000000001,3523.0,720.4133333333334,105.17389999999999,True,9.929816063363225,5.658807357465472
531776,6580,6.553333333333333,5.0538,6580.0,18.813333333333333,1.5615999999999999,6580.0,7.793333333333334,1.5673,True,2.870803662258393,1.1892166836215667
531796,8269,119.72166666666666,91.45230000000001,6502.0,1370.9616666666666,98.2452,6502.0,654.275,98.2055,False,11.451241073044422,5.464967354836913
531797,3494,92.79333333333334,97.6332,3494.0,1080.115,89.8202,3494.0,368.35,89.979,True,11.64000646598175,3.969573963646814
531824,32615,4.148333333333333,2.5493,26411.0,16.693333333333335,1.3879000000000001,26411.0,6.681666666666667,1.3879000000000001,False,4.024106066693451,1.6106870229007633
531952,3727,74.385,55.3071,3494.0,2192.0516666666667,182.1946,3494.0,861.9166666666666,195.19979999999998,False,29.46900136676301,11.58723757029867
532027,3494,150.90666666666667,115.80460000000001,11775.0,1260.16,101.9682,11775.0,615.6416666666667,105.55839999999999,False,8.350591977381164,4.079618748895564
532183,8269,6.430000000000001,6.8424,6352.0,140.56166666666667,11.6915,6352.0,71.19333333333334,12.849,False,21.860290305857955,11.072058061171592
532254,6502,35.79,33.4345,,,,,,,False,,
532282,8269,65.03666666666666,66.3465,6502.0,876.6133333333333,72.7837,6502.0,296.1183333333333,72.8371,False,13.478755573778896,4.553098252267951
532390,8269,73.38166666666666,75.88419999999999,6502.0,1008.3766666666667,82.48010000000001,6502.0,354.24,82.5336,False,13.741533988961821,4.827363782961231
532441,3494,118.32166666666667,119.5561,3494.0,1342.3933333333334,111.6375,3494.0,455.69666666666666,111.7973,True,11.345287563562605,3.851337455805502
532554,8154,41.49666666666667,30.3036,3792.0,474.185,39.4326,3655.0,202.435,41.4929,False,11.427062414651779,4.878343642059603
532576,4370,57.343333333333334,59.1447,4370.0,645.3866666666667,53.6667,30057.0,228.51833333333335,56.706,True,11.254781142823926,3.9850898099168752
532618,6502,68.48166666666665,77.5967,6502.0,1117.8266666666668,92.93560000000001,6502.0,459.77666666666664,110.7174,True,16.32300615736572,6.713865024702476
532662,3494,84.10166666666667,93.7524,3494.0,1035.3983333333333,86.0987,3494.0,353.35,86.2701,True,12.311270089772298,4.201462515606112
532725,30057,45.47,58.947199999999995,4370.0,1120.8416666666667,89.8585,30057.0,572.4966666666667,93.8934,False,24.65013562055568,12.59064584707866
532767,6502,54.79833333333333,53.0003,6502.0,634.9133333333334,52.7188,6502.0,212.12166666666664,52.7188,True,11.586362115636122,3.8709510629885333
532774,3523,93.77666666666667,67.3391,3523.0,809.6550000000001,67.3373,3523.0,270.6433333333333,67.3396,True,8.63386414530978,2.886041303806917
532824,3494,115.66333333333334,106.9826,11775.0,2010.9066666666665,167.1852,3494.0,714.9983333333333,171.45870000000002,False,17.38586126401337,6.181719934292054
532874,6352,16.191666666666666,12.6825,6352.0,109.01,9.068299999999999,6352.0,49.46666666666667,12.2684,True,6.732475553268142,3.0550694801852805
532881,28254,2.753333333333333,1.8282,28254.0,22.34,1.8549,28254.0,12.889999999999999,2.6767,True,8.113801452784505,4.681598062953995
532950,3727,238.165,261.1475,11775.0,3628.1600000000003,301.6673,11775.0,1846.0449999999998,331.76959999999997,False,15.233808494111226,7.7511179224487226
533004,6352,31.921666666666667,25.214299999999998,6352.0,151.80166666666668,12.6296,6352.0,50.97,12.6296,True,4.755443011538663,1.5967211402913382
533029,3494,129.03666666666666,106.6306,3494.0,1001.1483333333333,83.273,3494.0,405.275,84.88980000000001,True,7.758634496654698,3.140773940223709
533030,3792,19.558333333333334,17.1267,3792.0,155.61166666666668,12.9352,3792.0,54.163333333333334,13.2066,True,7.9562846186621226,2.7693225394120153
533048,3523,115.375,97.33439999999999,3523.0,1168.725,97.2287,3523.0,640.8933333333333,97.2345,True,10.129794149512458,5.5548717948717945
533251,8269,5.343333333333334,5.1487,8269.0,30.788333333333334,2.5595,8269.0,11.443333333333333,2.6567,True,5.762008733624453,2.1416094822208356
533256,3754,75.54333333333334,78.5698,3754.0,928.9116666666666,77.2384,3754.0,313.4683333333333,77.72139999999999,True,12.296408242509816,4.1495168336054356
533282,6502,28.473333333333336,39.1622,6502.0,886.5416666666666,73.68339999999999,6502.0,302.705,75.063,True,31.135858112854127,10.631175368766096
533343,3655,6.364999999999999,4.8545,3655.0,64.42833333333333,5.3523000000000005,3655.0,23.368333333333332,5.4318,True,10.122283320240902,3.6713799423932967
533353,30057,20.846666666666668,16.2684,10972.0,233.44666666666666,19.4215,10972.0,118.96166666666666,27.2765,False,11.198273105212664,5.706507834985609
533408,6918,59.22833333333333,52.7482,6918.0,563.6416666666667,46.871300000000005,6918.0,238.45833333333334,51.227199999999996,True,9.516419506429918,4.026085488364241
533437,6502,38.02333333333333,36.1803,6502.0,432.57,35.8988,6502.0,144.71833333333333,35.8988,True,11.376435522047865,3.806040150784606
533504,4370,77.77833333333334,78.3618,4370.0,877.1383333333334,72.9563,30057.0,333.0316666666667,75.9957,True,11.277412304197828,4.281805129963358
533513,8269,10.736666666666668,9.945799999999998,6352.0,105.30833333333334,8.758,6352.0,53.55333333333333,9.8831,False,9.808289351133187,4.987891959018937
533517,6502,22.396666666666665,17.8547,6502.0,215.2133333333333,17.901,6502.0,94.47,17.9314,True,9.609168030956987,4.218038398571216
533598,6919,16.95,11.867700000000001,6502.0,404.56166666666667,33.6265,6502.0,150.25333333333336,36.3228,False,23.86794493608653,8.864503441494595
533599,3494,6.411666666666666,8.2211,3494.0,72.46000000000001,6.0205,3494.0,41.81666666666667,6.0339,True,11.30127371978165,6.521965167663115
533603,4370,63.09166666666667,79.2359,4370.0,1243.1699999999998,103.2856,30057.0,819.9066666666666,129.2415,True,19.704187029454495,12.995482763175273
533735,6359,137.62833333333336,108.0125,,,,,,,False,,
533755,6918,18.203333333333333,10.511299999999999,6918.0,128.20833333333334,10.6661,6918.0,43.443333333333335,10.716299999999999,True,7.043123969968871,2.3865592382347556
533816,6502,62.89333333333333,75.1959,6502.0,1089.1266666666666,90.55260000000001,6502.0,436.30333333333334,108.3167,True,17.31704473182107,6.937195251218996
533830,3754,70.35833333333333,68.0545,3754.0,802.4300000000001,66.7243,3754.0,315.00333333333333,67.2073,True,11.404903470330453,4.477128982589127
533867,4370,122.8,110.409,4370.0,1262.6483333333333,105.0036,30057.0,621.935,108.1485,True,10.282152551574375,5.0646172638436475
533878,3754,58.98833333333334,61.1866,3754.0,719.84,59.8564,3754.0,243.36166666666668,60.339400000000005,True,12.203091006696239,4.125589805893821
533905,6502,58.583333333333336,57.561099999999996,,,,,,,False,,
533920,15598,8.866666666666667,4.4355,15598.0,53.248333333333335,4.4355,15598.0,18.928333333333335,4.4355,True,6.005451127819549,2.1347744360902254
533931,3494,16.943333333333335,19.023,3494.0,466.0433333333333,38.742599999999996,3494.0,306.81333333333333,39.3113,True,27.50600039346842,18.108203816643712
533942,3494,101.59833333333333,77.466,3494.0,830.6933333333333,69.10560000000001,3494.0,411.665,75.82539999999999,True,8.17624961039387,4.051887334109812
533943,11775,145.60333333333335,121.3253,3792.0,1030.3433333333332,85.64989999999999,3792.0,374.2433333333333,85.6565,False,7.076371877933196,2.5702937203818585
533967,3727,148.47833333333335,137.29410000000001,3494.0,1974.0366666666666,164.1289,3494.0,685.315,164.28879999999998,False,13.295116010192283,4.615589255446922
533993,3494,268.40833333333336,208.4812,3494.0,3146.133333333333,261.55379999999997,3494.0,1476.8600000000001,281.08540000000005,True,11.72144431680586,5.50228818032227
534034,37376,45.083333333333336,22.068,8154.0,242.57166666666666,20.156,8154.0,90.62333333333332,20.8188,False,5.380517560073937,2.010129390018484
534056,3727,123.34333333333333,135.613,3494.0,1752.1566666666665,145.6226,3494.0,611.7366666666666,145.8305,False,14.205523876442449,4.95962489527876
534066,28254,27.458333333333332,11.4109,28254.0,137.18333333333334,11.4109,28254.0,92.19,11.5595,True,4.9960546282245835,3.3574506828528072
534070,11775,22.098333333333336,17.996599999999997,11775.0,158.505,13.1746,11775.0,60.09166666666667,13.1783,True,7.172712874274077,2.7192850139527867
534095,3494,98.20833333333333,96.36110000000001,3494.0,1066.6483333333333,88.7073,3494.0,394.89000000000004,88.8787,True,10.861077641069157,4.020941875265168
534175,30057,89.28999999999999,79.39410000000001,30057.0,858.6566666666666,71.468,30057.0,423.60999999999996,76.8606,True,9.616493074999067,4.744204278194647
534189,3727,41.519999999999996,52.591699999999996,3494.0,1898.9166666666667,157.79510000000002,3494.0,649.6966666666667,158.003,False,45.73498715478485,15.647800256904306
534243,3727,315.40166666666664,316.1427,3494.0,3038.266666666667,252.7365,3494.0,1515.2383333333335,284.3843,False,9.633007646334569,4.804154490834439
534277,3727,226.09166666666667,236.346,11775.0,3868.1433333333334,321.5878,11775.0,1927.9399999999998,352.1536,False,17.10873908075633,8.52724927205042
534295,6502,12.370000000000001,13.2349,6502.0,142.01833333333335,11.8092,6502.0,65.24833333333333,15.8066,True,11.48086769064942,5.274723794125572
534317,6502,45.666666666666664,56.453,6502.0,1060.1533333333332,88.1048,6502.0,360.2816666666667,89.5737,True,23.215036496350365,7.889379562043796
534329,3727,80.875,97.4267,3494.0,2408.8566666666666,200.29760000000002,3494.0,852.48,201.70420000000001,False,29.78493560020608,10.540710973724885
534340,11775,112.73,98.38080000000001,35125.0,963.9133333333334,80.11110000000001,35125.0,447.2133333333333,81.0951,False,8.550637215766285,3.9671190750761403
534372,6733,77.275,72.7355,6502.0,1163.9983333333332,96.6647,6502.0,421.60166666666663,96.7652,False,15.063064811819258,5.455861102124446
534431,3727,215.22833333333335,228.90720000000002,3494.0,3362.0116666666668,279.5344,3494.0,1547.3666666666666,299.0406,False,15.620674167744333,7.189418989135568
534442,3494,126.21333333333334,111.2434,11775.0,1965.6100000000001,163.4137,3494.0,784.81,188.7571,False,15.57371117684344,6.218122755123599
534518,6918,42.87833333333333,44.4601,6502.0,918.7616666666667,76.33210000000001,6502.0,307.01666666666665,76.33210000000001,False,21.427177673261554,7.1601819100555835
534523,3754,33.376666666666665,30.353099999999998,3754.0,309.17333333333335,25.7052,3754.0,104.28166666666667,25.7099,True,9.263157894736842,3.124388295216219
534537,6359,120.65333333333334,94.5946,,,,,,,False,,
534554,3727,243.79833333333332,179.2176,3494.0,2478.865,206.06570000000002,3494.0,1237.0066666666667,221.181,False,10.167686407481593,5.073893040012579
534560,3792,57.27833333333333,38.9775,3792.0,425.52666666666664,35.371199999999995,3792.0,183.72333333333333,35.371199999999995,True,7.429103500451014,3.2075537579654902
534582,6919,16.668333333333333,23.3008,6502.0,591.1483333333333,49.129,6502.0,211.51166666666668,51.8842,False,35.46535346465353,12.689431056894312
534587,6352,27.175,10.7723,6352.0,113.33666666666666,9.434299999999999,6352.0,76.50666666666666,9.5241,True,4.170622508432996,2.815332720024532
534591,6732,16.191666666666666,8.7938,6732.0,104.93,8.7071,6732.0,53.980000000000004,8.9849,True,6.480494081317551,3.3338136901698405
534608,8269,69.43,66.71910000000001,6502.0,820.5783333333333,68.1497,6502.0,274.17333333333335,68.1497,False,11.818786307551969,3.948917374813961
534660,37376,204.43666666666667,172.5789,11775.0,1826.8233333333333,151.9027,11775.0,774.5116666666667,152.9041,False,8.935888865337269,3.7885164109504164
534662,8269,78.88333333333334,77.94,6502.0,1018.045,84.5359,6502.0,341.0566666666667,84.58930000000001,False,12.905704627086413,4.323557997042045
534695,6502,49.28666666666666,52.195800000000006,6502.0,624.17,51.8293,6502.0,208.54500000000002,51.8293,True,12.664074124171513,4.231266062491547
534805,3494,50.8,44.7274,3494.0,504.22666666666663,41.930800000000005,11775.0,211.525,50.9373,True,9.925721784776902,4.1638779527559056
534806,6733,37.541666666666664,34.6562,28254.0,346.75,28.798,28254.0,233.875,28.9322,False,9.236403995560488,6.229744728079911
534862,6502,65.15333333333334,63.556,,,,,,,False,,
534881,3727,29.053333333333335,40.9453,3494.0,2200.2466666666664,182.8669,3494.0,864.6466666666668,195.872,False,75.73129876089948,29.76067003212483
534949,6580,16.685,16.3268,6580.0,189.36666666666667,15.7258,6580.0,64.03333333333333,15.765799999999999,True,11.349515532913797,3.837778443711917
535077,3494,126.40666666666667,104.8768,3494.0,980.0550000000001,81.5192,3494.0,398.25,83.136,True,7.753190759981014,3.150545857286008
535146,3770,32.641666666666666,26.6925,3770.0,298.71500000000003,24.8231,3770.0,103.83833333333334,25.008599999999998,True,9.151340311462855,3.1811590502935925
535180,3494,125.45833333333333,110.93010000000001,11775.0,1967.4916666666666,163.559,3494.0,886.4133333333334,194.45770000000002,False,15.682431086017933,7.065400199269346
535202,3494,55.61333333333334,37.1096,3494.0,446.06666666666666,37.1096,3494.0,149.07833333333335,37.1096,True,8.020858307360344,2.680622152960921
535244,6502,33.43,24.323,,,,,,,False,,
535245,4370,18.0,20.9733,4370.0,325.90833333333336,27.067400000000003,4370.0,152.07999999999998,27.3089,True,18.10601851851852,8.448888888888888
535329,6502,16.046666666666667,17.705099999999998,6502.0,228.83666666666667,19.033900000000003,6502.0,80.89,19.1947,True,14.260697964270877,5.040922309929373
535384,6502,55.041666666666664,35.8722,,,,,,,False,,
535441,8269,1.8566666666666667,1.0408,8269.0,12.358333333333333,1.0292000000000001,8269.0,4.489999999999999,1.0408,True,6.656193895870736,2.418312387791741
535447,3494,69.85,56.2278,3494.0,569.675,47.3925,3494.0,215.64833333333334,47.4679,True,8.155690765926986,3.087306132188022
535484,6733,3.966666666666667,3.9012,15598.0,41.50833333333333,3.4531,15598.0,14.203333333333335,3.4531,False,10.464285714285714,3.580672268907563
535489,3754,4.281666666666666,3.2100999999999997,3754.0,36.945,3.0715,3754.0,13.211666666666668,3.0715,True,8.62864927987544,3.0856364344102767
535490,3727,99.26166666666667,114.4418,3727.0,2715.836666666667,225.857,3727.0,1365.8866666666665,226.397,True,27.360377453531914,13.76046476484712
535577,3754,132.78666666666666,130.5489,3754.0,1553.4516666666668,129.1843,3754.0,522.7466666666667,129.68019999999999,True,11.698852796465511,3.9367406366101014
535617,4370,87.25500000000001,109.0555,,,,,,,False,,
535637,3523,192.52666666666667,170.69660000000002,3523.0,2019.3433333333335,167.928,3523.0,675.045,167.934,True,10.48864226600644,3.5062415596107894
535643,30057,15.620000000000001,10.7618,10972.0,133.82166666666666,11.1316,10972.0,80.55833333333334,12.214,False,8.567328211694408,5.15738369611609
535645,3727,81.19333333333334,102.05930000000001,3494.0,2122.4100000000003,176.428,3494.0,709.1833333333333,176.6404,False,26.140200344855902,8.734502011659412
535663,3770,56.135,40.575300000000006,3770.0,465.5733333333334,38.7058,3770.0,213.73666666666668,38.9429,True,8.293815504290254,3.807547281850302
535667,6919,12.520000000000001,7.6345,6919.0,90.77333333333333,7.5407,6919.0,30.91,7.5407,True,7.250266240681575,2.468849840255591
535723,6919,57.40833333333333,39.7012,6502.0,806.1433333333333,67.0056,6502.0,281.44166666666666,69.7608,False,14.042270285963129,4.902453186238931
535744,37376,70.90166666666667,45.5,8154.0,523.2033333333334,43.484199999999994,11775.0,190.245,45.7142,False,7.379281164053501,2.683223243459251
535769,4370,129.86666666666667,140.8089,4370.0,1818.4350000000002,151.19910000000002,30057.0,984.3816666666667,154.2385,True,14.002322895277208,7.579940965092402
535789,3727,222.325,233.74960000000002,11775.0,3904.983333333333,324.6472,11775.0,1941.8116666666667,355.213,False,17.56430151055137,8.734112972750104
535840,6352,16.211666666666666,14.5797,6352.0,154.1,12.8195,6352.0,52.4,12.8195,True,9.505500154209932,3.2322401562660636
535842,3494,5.371666666666667,7.2382,3494.0,87.04666666666667,7.2382,3494.0,29.113333333333333,7.2382,True,16.204778156996586,5.419795221843003
536004,6502,40.17166666666667,27.5834,,,,,,,False,,
536065,11775,122.96000000000001,107.5165,3494.0,1336.0616666666667,111.1189,3494.0,599.19,111.24910000000001,False,10.865823574062025,4.873048145738451
536070,3494,104.56333333333333,79.4425,3494.0,868.0583333333333,72.1851,3494.0,371.72666666666663,72.25580000000001,True,8.30174694762345,3.5550384137205517
536089,3727,272.835,215.4705,3494.0,3105.5350000000003,258.1778,3494.0,1462.27,277.684,False,11.38246559275753,5.359539648505507
536112,28254,3.828333333333333,1.8534000000000002,28254.0,22.31,1.8534000000000002,28254.0,9.01,1.8534000000000002,True,5.82760121898128,2.3535045711798
536157,3494,36.965,30.3272,3494.0,299.825,24.916400000000003,3494.0,221.325,24.916400000000003,True,8.111050994183687,5.987420532936561
536177,8269,30.785,23.4103,6502.0,1116.0666666666666,92.68469999999999,6502.0,373.04833333333335,92.6983,False,36.25358670348113,12.117860429863029
536194,6502,35.035,47.308699999999995,6502.0,810.8433333333334,67.3622,6502.0,462.3316666666667,67.3622,True,23.143808572380003,13.196279910565627
536225,6502,75.98333333333333,73.439,,,,,,,False,,
536262,6352,19.57,13.02,6352.0,146.98166666666665,12.208200000000001,6352.0,49.141666666666666,12.208200000000001,True,7.510560381536364,2.5110713677397376
536482,6502,55.20666666666667,66.30680000000001,6502.0,1099.6683333333335,91.429,6502.0,401.12666666666667,99.1906,True,19.919122086704505,7.265909914261562
536559,11775,121.25666666666666,107.2711,3494.0,1335.6633333333334,111.0873,3494.0,599.075,111.2175,False,11.015174423399403,4.9405530967369495
536562,3494,35.64333333333333,30.710900000000002,3494.0,448.295,37.2644,3494.0,310.13,39.3951,True,12.577246796969982,8.700925839334145
536592,6502,43.78333333333333,42.1475,,,,,,,False,,
536608,6502,76.69833333333332,56.719300000000004,,,,,,,False,,
536646,3727,269.02166666666665,210.3938,3494.0,3044.415,253.101,3494.0,1442.5516666666667,272.60720000000003,False,11.316616381580172,5.362213700259583
536648,3754,32.045,45.263,3792.0,874.3483333333334,72.7093,3655.0,316.0833333333333,77.19189999999999,False,27.28501586310917,9.863733291725177
536653,3727,147.515,151.1097,3494.0,1938.48,161.11929999999998,3494.0,673.935,161.3272,False,13.140900925329628,4.5685862454665624
536698,6352,12.403333333333334,8.889700000000001,6352.0,92.325,7.6766000000000005,6352.0,43.17166666666667,8.773700000000002,True,7.443563558183284,3.4806503628056973
536720,3727,166.65,182.7076,3727.0,3165.86,263.3514,3727.0,1494.0466666666666,263.8991,True,18.997059705970596,8.965176517651765
536726,3494,105.94,101.914,11775.0,1853.3583333333333,154.08429999999998,3494.0,767.9516666666666,184.55970000000002,False,17.494415077716948,7.248930212069724
536735,30057,14.31,12.439,10972.0,241.41333333333333,20.0311,10972.0,88.25333333333333,20.8146,False,16.87025390170044,6.167249010016305
536758,3727,271.69666666666666,198.9659,3494.0,2907.883333333333,241.73839999999998,3494.0,1396.3066666666666,261.2553,False,10.702683139285233,5.139211620802611
536765,4370,15.938333333333333,17.7518,4370.0,239.0,19.8752,30057.0,105.03,26.029400000000003,True,14.995294363693402,6.589773083760327
536801,35125,52.86833333333333,38.6633,35125.0,403.02000000000004,33.4931,35125.0,147.53333333333333,33.4931,True,7.623088805523156,2.790580372623814
536814,6359,95.60833333333333,84.2621,,,,,,,False,,
536836,3754,64.545,65.4201,3754.0,771.33,64.1325,3754.0,260.8283333333333,64.6155,True,11.950267255403208,4.041030805381258
536882,6502,57.54833333333333,48.7719,,,,,,,False,,
536916,28254,17.063333333333333,7.3375,28254.0,87.52166666666668,7.2639,28254.0,64.135,7.3375,True,5.129224457901935,3.758644266458293
536938,3494,121.30333333333333,85.8058,11775.0,836.3316666666667,69.5222,11775.0,416.14500000000004,70.1552,False,6.89454810255283,3.430614712428898
536974,3655,5.9,4.1145,3655.0,54.263333333333335,4.5076,3655.0,21.278333333333332,4.6918999999999995,True,9.197175141242937,3.6064971751412425
537001,6502,25.834999999999997,25.2048,6502.0,303.87,25.251099999999997,6502.0,102.40666666666667,25.2814,True,11.76195084188117,3.9638732984968716
537084,6502,65.6,64.7564,6502.0,1159.8183333333334,96.4082,6502.0,436.9116666666667,99.3754,True,17.680157520325206,6.660238821138212
537126,6918,60.24666666666667,54.179199999999994,6918.0,580.6983333333334,48.3022,6918.0,265.07666666666665,52.658199999999994,True,9.638679871638818,4.3998561469514215
537130,6502,32.54,32.765,6502.0,391.53333333333336,32.4835,6502.0,131.02333333333334,32.4835,True,12.032370415898383,4.026531448473674
537169,3754,23.975,24.208599999999997,3754.0,235.23666666666668,19.5607,3754.0,79.375,19.5654,True,9.811748348974627,3.310740354535975
537171,6580,11.238333333333333,11.4421,6580.0,153.24666666666664,12.7361,6580.0,54.093333333333334,12.8133,True,13.636067032478124,4.8132878540708885
537175,3494,13.993333333333334,19.3995,3494.0,233.38666666666668,19.3995,3494.0,77.88833333333334,19.3995,True,16.678418294425917,5.566102906145783
537233,4370,22.751666666666665,28.846700000000002,4370.0,472.37666666666667,39.230199999999996,30057.0,210.45,50.485099999999996,True,20.76228847703465,9.249871804263424
537297,3754,68.35166666666667,71.036,3754.0,838.2533333333333,69.7058,3754.0,283.02333333333337,70.1888,True,12.26383165492185,4.140693960157031
537415,3494,91.53500000000001,83.911,3494.0,950.925,79.0896,3494.0,361.03499999999997,80.70639999999999,True,10.38864915059813,3.9442289834489532
537458,6918,63.94666666666667,56.427699999999994,6918.0,607.7283333333332,50.5493,6918.0,286.255,54.906699999999994,True,9.50367493744787,4.476464762301918
537459,6359,155.16833333333335,129.1856,,,,,,,False,,
537478,37376,15.229999999999999,9.2529,8154.0,88.21000000000001,7.3293,8154.0,38.51166666666666,7.9828,False,5.791858174655287,2.528671481724666
537489,8269,61.48166666666667,62.9912,6502.0,843.3933333333333,70.0248,6502.0,282.40333333333336,70.0384,False,13.717802054813086,4.593293393694598
537532,6918,53.38333333333333,54.857699999999994,6502.0,1686.43,140.1814,6502.0,846.3616666666666,141.8345,False,31.590945988136124,15.854417733374959
537578,6502,22.76833333333333,23.6542,6502.0,473.52666666666664,39.317099999999996,6502.0,159.28333333333333,39.421699999999994,True,20.79759900446527,6.995827538247567
537582,3494,43.763333333333335,61.4995,3494.0,710.1533333333333,59.0503,3494.0,291.4816666666667,71.1205,True,16.227130779191103,6.660408256531343
537755,3754,31.56,30.421599999999998,3770.0,278.10999999999996,23.127299999999998,3770.0,104.5,25.7703,False,8.81210392902408,3.3111533586818758
537775,3727,213.55333333333334,226.7524,11775.0,3973.7316666666666,330.3535,11775.0,1965.4116666666666,361.4795,False,18.607678019542345,9.20337620578778
537784,3494,84.64166666666667,66.2247,3494.0,709.2366666666666,58.992,3494.0,319.0133333333333,59.1126,True,8.379285222014373,3.768986905582357
537789,4370,4.485,3.3414,4370.0,49.58166666666667,4.118399999999999,4370.0,31.401666666666664,4.118399999999999,True,11.054998141954664,7.001486436269044
537797,6352,12.091666666666667,5.8869,6352.0,69.705,5.7875,6352.0,46.218333333333334,5.8266,True,5.764713990351481,3.8223294279807027
537814,6352,25.483333333333334,24.5757,6352.0,203.63833333333332,16.9365,6352.0,69.19666666666667,17.0437,True,7.991039895356441,2.7153695225637673
537880,3494,88.50333333333333,81.813,3494.0,919.755,76.4974,3494.0,348.0383333333333,78.6122,True,10.3923204399081,3.9324884185153097
537883,3727,230.175,241.4702,3494.0,3210.9583333333335,266.9714,3494.0,1497.035,286.4775,False,13.950074218891423,6.503899207125014
537898,6502,50.28333333333333,56.0845,6502.0,1055.76,87.74610000000001,6502.0,413.40333333333336,89.272,True,20.996221411998675,8.221478289691747
537901,3792,53.595,37.4844,3792.0,450.7066666666667,37.459199999999996,3792.0,180.58666666666667,37.459199999999996,True,8.409490935099669,3.369468544951333
537905,6359,123.47666666666667,102.13369999999999,,,,,,,False,,
538063,3727,158.82166666666666,208.1769,3494.0,1888.7533333333333,157.0822,3494.0,646.825,157.2421,False,11.892290094760371,4.0726496174955145
538076,3523,8.835,3.5765,3523.0,42.97166666666667,3.5765,3523.0,14.906666666666666,3.5765,True,4.863799283154122,1.6872288247500469
538091,4370,209.52833333333334,236.07770000000002,4370.0,2002.2783333333332,166.4747,30057.0,1231.345,169.5601,True,9.556122083727736,5.876746979326583
538107,8269,36.61333333333334,25.779799999999998,6502.0,1144.5466666666666,95.0542,6502.0,382.7633333333333,95.1246,False,31.260378732702108,10.454206117989802
538180,3792,2.9633333333333334,1.4617,3792.0,41.74166666666667,3.4736,3792.0,16.538333333333334,3.4736,True,14.086051743532058,5.580989876265467
538191,4370,4.98,3.4886,4370.0,113.51,9.4441,4370.0,78.7,9.5266,True,22.79317269076305,15.803212851405622
538235,6918,42.86666666666667,37.2406,6502.0,1268.8166666666666,105.38210000000001,6502.0,585.1533333333333,105.39580000000001,False,29.599144634525658,13.65054432348367
538271,6359,178.17000000000002,142.1542,6918.0,592.6183333333333,49.2939,6918.0,275.0083333333333,53.649800000000006,False,3.3261398290022637,1.5435164917400983
538301,4370,33.19166666666667,35.4907,4370.0,488.13,40.531800000000004,30057.0,244.44,56.2756,True,14.706402209389905,7.364499121265377
538334,4370,81.91499999999999,106.5244,,,,,,,False,,
538407,8269,4.845,4.9387,8269.0,70.27333333333333,5.8491,8269.0,24.220000000000002,5.8887,True,14.504299965600275,4.998968008255935
538409,3494,192.2133333333333,154.201,11775.0,1974.3433333333335,164.1445,11775.0,940.5366666666666,194.24679999999998,False,10.27162527746948,4.893191592674806
538505,6733,42.37,18.647599999999997,6733.0,316.72666666666663,18.401400000000002,6733.0,154.55333333333334,23.753400000000003,True,7.475257650853591,3.6477067107229963
538534,6359,178.17000000000002,142.1542,6918.0,592.6183333333333,49.2939,6918.0,275.0083333333333,53.649800000000006,False,3.3261398290022637,1.5435164917400983
538535,8269,84.20333333333333,82.5347,6502.0,1078.0,89.5151,6502.0,362.15,89.5768,False,12.802343533510154,4.300898618423656
538550,3727,148.69500000000002,146.9317,3494.0,2159.116666666667,179.506,3494.0,747.5566666666667,179.6659,False,14.520438929800372,5.027449925462636
538578,30057,34.03333333333333,38.0411,30057.0,678.2199999999999,56.3821,30057.0,326.73499999999996,57.5999,True,19.9281096963761,9.600440744368266
538654,6502,15.278333333333334,15.101,6502.0,178.60666666666665,14.819600000000001,6502.0,60.248333333333335,14.819600000000001,True,11.690193083887857,3.943383876949929
538755,3494,42.23166666666667,32.1362,11775.0,1133.1699999999998,94.19210000000001,11775.0,738.315,94.5753,False,26.83223489482615,17.482497336122183
538774,3792,2.0966666666666667,1.1007,3792.0,13.215,1.1007,3792.0,4.515,1.1007,True,6.302861685214626,2.1534181240063592
538796,3494,103.985,99.7938,11775.0,1824.4233333333332,151.6779,3494.0,798.5949999999999,190.02089999999998,False,17.545062589155485,7.679905755637831
538831,3494,158.31,118.8818,11775.0,1223.0016666666668,98.879,11775.0,646.4866666666666,108.6357,False,7.725359526667089,4.083675489019433
538848,10972,1.5599999999999998,1.0949,10972.0,10.175,0.8455,10972.0,3.7583333333333333,0.8455,True,6.522435897435899,2.4091880341880345
538882,3494,105.78333333333333,107.1805,3494.0,1193.8216666666667,99.2762,3494.0,406.1716666666667,99.435,True,11.28553647392469,3.8396565306443993
538892,3494,100.68166666666666,65.0547,3494.0,1018.6266666666667,83.7238,3494.0,355.90166666666664,83.7238,True,10.117300402257943,3.5349202933337747
538904,3494,74.78166666666667,86.424,3494.0,947.4016666666666,78.7829,3494.0,323.77166666666665,78.9417,True,12.668902805946198,4.329559383984488
538954,6352,22.30666666666667,18.7772,6352.0,118.60333333333332,9.8669,6352.0,40.035,9.8669,True,5.31694560669456,1.7947549312612072
538966,3494,112.70166666666667,86.8942,3494.0,911.875,75.86760000000001,3494.0,470.805,78.4472,True,8.091051596397568,4.177444876591592
538984,3494,32.35666666666667,25.0857,3494.0,634.5116666666667,52.762699999999995,3494.0,366.01666666666665,54.0225,True,19.609920675800968,11.311939837230863
539042,6502,32.55833333333333,32.3211,,,,,,,False,,
539055,3523,167.35166666666666,142.58270000000002,3523.0,1620.6366666666665,134.773,3523.0,544.6,134.7753,True,9.684018683211999,3.254225134696398
539083,6502,29.601666666666667,20.2464,,,,,,,False,,
539100,28254,18.935,8.0769,28254.0,96.38166666666666,8.0034,28254.0,48.79666666666667,8.0769,True,5.0901329108353135,2.577061878355779
539116,6580,32.40833333333333,43.814800000000005,6580.0,590.7433333333333,49.0824,6580.0,261.56166666666667,49.6089,True,18.22813062483929,8.070815119568012
539156,6919,16.76,7.0172,6919.0,61.44166666666667,5.117,6919.0,23.206666666666667,5.117,True,3.665970564836913,1.384645982498011
539166,3494,83.57666666666667,82.4249,3494.0,995.5400000000001,81.7866,3494.0,346.73333333333335,81.7866,True,11.911697842300484,4.148685837354924
539194,3494,128.31666666666666,106.1516,3494.0,995.3816666666667,82.794,3494.0,403.35333333333335,84.41080000000001,True,7.757228211456034,3.1434212235355243
539246,6502,61.16833333333333,73.5765,6502.0,1069.6833333333334,88.9332,6502.0,429.12833333333333,106.6973,True,17.487534399607643,7.015530911964252
539251,3727,105.70833333333333,108.712,3494.0,1994.3666666666666,165.7722,3494.0,910.6866666666666,178.7773,False,18.866692944422546,8.615088687426093
539254,11020,13.1,10.2536,11020.0,96.17333333333333,7.9976,11020.0,33.32333333333334,8.1085,True,7.34147582697201,2.5437659033078885
539260,3494,60.626666666666665,57.6009,3494.0,697.3199999999999,56.9626,3494.0,247.25833333333333,56.9626,True,11.501869364416098,4.0783758522102485
539302,3494,5.175,5.8948,3494.0,62.79666666666667,5.2173,3494.0,37.93833333333334,5.2173,True,12.13462157809984,7.33107890499195
539306,8269,53.10666666666667,56.996,6502.0,771.2433333333333,64.0296,6502.0,258.2633333333333,64.0433,False,14.522533266382123,4.863105699221692
539320,6502,46.461666666666666,47.7443,6502.0,571.74,47.462900000000005,6502.0,191.15833333333333,47.462900000000005,True,12.305628295727661,4.1143236359723065
539402,6919,24.918333333333333,24.530900000000003,6502.0,557.1533333333333,46.3078,6502.0,198.32833333333335,49.063,False,22.35917329944485,7.959133168349944
539447,6733,58.915,29.6191,6733.0,448.69666666666666,29.3729,6733.0,198.5366666666667,34.7249,True,7.616000452629494,3.3698831650117405
539448,3494,179.54666666666665,141.21679999999998,11775.0,2014.35,167.4514,3494.0,905.9316666666667,198.35,False,11.219088816278035,5.045661295113621
539482,6502,25.64333333333333,19.203799999999998,6502.0,231.43833333333333,19.2501,6502.0,108.00333333333333,19.2804,True,9.02528272455479,4.211750942415183
539514,3494,18.381666666666668,25.593700000000002,3494.0,299.7066666666667,24.9128,3494.0,100.94166666666666,25.1206,True,16.304651373651286,5.491431680116057
539601,6359,137.56166666666667,107.9851,,,,,,,False,,
539613,6359,9.091666666666667,7.0977,15835.0,48.96,4.0703000000000005,15835.0,18.746666666666666,4.2238999999999995,False,5.385151237396884,2.061961503208066
539785,11020,4.333333333333333,2.7783,11020.0,29.6,2.4593000000000003,11020.0,13.548333333333334,2.5808,True,6.830769230769231,3.1265384615384617
539789,6502,57.94666666666667,61.528400000000005,6502.0,736.5400000000001,61.162,6502.0,246.0,61.162,True,12.710653474459273,4.245283018867924
539809,6359,152.37166666666664,129.5097,,,,,,,False,,
539815,3754,116.635,106.2952,3754.0,1262.365,104.9567,3754.0,507.8666666666667,105.448,True,10.823209156771123,4.3543247452880065
539904,8269,69.65,74.6301,6502.0,976.1833333333333,80.9946,6502.0,329.43,81.0564,False,14.015553960277577,4.729791816223977
539945,3494,157.91666666666666,124.3251,11775.0,1388.525,115.434,11775.0,627.35,116.2812,False,8.792770448548813,3.9726649076517155
539972,3792,4.053333333333333,2.649,3792.0,31.87,2.649,3792.0,10.818333333333333,2.649,True,7.8626644736842115,2.6689967105263164
540003,3494,267.4316666666667,216.8474,3494.0,3165.798333333333,263.193,3494.0,1487.5016666666668,282.72459999999995,True,11.837784106843491,5.56217476115394
540031,6359,119.765,103.2302,,,,,,,False,,
540041,6502,49.29333333333333,49.0643,,,,,,,False,,
540042,8269,4.505,3.161,8269.0,37.35666666666667,3.1077,8269.0,15.428333333333335,3.161,True,8.292267850536442,3.424713281539031
540058,6732,55.07833333333333,46.9478,6732.0,620.7,51.609,6732.0,316.55333333333334,51.8273,True,11.269404181922717,5.7473295609283745
540084,3792,60.755,44.6858,3792.0,537.3083333333333,44.660599999999995,3792.0,209.605,44.660599999999995,True,8.843853729459852,3.4500041148876632
540142,3494,267.98833333333334,208.30689999999998,3494.0,3144.0316666666668,261.3795,3494.0,1476.1583333333333,280.9112,True,11.731972162967294,5.50829327147326
540224,3792,26.709999999999997,22.3858,3792.0,803.2333333333333,66.77839999999999,3655.0,308.71500000000003,75.3216,True,30.07238237863472,11.55803070011232
540247,3727,276.75166666666667,200.9392,3494.0,2931.7766666666666,243.7224,3494.0,1404.7133333333334,263.2286,False,10.593528494257788,5.075717701188189
540315,3494,279.10833333333335,214.3291,3494.0,3101.741666666667,257.8682,3494.0,1462.0033333333333,277.3999,True,11.113038545367688,5.238121398501179
540413,6502,78.95,88.10810000000001,6502.0,1242.4066666666665,103.2972,6502.0,487.1116666666667,121.1284,True,15.736626556892546,6.169875448596158
540414,37376,80.17166666666667,60.4651,11775.0,645.775,53.6907,11775.0,235.85166666666666,53.7869,False,8.054903020601625,2.941833149699603
540432,3494,79.48833333333333,89.6917,3494.0,984.64,81.8786,3494.0,336.205,82.03739999999999,True,12.387226637032688,4.229614408823098
540454,6359,137.82333333333332,108.09339999999999,,,,,,,False,,
540507,6352,12.205,4.773,6352.0,130.01000000000002,10.8235,6352.0,67.05666666666667,11.4221,True,10.652191724702993,5.494196367608904
540613,6502,123.12333333333332,96.5443,6502.0,1542.0666666666666,128.20239999999998,6502.0,699.34,129.9694,True,12.52456886049219,5.679995668300079
540731,3792,8.573333333333332,7.8108,3792.0,68.43666666666667,5.6822,3792.0,23.75,5.6822,True,7.982503888024884,2.7702177293934684
540768,6502,48.75666666666667,50.9898,6502.0,608.6016666666667,50.5361,6502.0,203.51000000000002,50.5361,True,12.482429753196143,4.173993300061531
540787,4370,118.68,107.6685,4370.0,1229.6566666666665,102.26310000000001,30057.0,594.4216666666667,105.30239999999999,True,10.361111111111109,5.0086085833052465
540808,8269,55.64833333333333,59.7113,6502.0,798.5633333333334,66.3001,6502.0,267.875,66.3536,False,14.350175207403638,4.813711102458893
540859,6732,24.220000000000002,11.9759,23733.0,233.05333333333334,17.6583,23733.0,131.15833333333333,17.8697,False,9.622350674373795,5.415290393614092
540865,6359,162.64,132.2871,,,,,,,False,,
540903,6502,48.50666666666667,40.3176,6502.0,485.9533333333333,40.3639,6502.0,167.55166666666668,41.5225,True,10.018279274326552,3.454198735568994
541013,3727,228.8383333333333,238.948,11775.0,3829.648333333333,318.3911,11775.0,1915.1116666666667,348.9569,False,16.735169661260134,8.36884117608501
541038,8269,81.48666666666666,73.59410000000001,6502.0,970.075,80.5506,6502.0,324.585,80.5706,False,11.904708336742209,3.9832896997463796
541040,6580,75.68166666666666,56.2046,6580.0,553.0833333333334,45.9212,6580.0,187.39666666666665,46.4476,True,7.308022638683963,2.476117069303442
541045,6732,15.703333333333335,11.0953,28254.0,442.64666666666665,36.7472,28254.0,285.9,36.8814,False,28.188070473360217,18.20632562088728
541107,3494,109.44166666666666,99.5504,11775.0,1933.6399999999999,160.76489999999998,3494.0,771.1716666666667,185.3568,False,17.668225081854867,7.046417421761975
541185,30057,37.33833333333334,41.5532,30057.0,541.3083333333333,45.0035,30057.0,259.1166666666667,46.418800000000005,True,14.497388742579115,6.939695576485291
541237,4370,32.251666666666665,37.3076,4370.0,594.6566666666666,49.4259,30057.0,211.37333333333333,52.465199999999996,True,18.43801353935197,6.553873184848329
541341,3754,10.326666666666666,9.699,3754.0,114.34666666666666,9.505700000000001,3754.0,39.294999999999995,9.505700000000001,True,11.072950290510006,3.8051969012265974
541402,6732,20.466666666666665,20.524900000000002,6732.0,330.44166666666666,27.471799999999998,6732.0,113.34833333333333,27.652900000000002,True,16.145358306188925,5.538192182410424
541462,3494,149.12333333333333,120.5715,11775.0,1315.5166666666667,109.35889999999999,11775.0,599.475,110.2061,False,8.821668864698124,4.019994635313052
541483,3655,234.15333333333334,173.9744,3655.0,2033.5433333333335,169.0578,3655.0,684.0783333333333,169.6359,True,8.684665319021724,2.9214973094553423
541533,3494,14.268333333333334,14.6099,3494.0,175.73666666666668,14.6099,3494.0,58.695,14.6099,True,12.316551804695713,4.113654946852003
541547,11020,4.121666666666667,3.0406999999999997,11020.0,11.345,0.9416,11020.0,4.846666666666667,0.9931,True,2.7525272947836634,1.1758997169429841
541556,3727,232.78833333333333,174.7196,3494.0,2487.52,206.7887,3494.0,1254.7466666666667,225.5431,False,10.685758879668942,5.390075390376093
541582,6918,63.84166666666667,56.423,6918.0,607.6833333333333,50.546099999999996,6918.0,286.0833333333333,54.902,True,9.518600704868815,4.481138232606709
541766,6919,37.195,32.7774,6502.0,557.1533333333333,46.3078,6502.0,198.32833333333335,49.063,False,14.979253483891203,5.332123493301071
541778,3494,66.35666666666667,75.7912,3494.0,802.5550000000001,66.7021,3494.0,273.415,66.91,True,12.094564725975788,4.120384789270106
541819,3523,193.76000000000002,171.5946,3523.0,2030.1316666666667,168.826,3523.0,678.4266666666666,168.8321,True,10.47755814753647,3.501376273052573
541869,3494,125.70833333333333,104.5709,3494.0,976.3716666666667,81.2133,3494.0,397.0133333333333,82.8301,True,7.7669605568445474,3.1582101425256877
541885,3523,72.01333333333334,50.776199999999996,3523.0,1058.2116666666666,87.9818,3523.0,541.1466666666666,90.5073,True,14.69466302536567,7.514534345491575
541901,6502,27.959999999999997,28.827599999999997,6502.0,343.315,28.477700000000002,6502.0,115.01666666666667,28.477700000000002,True,12.278791130185981,4.113614687649023
541926,3770,65.435,46.3392,3770.0,533.9716666666667,44.4048,3770.0,183.78833333333333,44.4048,True,8.160337230330354,2.8087160286289192
541957,6919,15.785,13.8996,,,,,,,False,,
541967,3727,239.375,258.2865,11775.0,3724.475,309.669,11775.0,1893.645,339.7713,False,15.559164490861619,7.910788511749347
542080,6732,12.406666666666666,8.3077,6732.0,99.02666666666667,8.221,6732.0,34.913333333333334,8.221,True,7.981730252552392,2.8140784524449223
542155,6352,23.845000000000002,14.8926,6352.0,178.98333333333332,14.8844,6352.0,61.055,14.8926,True,7.50611588732788,2.5604948626546444
542244,3494,268.375,209.1383,3494.0,3087.7283333333335,256.7002,3494.0,1457.2616666666665,276.23179999999996,True,11.505275578326348,5.429945660611706
542249,4370,53.934999999999995,54.9394,4370.0,591.125,49.1515,30057.0,210.44500000000002,52.1908,True,10.959951793825903,3.901826272364884
542270,6733,83.74333333333334,76.9893,6502.0,1109.3883333333333,92.1175,6502.0,377.71666666666664,92.1792,False,13.247482386657643,4.510408788759303
542287,4370,11.073333333333332,11.2802,4370.0,171.15833333333333,14.2162,4370.0,96.87333333333332,14.3749,True,15.456803130644191,8.748344370860927
542293,3494,81.13333333333334,52.4016,3494.0,932.9516666666666,76.59710000000001,3494.0,326.52166666666665,76.59710000000001,True,11.498993426458503,4.0245069843878385
542349,6502,72.65333333333334,70.3903,,,,,,,False,,
542360,6352,22.154999999999998,14.5557,6352.0,139.21666666666667,11.579600000000001,6352.0,69.07,16.4366,True,6.283758369066427,3.117580681561724
542380,6502,31.691666666666666,30.801099999999998,6502.0,371.275,30.8475,6502.0,124.81166666666667,30.8778,True,11.715224822508546,3.938311859058638
542408,6580,37.855000000000004,40.3412,6580.0,471.01166666666666,39.117599999999996,6580.0,163.065,39.6441,True,12.442521903755557,4.307621186104873
542480,6502,62.99,61.099599999999995,,,,,,,False,,
542532,3727,94.90333333333334,108.2684,3727.0,2614.6583333333333,217.43929999999997,3727.0,1315.0566666666666,217.9793,True,27.550753398194654,13.856801657827262
542594,6359,155.16833333333335,129.1856,,,,,,,False,,
542648,3792,3.4883333333333337,3.541,3792.0,34.745,2.8921,3792.0,13.626666666666667,2.8921,True,9.960344003822263,3.906354515050167
542649,4370,41.095,35.381800000000005,4370.0,439.09666666666664,36.468599999999995,4370.0,216.62333333333333,39.6454,True,10.6849170620919,5.271281988887537
542670,3523,157.90666666666667,175.2268,3523.0,1962.0416666666667,163.1237,3523.0,655.24,163.132,True,12.425325086549018,4.149539812547497
542692,8269,67.38666666666667,65.87010000000001,6502.0,810.3683333333333,67.30080000000001,6502.0,270.7683333333333,67.30080000000001,False,12.025648001582905,4.018129204590423
542729,6502,70.19,68.1318,,,,,,,False,,
542743,3494,24.725,22.740599999999997,3494.0,455.8016666666666,37.8851,3494.0,308.0833333333333,38.4467,True,18.434850016852035,12.46039770812268
542746,6580,27.111666666666668,22.449,6580.0,262.005,21.7583,6580.0,96.93333333333334,21.7982,True,9.663920821294646,3.5753365709719063
542823,3727,41.61333333333334,30.351,3727.0,331.0316666666667,27.523,3727.0,120.18666666666667,27.916700000000002,True,7.954942326177507,2.8881768663889775
542834,8269,107.555,87.3073,6502.0,1278.9199999999998,94.1002,6502.0,577.3783333333333,94.06039999999999,False,11.89084654362884,5.3682147118528505
542850,3523,57.294999999999995,58.3125,3523.0,700.0083333333333,58.2081,3523.0,250.34333333333333,58.2139,True,12.217616429589553,4.369374872734678
542853,4370,23.51833333333333,19.7152,4370.0,313.37,26.0334,4370.0,180.83666666666667,26.0334,True,13.324498618099357,7.68917865495004
542857,8269,55.333333333333336,58.7452,6502.0,789.5866666666666,65.5545,6502.0,264.72166666666664,65.5746,False,14.269638554216865,4.784126506024096
542865,6352,20.618333333333332,13.4614,6352.0,162.04333333333335,13.4614,6352.0,54.501666666666665,13.4649,True,7.859186807857086,2.6433594697275886
542873,11775,136.11166666666665,115.2909,3792.0,1099.9266666666667,91.4385,3792.0,397.52166666666665,91.44510000000001,False,8.081060893629006,2.9205554263043827
542884,6502,22.69333333333333,31.0145,6502.0,908.1533333333333,75.44069999999999,6502.0,482.405,75.6097,True,40.018507638072855,21.257564629847238
542892,8269,64.285,64.2567,6502.0,876.6133333333333,72.7837,6502.0,296.1183333333333,72.8371,False,13.636358922506547,4.60633636670037
542959,6502,93.24499999999999,63.547,,,,,,,False,,
542972,6580,44.14833333333333,58.1217,6580.0,590.7433333333333,49.0824,6580.0,261.56166666666667,49.6089,True,13.38087508022198,5.924610215561176
542976,3754,33.57,33.7765,3754.0,349.2866666666667,29.0458,3754.0,117.86666666666666,29.1333,True,10.404726442259955,3.5110713931089266
543086,4370,59.519999999999996,75.535,4370.0,1223.3483333333331,101.6297,30057.0,809.8916666666667,127.5857,True,20.55356742831541,13.607050851254481
543098,3655,9.376666666666667,6.6185,3655.0,85.62833333333333,7.1164,3655.0,31.251666666666665,7.1959,True,9.132065410593672,3.3329185922502664
543100,30057,20.92,24.4325,30057.0,315.87,26.281,30057.0,132.95833333333334,27.9057,True,15.098948374760994,6.355560866794137
543101,3494,117.11166666666666,88.6581,3494.0,933.0583333333333,77.6316,3494.0,488.62333333333333,80.21119999999999,True,7.967253476027153,4.172285710219591
543112,6502,37.03666666666666,39.124,6502.0,468.04,38.8425,6502.0,156.375,38.8425,True,12.637206372063723,4.222167221672217
543171,6502,62.73833333333334,61.3558,,,,,,,False,,
543235,15598,14.776666666666667,6.3142,15598.0,74.91333333333334,6.2395,15598.0,25.711666666666666,6.2395,True,5.069704489059328,1.7400180464696593
543251,3494,157.84833333333333,128.5277,11775.0,2076.5683333333336,172.6411,3494.0,869.2933333333333,190.3893,False,13.15546568963879,5.507142932561847
543311,30057,32.718333333333334,36.9957,30057.0,666.12,55.378699999999995,30057.0,303.30333333333334,56.7055,True,20.359227752024857,9.270133971779329
543313,3727,12.708333333333334,17.9035,3727.0,2656.1216666666664,220.8504,3727.0,1582.74,221.4665,True,209.00629508196718,124.54347540983606
543528,6502,70.0,78.3604,6502.0,1127.1333333333334,93.7171,6502.0,466.22333333333336,111.4812,True,16.101904761904763,6.660333333333334
543560,6919,27.861666666666668,27.9049,6502.0,557.1533333333333,46.3078,6502.0,198.32833333333335,49.063,False,19.997128671412334,7.118322665550039
543637,6732,49.318333333333335,40.5815,6732.0,465.6566666666667,38.6865,6732.0,174.66,38.6865,True,9.441857321482884,3.541482207427934
543707,11775,122.73833333333333,104.753,35125.0,1209.0966666666668,100.508,35125.0,610.2116666666666,101.49210000000001,False,9.851010958271663,4.97164699971484
543722,6502,41.80833333333333,49.2888,6502.0,974.0216666666668,80.9516,6502.0,335.87333333333333,82.4095,True,23.297309148893767,8.033645604943194
543744,4370,68.43333333333334,78.8275,4370.0,1190.6716666666666,98.9169,30057.0,784.8566666666667,124.87289999999999,True,17.39900146127618,11.468923526546517
543786,3494,12.25,16.9453,3494.0,203.84666666666666,16.9453,3494.0,68.05333333333333,16.9453,True,16.640544217687076,5.555374149659864
543804,6580,44.49666666666667,42.946400000000004,6580.0,581.2066666666667,48.304199999999994,6580.0,201.13500000000002,48.6232,True,13.061802382200915,4.520226234174845
543827,6502,64.42666666666666,77.09519999999999,6502.0,1112.005,92.4518,6502.0,443.24,110.21589999999999,True,17.260011382450333,6.879759933774835
543855,6502,54.805,58.1471,6502.0,695.825,57.7806,6502.0,232.42666666666668,57.7806,True,12.696378067694555,4.2409755800869755
543866,15598,44.11333333333334,20.1516,15598.0,237.40333333333334,19.7618,15598.0,82.08833333333334,20.143099999999997,True,5.3816684298020245,1.8608508387486775
543909,30057,9.975,8.1536,10972.0,189.42000000000002,15.7455,10972.0,95.155,17.3658,False,18.98947368421053,9.53934837092732
543922,6580,24.78666666666667,32.0711,,,,,,,False,,
543971,30057,22.721666666666668,18.5948,4370.0,192.925,16.066399999999998,30057.0,74.455,18.3588,False,8.490794395951001,3.2768282843101297
544026,3494,80.25166666666668,87.9877,3494.0,941.84,78.278,3494.0,315.35166666666663,78.4858,True,11.736080247554566,3.9295341737450924
544033,6732,62.61333333333334,59.6079,6732.0,945.55,78.56819999999999,6732.0,415.90833333333336,78.5776,True,15.101416098807494,6.6424882879046
544045,6732,78.515,89.6666,6732.0,945.55,78.56819999999999,6732.0,415.90833333333336,78.5776,True,12.042921734700375,5.297183128489249
544051,3754,38.77833333333333,39.4513,3754.0,467.7816666666667,38.8987,3754.0,157.435,38.9863,True,12.062964713972582,4.059870202432631
544095,3523,14.776666666666667,19.836599999999997,3523.0,376.98333333333335,31.3428,3523.0,145.975,31.3607,True,25.512068576584706,9.878750281976087
544180,3523,2.0566666666666666,1.785,3523.0,20.21833333333333,1.6805999999999999,3523.0,7.495,1.6863,True,9.83063209076175,3.6442463533225284
544200,8269,10.778333333333334,9.3599,8269.0,104.84166666666667,8.7079,8269.0,40.32333333333334,9.7965,True,9.727075923921447,3.741147363537962
544217,4370,188.95,151.2186,4370.0,1721.4416666666666,143.1285,30057.0,1003.6016666666667,146.1679,True,9.11056716944518,5.311466878362883
544239,6359,184.86333333333332,151.0588,6918.0,580.6983333333334,48.3022,6918.0,265.07666666666665,52.658199999999994,False,3.141230458536938,1.4339061288519448
544292,4370,204.89333333333335,159.885,4370.0,1810.6216666666667,150.53889999999998,30057.0,1063.52,153.57829999999998,True,8.836898874210972,5.1906032407106135
544316,3523,67.11,71.2085,3523.0,750.9050000000001,62.405,3523.0,268.45666666666665,66.45739999999999,True,11.189167039189392,4.00024834848259
544327,6502,28.011666666666667,37.9089,6502.0,847.115,70.4097,6502.0,288.60999999999996,71.73939999999999,True,30.2415065151425,10.303206997084546
544362,6580,69.99666666666667,54.314,6580.0,553.0833333333334,45.9212,6580.0,187.39666666666665,46.4476,True,7.9015667412733945,2.677222724891661
544489,3754,73.09666666666666,69.5384,3754.0,820.2966666666667,68.20819999999999,3754.0,327.73499999999996,68.6912,True,11.22208035022117,4.4835833827351905
544493,6502,51.13166666666667,53.9709,6502.0,645.5400000000001,53.6044,6502.0,215.67166666666665,53.6044,True,12.625052967828157,4.217966687310538
544537,3523,14.973333333333333,17.9821,3523.0,280.70166666666665,23.3469,3523.0,94.27,23.3579,True,18.746772039180765,6.295859305431879
544565,6502,41.68,28.2134,,,,,,,False,,
544584,3727,105.185,116.24889999999999,3494.0,2293.0966666666664,190.6176,3494.0,783.2683333333333,190.83010000000002,False,21.800605282755775,7.446578251018047
544601,37376,50.608333333333334,32.840900000000005,8154.0,354.89166666666665,29.5065,37376.0,199.65833333333333,35.0013,False,7.012514408035567,3.94516713321258
544626,8269,49.75333333333333,36.891,6502.0,1088.26,90.3839,6502.0,375.10833333333335,90.39760000000001,False,21.87310732949216,7.539360846844433
544628,3727,147.515,151.1097,3494.0,1938.48,161.11929999999998,3494.0,673.935,161.3272,False,13.140900925329628,4.5685862454665624
544644,4370,69.19166666666666,94.59639999999999,4370.0,1463.3016666666667,121.5421,4370.0,896.67,125.3708,True,21.148524629651934,12.959219559195471
544687,6502,45.00333333333333,39.0484,,,,,,,False,,
544699,6733,26.171666666666667,20.215799999999998,6733.0,328.0433333333333,17.7219,6733.0,188.46833333333333,23.7238,True,12.534292810291026,7.201235432719862
544781,8269,56.94166666666667,59.9192,6502.0,805.52,66.8757,6502.0,269.65333333333336,66.89580000000001,False,14.146407141811794,4.735606614956827
544784,6502,54.434999999999995,54.8715,6502.0,655.2016666666666,54.4179,6502.0,219.04833333333332,54.4179,True,12.036404274210833,4.024034781543738
544813,8269,47.9,30.5125,6502.0,1201.5,99.78689999999999,6502.0,401.62,99.8006,False,25.083507306889352,8.38455114822547
544825,4370,29.986666666666668,31.3428,4370.0,367.86333333333334,30.5578,4370.0,184.66333333333333,33.5447,True,12.267563361493997,6.15818141396176
544894,3494,62.333333333333336,36.1031,3494.0,413.56333333333333,34.3642,3494.0,255.67833333333334,34.6569,True,6.634705882352941,4.101791443850267
544921,3727,80.855,58.0032,3494.0,1976.6100000000001,164.2864,3494.0,790.045,177.2915,False,24.44635458536887,9.771133510605404
544933,3770,56.82,40.5177,3770.0,406.07,33.7659,3770.0,135.91666666666666,33.7659,True,7.146603308694122,2.3920567875161325
545044,6502,60.95666666666667,49.2779,,,,,,,False,,
545048,3523,195.21833333333333,204.0079,3523.0,2306.8866666666668,191.8116,3523.0,770.7933333333333,191.82,True,11.816957082241252,3.9483655052889497
545071,6918,46.405,39.5713,6502.0,1240.7416666666666,103.0514,6502.0,561.6633333333334,103.0651,False,26.73724095823007,12.103508960959669
545072,30057,21.871666666666666,22.508599999999998,30057.0,248.57999999999998,20.6786,30057.0,105.34333333333333,21.0235,True,11.36538901165892,4.816429170159262
545086,4370,139.09833333333333,121.2261,4370.0,1392.7566666666667,115.8206,30057.0,730.45,118.8599,True,10.01274877484753,5.251321007920057
545213,6502,53.57833333333333,65.123,6502.0,1105.995,91.9565,6502.0,394.945,98.18660000000001,True,20.642579400877217,7.371356580707375
545228,6918,55.11833333333333,54.3475,6502.0,1731.7733333333333,143.9476,6502.0,862.48,145.6293,False,31.41918901756826,15.647788092286294
545270,3727,90.98166666666665,96.5888,3494.0,1852.6666666666667,154.0222,3494.0,618.8383333333334,154.2301,False,20.36307681034641,6.801791569730167
545334,3523,80.16000000000001,82.1563,3523.0,2439.3799999999997,202.8169,3523.0,822.14,204.10739999999998,True,30.431387225548892,10.256237524950098
545337,3727,53.57,73.5783,3494.0,2612.233333333333,217.1979,3494.0,917.49,217.8582,False,48.76298923526849,17.12693671831249
545360,8154,71.22,56.0409,8154.0,565.8566666666667,47.048300000000005,37376.0,352.0383333333333,52.9709,True,7.945193297762801,4.94297013947393
545409,4370,29.245,28.115099999999998,4370.0,265.83166666666665,22.120900000000002,30057.0,112.98,25.1289,True,9.089815922949791,3.8632244828175755
545449,3754,100.25,101.1177,3754.0,1199.9183333333335,99.7792,3754.0,404.2966666666667,100.2705,True,11.969260182876145,4.032884455527848
545475,8269,57.281666666666666,60.1442,6502.0,808.235,67.1006,6502.0,270.56,67.1207,False,14.109837353428963,4.7233262533096685
545478,35125,33.983333333333334,23.357599999999998,35125.0,224.53833333333333,18.659,35125.0,85.87833333333333,18.659,True,6.607307503678273,2.5270720941638056
545516,3655,320.5383333333333,209.8605,3655.0,2496.4166666666665,207.5191,3655.0,839.7266666666667,208.1238,True,7.788200059275282,2.619738668801964
545519,3494,67.62833333333333,56.5451,3494.0,554.8116666666666,46.156400000000005,3494.0,206.06,46.156400000000005,True,8.203834684673582,3.0469477782980507
545528,6732,5.633333333333334,3.4004000000000003,6732.0,39.825,3.3034,6732.0,15.231666666666666,3.3034,True,7.069526627218935,2.7038461538461536
545530,3655,24.408333333333335,23.424799999999998,3655.0,219.91833333333335,18.2855,3655.0,78.76666666666667,18.2855,True,9.009969272789348,3.2270399453738476
545546,6502,91.63333333333334,62.8744,,,,,,,False,,
545572,3494,216.75166666666667,174.02720000000002,3494.0,2620.923333333333,217.8928,3494.0,1283.3633333333335,218.10629999999998,True,12.091825514605809,5.920892572913703
545607,3523,45.958333333333336,44.3812,3523.0,637.5816666666667,53.0009,3523.0,274.77333333333337,53.018800000000006,True,13.87303717135086,5.978748866727108
545650,3727,139.73,120.4185,3494.0,2673.5433333333335,222.3089,3494.0,956.2900000000001,222.9692,False,19.13363868412892,6.843841694696916
545685,6919,47.465,56.1624,6502.0,926.5866666666666,76.99289999999999,6502.0,374.2366666666667,79.796,False,19.521471961796408,7.884476280768285
545744,3727,97.47166666666666,95.4681,3494.0,1621.785,134.7912,3494.0,566.1633333333334,136.5324,False,16.638527435323088,5.808491356462563
545785,6732,13.543333333333333,7.6946,6732.0,91.69166666666666,7.608,6732.0,43.431666666666665,7.608,True,6.770243662318483,3.206866847157273
545809,8269,14.696666666666665,12.9393,8269.0,143.36833333333334,11.914399999999999,8269.0,53.17333333333333,13.0029,True,9.755159900204129,3.6180539804944436
545835,3494,129.26833333333335,110.34530000000001,3494.0,1912.1533333333332,158.9214,3494.0,665.6116666666666,159.135,True,14.792124908136818,5.149069764443469
545891,3727,130.64333333333335,130.6315,3727.0,2339.5816666666665,194.5626,3727.0,1217.6333333333334,195.0867,True,17.908159620340363,9.320286785905646
545913,3494,61.95333333333333,49.6714,3494.0,579.0016666666667,48.1449,3494.0,202.0883333333333,50.225699999999996,True,9.345771010437964,3.261944474335521
545924,11775,106.615,97.1066,3494.0,966.785,80.39869999999999,3494.0,407.29,86.79610000000001,False,9.068001688317779,3.8201941565445767
545951,3523,49.848333333333336,59.7651,3523.0,723.6583333333333,60.1633,3523.0,252.1,60.2125,True,14.517202179945834,5.057340599819452
546014,28254,18.96833333333333,8.0907,28254.0,96.54833333333333,8.017100000000001,28254.0,48.85166666666667,8.0907,True,5.089974518935068,2.575432738775152
546049,3754,27.001666666666665,27.392799999999998,3770.0,273.5433333333333,22.741,3770.0,91.78166666666667,22.7415,False,10.130609221652984,3.399111165977409
546066,30057,12.635,10.2972,30057.0,121.66166666666666,10.094299999999999,30057.0,50.669999999999995,10.1035,True,9.628940772985095,4.010288880094974
546157,6502,71.32166666666667,69.88419999999999,6502.0,1221.6833333333334,101.5423,6502.0,526.8349999999999,103.1263,True,17.12920337438366,7.3867454957586505
546201,11775,120.75166666666668,105.76989999999999,3494.0,1334.5733333333333,110.996,3494.0,598.1550000000001,111.12960000000001,False,11.052214600212556,4.953596223654608
546203,3494,194.53,160.12560000000002,11775.0,2178.4183333333335,181.1241,3494.0,911.7183333333334,198.8723,False,11.198367004232423,4.686774961873918
546212,4370,28.791666666666668,28.569599999999998,4370.0,370.4216666666667,30.7735,4370.0,187.32999999999998,34.279,True,12.865586107091172,6.506396526772792
546243,3655,114.61,90.814,3655.0,1093.4933333333333,90.9237,3655.0,404.815,91.659,True,9.540994095919496,3.5321088910217258
546292,6919,47.465,56.1624,6502.0,926.5866666666666,76.99289999999999,6502.0,374.2366666666667,79.796,False,19.521471961796408,7.884476280768285
546324,3494,116.83,107.3335,11775.0,1918.5666666666666,159.5037,3494.0,770.9683333333334,184.8471,False,16.42186652971554,6.599061314160176
546389,6502,50.49,62.182900000000004,6502.0,1129.3783333333333,93.8457,6502.0,383.2366666666667,95.3036,True,22.368356770317554,7.590347923681257
546523,6359,186.75666666666666,152.31529999999998,6918.0,607.285,50.5131,6918.0,285.95166666666665,54.869,False,3.2517446945222837,1.5311456976100808
546542,6352,25.253333333333334,15.8297,6352.0,163.10333333333335,13.5626,6352.0,75.41833333333334,17.9202,True,6.4586853220696945,2.986470432946146
546586,4370,7.906666666666666,6.9526,4370.0,119.91499999999999,9.9733,4370.0,91.74833333333332,9.9733,True,15.16631534569983,11.603920741989882
546610,6580,42.76833333333333,39.5419,6580.0,540.1883333333333,44.899699999999996,6580.0,187.78,45.2187,True,12.630567787693387,4.39063169790733
546651,4370,50.9,52.2667,4370.0,559.6716666666667,46.531400000000005,30057.0,199.71833333333333,49.570800000000006,True,10.995514079895221,3.9237393582187297
546709,6919,27.861666666666668,27.9049,6919.0,128.86833333333334,10.7019,6919.0,43.47666666666667,10.7019,True,4.625291619309685,1.5604474487049111
546789,6502,31.813333333333333,42.0216,6502.0,886.5416666666666,73.6844,6502.0,302.2916666666667,75.1423,True,27.866984492875105,9.502043168482817
546814,4370,27.029999999999998,25.9968,4370.0,402.3616666666667,33.4254,4370.0,202.44166666666666,37.988,True,14.88574423480084,7.489517819706499
546820,6359,181.04666666666665,147.7751,6918.0,607.285,50.5131,6918.0,285.95166666666665,54.869,False,3.354300916890673,1.5794362411164709
546830,6502,22.211666666666666,13.443299999999999,6502.0,160.92333333333332,13.3774,6502.0,114.115,13.4409,True,7.244991370901178,5.1376153672994676
546859,3727,137.86833333333334,138.8108,3494.0,2210.5466666666666,183.8212,3494.0,764.3483333333334,183.9811,False,16.033752009767774,5.544045647417222
546895,3727,108.6,111.83760000000001,3494.0,1635.6716666666666,135.962,3494.0,546.6383333333334,136.16989999999998,False,15.061433394720687,5.033502148557399
547003,3727,266.17333333333335,291.0338,11775.0,3782.7183333333332,314.5437,11775.0,1898.175,344.646,False,14.211484997244902,7.1313492461052945
547032,6502,49.72,49.9114,6502.0,597.7733333333333,49.6299,6502.0,199.825,49.6299,True,12.022794314829714,4.019006436041834
547092,3494,99.27333333333333,60.840300000000006,11775.0,1834.945,152.5665,3494.0,968.5916666666667,207.1914,False,18.483765361627828,9.756816197703312
547102,6502,14.311666666666667,11.9818,6919.0,223.09166666666667,18.547,6919.0,75.04333333333334,18.547,False,15.588098288109933,5.243507627809479
547116,3727,255.215,277.1648,11775.0,3469.775,288.5133,11775.0,1793.2816666666665,318.6156,False,13.595497913523891,7.026552775764224
547126,6359,105.71000000000001,90.3615,,,,,,,False,,
547137,6502,62.065000000000005,74.54639999999999,6502.0,1081.325,89.903,6502.0,433.01166666666666,107.6671,True,17.422460323854022,6.97674481054808
547149,6918,45.49333333333333,48.3895,6502.0,1748.3899999999999,145.33010000000002,6502.0,867.1216666666667,147.0075,False,38.43178487690504,19.060411781946073
547158,3523,153.80666666666667,141.84220000000002,3523.0,1672.5,139.0736,3523.0,559.0383333333334,139.0796,True,10.874041003857656,3.634682068397556
547163,6502,17.355,18.249,6502.0,223.20833333333334,18.565099999999997,6502.0,76.96666666666667,18.7241,True,12.861327187169884,4.434841064054547
547241,6359,100.64166666666667,85.721,,,,,,,False,,
547248,3494,44.60333333333333,31.808,3494.0,365.56,30.398,3494.0,188.415,46.8463,True,8.195800014946567,4.224235856811897
547272,6502,83.49333333333334,78.542,,,,,,,False,,
547294,15598,28.763333333333332,14.161299999999999,15598.0,162.75833333333333,13.5427,15598.0,56.32666666666667,13.5427,True,5.658535172094101,1.9582802178699734
547314,6502,45.730000000000004,57.4149,6502.0,827.74,68.7565,6502.0,277.125,68.7565,True,18.100590422042423,6.060026240979663
547357,6502,14.966666666666667,14.7361,6502.0,201.07999999999998,16.7159,6502.0,75.77333333333333,18.4801,True,13.435189309576836,5.062806236080178
547362,3754,75.58500000000001,78.9434,3754.0,933.4233333333334,77.61319999999999,3754.0,314.6566666666667,78.0961,True,12.349319750391391,4.16295120284007
547368,37376,138.50666666666666,115.759,8154.0,1961.325,163.08089999999999,11775.0,928.5666666666667,191.1863,False,14.160509722757029,6.704129765113593
547414,6352,14.945,5.6815,6352.0,55.54666666666667,4.623600000000001,6352.0,33.608333333333334,4.623600000000001,True,3.716739154678265,2.2488011598081856
547486,6502,53.026666666666664,55.1776,6502.0,660.035,54.811099999999996,6502.0,220.62,54.811099999999996,True,12.447227809906964,4.160548151873272
547509,6359,85.08999999999999,69.7886,,,,,,,False,,
547524,6502,45.00333333333333,39.0484,,,,,,,False,,
547530,3727,193.53833333333333,196.961,3523.0,1764.5666666666666,146.753,3523.0,589.5683333333333,146.7618,False,9.117401376127038,3.046261291905996
547533,6919,27.955,22.5311,,,,,,,False,,
547535,6732,22.131666666666668,19.9117,6732.0,323.97166666666664,26.925900000000002,6732.0,112.235,27.43,True,14.638376383763836,5.071240304239777
547606,4370,49.785,51.8858,4370.0,558.9683333333334,46.4804,30057.0,201.78,49.5197,True,11.227645542499415,4.0530280204880995
547612,6502,54.485,53.8085,,,,,,,False,,
547643,3727,39.75666666666667,28.914099999999998,3727.0,315.475,26.228900000000003,3727.0,115.06166666666667,26.6225,True,7.935147145132892,2.8941477320365556
547644,6502,52.84,53.810300000000005,6502.0,642.4683333333334,53.3566,6502.0,214.80333333333334,53.3566,True,12.158749684582387,4.06516527882917
547646,3494,237.01666666666668,195.2321,3494.0,3141.4583333333335,261.1652,3494.0,1475.3033333333333,280.6969,True,13.254166373672737,6.224470852963926
547662,6732,13.958333333333334,9.3364,6732.0,111.43166666666666,9.2497,6732.0,39.04833333333333,9.2497,True,7.9831641791044765,2.7974925373134325
547686,6918,22.013333333333332,22.441,6918.0,207.5,17.248900000000003,6918.0,72.80166666666668,18.0134,True,9.426105390672321,3.3071623258631138
547774,3655,62.07,58.7518,3655.0,708.2833333333333,58.884800000000006,3655.0,240.12166666666664,59.308800000000005,True,11.411041297459857,3.8685623758122545
547778,3494,38.718333333333334,44.0846,3494.0,402.89833333333337,33.5039,3494.0,134.89666666666668,33.5039,True,10.405880074039,3.484051482932289
547860,6502,30.071666666666665,31.2825,,,,,,,False,,
547866,3523,22.666666666666668,18.6355,3523.0,213.475,17.7578,3523.0,72.125,17.7819,True,9.418014705882353,3.1819852941176467
547868,6502,6.428333333333333,7.9723999999999995,6919.0,207.28333333333333,17.232599999999998,6919.0,69.83166666666666,17.232599999999998,False,32.245268343271974,10.86310604096448
548023,6919,28.790000000000003,40.421800000000005,6502.0,794.6800000000001,66.0455,6502.0,277.5466666666667,68.80069999999999,False,27.602639805488018,9.640384392728956
548039,3727,114.65333333333334,104.7702,3727.0,2176.6266666666666,181.0059,3727.0,1304.95,181.61589999999998,True,18.984416792650308,11.381701360623328
548047,3754,33.193333333333335,27.0345,3754.0,322.805,26.8412,3754.0,112.475,27.7803,True,9.724994978911427,3.388481622815826
548102,6502,52.99,55.0764,6502.0,658.825,54.709900000000005,6502.0,220.44833333333332,54.754,True,12.433006227590111,4.160187456752846
548117,3655,41.84,32.671,3655.0,285.9,23.7765,3655.0,108.41000000000001,23.7895,True,6.8331739961759075,2.591061185468451
548313,3523,153.80666666666667,141.84220000000002,3523.0,1672.5,139.0736,3523.0,559.0383333333334,139.0796,True,10.874041003857656,3.634682068397556
548315,4370,144.38500000000002,124.8635,4370.0,1436.4883333333335,119.4549,30057.0,763.4300000000001,122.49589999999999,True,9.949013632533388,5.287460608789002
548367,6359,178.19833333333332,142.1834,,,,,,,False,,
548398,3727,131.72833333333332,117.0957,3494.0,2633.601666666667,218.9861,3494.0,942.9833333333333,219.6464,False,19.992674317092,7.158545997444236
548454,4370,83.93333333333334,98.25689999999999,4370.0,1471.9316666666666,122.3065,30057.0,934.0433333333333,148.26489999999998,True,17.53691421763304,11.128395552025417
548534,6502,48.53,50.3975,6502.0,603.5716666666667,50.116,6502.0,201.67999999999998,50.116,True,12.437083590905969,4.155779929940243
548545,6502,29.59,39.6105,6502.0,826.63,68.70819999999999,6502.0,281.77666666666664,70.0378,True,27.936127069956065,9.522699110059705
548552,6352,24.891666666666666,20.585,6352.0,118.60333333333332,9.8669,6352.0,40.035,9.8669,True,4.7647807164378975,1.6083696016069635
548555,6733,39.70666666666667,16.8805,6733.0,295.47,16.6343,6733.0,147.43166666666667,21.9864,True,7.441319677635997,3.713020483546004
548579,3727,140.86333333333332,159.49970000000002,3494.0,1823.5416666666667,151.6336,3494.0,634.8266666666666,151.7935,False,12.945467237748174,4.5066849665160085
548613,3494,97.01166666666667,94.0266,11775.0,1997.8516666666667,166.10129999999998,3494.0,757.995,182.09189999999998,False,20.593932001305685,7.8134416822718915
548634,4370,29.71333333333333,26.043599999999998,4370.0,329.01,27.3462,30057.0,152.73999999999998,36.4832,True,11.072806820731435,5.140453219654476
548656,3727,238.17999999999998,246.40720000000002,11775.0,4234.645,352.1355,11775.0,2167.03,383.7993,False,17.779179612058112,9.098287009824505
548734,8269,69.02666666666667,68.3995,6502.0,908.4533333333333,75.43310000000001,6502.0,303.9266666666666,75.44669999999999,False,13.160903998454701,4.403032644388641
548760,3494,84.05833333333334,92.024,3494.0,990.38,82.3143,3494.0,331.53333333333336,82.52210000000001,True,11.782056111827103,3.944086447903242
548815,30057,21.4,24.643900000000002,30057.0,355.9866666666667,29.618,30057.0,146.54500000000002,31.244799999999998,True,16.63489096573209,6.847897196261683
548830,6580,18.709999999999997,15.5816,6580.0,180.29166666666666,14.9807,6580.0,60.95666666666667,15.0206,True,9.636112595759844,3.2579725636914314
548840,6359,178.23166666666665,142.18179999999998,6918.0,580.6983333333334,48.3022,6918.0,265.07666666666665,52.658199999999994,False,3.258109763510039,1.487259091631678
548854,6359,184.71,150.9566,6918.0,592.6183333333333,49.2939,6918.0,275.0083333333333,53.649800000000006,False,3.2083716817353327,1.4888654286900185
548901,6919,24.384999999999998,29.7773,6502.0,659.8483333333334,54.8293,6502.0,232.61166666666668,57.5846,False,27.05959948055499,9.53912924612125
548916,28254,17.086666666666666,9.4754,28254.0,114.16000000000001,9.4754,28254.0,71.40833333333333,10.2972,True,6.68123293015997,4.179184549356223
548931,6918,14.323333333333332,13.9278,27733.0,209.19666666666666,17.3756,27733.0,73.22666666666667,17.3756,False,14.605306027461019,5.112404002792647
549021,3494,112.12333333333332,105.9817,11775.0,1902.0216666666668,158.129,3494.0,751.5216666666668,180.51489999999998,False,16.96365609299284,6.702634004221544
549023,6502,60.38333333333333,62.5855,6502.0,1133.725,94.2372,6502.0,415.17,97.20439999999999,True,18.77546232404085,6.875572729781949
549048,4370,19.81833333333333,16.2749,4370.0,234.89833333333334,19.5149,4370.0,121.05,20.2043,True,11.852577579682114,6.107980825834665
549137,3494,274.64666666666665,213.2261,3494.0,3115.4950000000003,259.01079999999996,3494.0,1466.5583333333334,278.5425,True,11.343647595698718,5.3398002281719545
549147,8269,9.661666666666667,9.4643,8269.0,121.25,10.0885,8269.0,42.080000000000005,10.3496,True,12.549594617905813,4.355356218733828
549162,6919,25.555,26.3707,6919.0,128.86833333333334,10.7019,6919.0,43.47666666666667,10.7019,True,5.042783538772582,1.7012978543011805
549229,6359,178.17000000000002,142.1542,6918.0,592.6183333333333,49.2939,6918.0,275.0083333333333,53.649800000000006,False,3.3261398290022637,1.5435164917400983
549294,3792,16.821666666666665,11.3073,3792.0,124.14166666666667,10.318299999999999,3792.0,84.235,10.4985,True,7.379867234717131,5.007529971267215
549325,6502,78.45,87.74130000000001,6502.0,1237.9883333333335,102.93039999999999,6502.0,485.84166666666664,120.7616,True,15.780603356702784,6.193010410027618
549388,6502,26.15,22.1081,6502.0,264.0383333333333,21.9485,6502.0,89.77833333333334,21.9795,True,10.097068196303377,3.4332058636073937
549404,3494,127.41666666666667,109.9162,3494.0,1970.975,163.8611,3494.0,920.6316666666667,164.069,True,15.46873773708306,7.225362982341399
549422,6919,15.861666666666668,18.6285,6502.0,556.5283333333333,46.255900000000004,6502.0,198.12,49.0111,False,35.086371755805395,12.490490700851108
549426,11020,7.739999999999999,5.5645,11470.0,52.655,4.3852,11470.0,29.688333333333333,4.4736,False,6.802971576227391,3.8357019810508186
549440,3494,82.49499999999999,91.6955,3494.0,1008.7316666666667,83.8825,3494.0,344.23499999999996,84.0413,True,12.227791583328283,4.172798351415238
549448,6502,36.443333333333335,48.4069,6502.0,1104.0666666666666,91.7624,6502.0,453.6616666666667,93.2884,True,30.295435836458424,12.448413061373822
549470,6359,110.29833333333333,93.3463,6918.0,580.1133333333333,48.2534,6918.0,264.5883333333333,52.609300000000005,False,5.2594931927046344,2.3988425331298444
549552,8269,62.858333333333334,61.873400000000004,6502.0,821.6133333333333,68.2133,6502.0,275.21666666666664,68.2667,False,13.070873657695877,4.37836404613549
549563,3754,19.246666666666666,22.2331,3770.0,211.48666666666668,17.5812,3770.0,71.07166666666667,17.5817,False,10.988223068929686,3.692674056113613
549571,6919,50.019999999999996,33.850199999999994,,,,,,,False,,
549584,6919,19.501666666666665,12.5338,6919.0,84.64,7.0366,6919.0,60.42333333333333,7.0366,True,4.340141868216392,3.098367660883685
549618,3494,36.91166666666666,24.291,3494.0,272.83166666666665,22.676299999999998,3494.0,153.67666666666668,23.1436,True,7.3914751433602754,4.163362983699825
549646,3770,21.483333333333334,22.6221,3770.0,230.22833333333335,19.1279,3770.0,79.84833333333333,19.1283,True,10.716602017067494,3.716757176105508
549677,6502,34.70333333333333,46.0373,6502.0,810.9866666666666,67.3742,6502.0,462.45,67.3742,True,23.3691288060705,13.325809240226683
549773,6918,74.38833333333334,57.564800000000005,6502.0,761.175,63.2274,6502.0,254.465,63.2274,False,10.232451325252615,3.420764904891
549792,3655,27.415000000000003,23.9587,3655.0,172.36333333333332,14.331299999999999,3655.0,62.961666666666666,14.366100000000001,True,6.287190710681499,2.2966137759134293
549818,8269,49.76833333333333,36.8971,6502.0,1088.3333333333333,90.39,6502.0,375.1333333333333,90.4037,False,21.86798834600315,7.537590837547302
549855,3792,18.533333333333335,17.381700000000002,3792.0,163.17666666666668,13.564,3792.0,57.32333333333334,13.8354,True,8.804496402877698,3.0929856115107914
549867,4370,27.65666666666667,27.5057,4370.0,326.18666666666667,27.098599999999998,4370.0,176.81333333333333,29.96,True,11.794142461130528,6.393154152103169
549887,8154,38.23833333333334,28.5913,3655.0,487.7683333333333,40.552,3655.0,201.69333333333333,41.0878,False,12.75600400993767,5.274637144226997
549904,6352,17.133333333333333,9.883700000000001,6352.0,116.47166666666666,9.683200000000001,6352.0,53.269999999999996,9.7512,True,6.79795719844358,3.1091439688715954
549961,3754,45.81666666666667,43.75,3754.0,442.62333333333333,36.7944,3754.0,149.1616666666667,36.7992,True,9.660749363404873,3.255620225536559
550046,3727,141.11833333333334,159.6715,3494.0,1825.6033333333332,151.8054,3494.0,635.5133333333334,151.96529999999998,False,12.936684342927329,4.503407305925288
550057,23733,34.208333333333336,13.7987,23733.0,165.77333333333334,13.7689,23733.0,94.86666666666666,13.7987,True,4.84599269183922,2.77320341047503
550071,6502,27.91,21.8087,6502.0,262.845,21.8551,6502.0,106.33666666666666,21.8854,True,9.41759226083841,3.8099844739042155
550094,37376,204.31666666666666,172.5281,11775.0,1826.2133333333334,151.852,11775.0,774.3083333333333,152.8534,False,8.938151562117628,3.7897463088343257
550134,3494,106.115,63.633300000000006,11775.0,1834.4366666666667,152.52429999999998,3494.0,968.1683333333333,207.1492,False,17.287251252571895,9.123765097614223
550244,8269,53.916666666666664,57.417300000000004,6502.0,775.4483333333334,64.3791,6502.0,259.71833333333336,64.39269999999999,False,14.382349304482227,4.817032457496137
550260,3494,38.89333333333333,44.1571,3494.0,402.025,33.4313,3494.0,134.605,33.4313,True,10.336604388069935,3.4608758998971547
550319,3754,25.171666666666667,21.7621,3754.0,244.70499999999998,20.3504,3754.0,82.63333333333334,20.3552,True,9.721446070317155,3.282791498377806
550329,8269,63.10666666666667,64.0907,6502.0,788.975,65.5214,6502.0,263.6333333333333,65.5214,False,12.502244876399747,4.177582928375237
550330,3494,77.58500000000001,63.1265,3494.0,631.6683333333333,52.5484,3494.0,234.255,52.6261,True,8.14162961053468,3.0193336340787518
550361,3754,70.34666666666666,68.3126,3754.0,805.5433333333333,66.9824,3754.0,317.0083333333333,67.46539999999999,True,11.45105193328279,4.50637319939348
550375,6502,31.273333333333333,29.3915,6502.0,401.865,33.3564,6502.0,135.12,33.450900000000004,True,12.850085269665318,4.320613941590279
550462,3727,229.735,173.5146,3494.0,2502.008333333333,207.9926,3494.0,1259.5733333333333,226.747,False,10.890845249236438,5.4827228473386
550499,6502,34.001666666666665,45.6233,6502.0,812.63,67.5105,6502.0,461.12666666666667,67.51060000000001,True,23.899710798490272,13.561884221361698
550576,3754,77.42666666666668,74.7395,3754.0,882.7666666666667,73.40010000000001,3754.0,298.85833333333335,74.113,True,11.40132598587911,3.8598889271568795
550615,6918,65.10833333333333,58.499300000000005,6502.0,1781.7683333333334,148.0994,6502.0,879.1216666666667,149.7811,False,27.3662101625496,13.502444643542812
550646,3754,33.895,35.5353,3754.0,473.8066666666667,39.396300000000004,3754.0,159.39666666666665,39.4838,True,13.978659585976299,4.702660176033829
550660,3523,177.84166666666667,191.9905,3523.0,2162.46,179.79739999999998,3523.0,722.6316666666667,179.8057,True,12.15946769129844,4.063342861159271
550820,3792,50.13166666666667,36.7333,3792.0,441.64166666666665,36.7081,3792.0,177.63833333333332,36.7081,True,8.809634628810798,3.5434356195352237
550823,6580,40.04666666666667,42.2109,6580.0,492.635,40.933,6580.0,178.33166666666665,41.4594,True,12.301523222906608,4.45309638754786
550824,3727,215.28,228.1325,11775.0,3971.661666666667,330.18170000000003,11775.0,1964.7216666666668,361.3077,False,18.448818592840333,9.126354824724391
550863,3494,36.79833333333333,28.26,11775.0,1179.6233333333332,98.06039999999999,11775.0,770.4449999999999,99.1858,False,32.05643371529507,20.936953666379818
550950,4370,78.99833333333332,104.2226,4370.0,1453.055,120.6725,4370.0,889.7966666666667,124.4935,True,18.393489314120554,11.263486571446657
551056,6502,50.885,45.0984,,,,,,,False,,
551093,3727,170.62,185.3477,3727.0,3197.625,265.9914,3727.0,1504.6383333333333,266.5392,True,18.7412085335834,8.818651584417614
551169,6359,137.01833333333335,107.7582,,,,,,,False,,
551230,6918,4.17,1.9897,6918.0,22.98166666666667,1.9107,6918.0,8.343333333333334,1.9532,True,5.511191047162271,2.000799360511591
551242,6733,55.126666666666665,24.286900000000003,6733.0,383.26500000000004,23.9346,6733.0,177.035,29.2866,True,6.952442858870481,3.2114221792236064
551272,6502,27.27,34.6836,6502.0,891.465,74.09960000000001,6502.0,304.2366666666667,75.4555,True,32.69031903190319,11.156460090453491
551290,23733,23.918333333333333,10.1688,23733.0,122.34833333333333,10.1681,23733.0,41.11333333333334,10.1688,True,5.115253292453487,1.718904605950805
551298,6502,64.62333333333333,63.0748,,,,,,,False,,
551303,6919,10.22,8.242799999999999,6919.0,62.565000000000005,5.2017,6919.0,42.08166666666667,5.2017,True,6.121819960861057,4.1175799086758
551305,3727,48.63166666666667,60.2674,3494.0,1759.4833333333333,146.2194,3494.0,587.76,146.4273,False,36.179786832996335,12.085952225915898
551374,11775,125.21166666666666,102.718,35125.0,1202.2066666666665,99.9346,35125.0,607.5849999999999,100.91860000000001,False,9.601394971182131,4.852463162378372
551440,3792,1.73,1.1027,3792.0,13.254999999999999,1.1027,3792.0,4.55,1.1027,True,7.661849710982659,2.630057803468208
551459,6359,111.97833333333332,94.1613,,,,,,,False,,
551469,3523,184.4,194.7124,3523.0,2195.2366666666667,182.5194,3523.0,733.5533333333333,182.5277,True,11.904754157628345,3.9780549530007225
551493,6918,38.03333333333333,34.0221,6502.0,1307.51,108.6006,6502.0,617.395,108.6143,False,34.37800175284838,16.232997370727432
551610,6502,41.1,51.655800000000006,6502.0,1002.455,83.3186,6502.0,340.97999999999996,84.7765,True,24.390632603406328,8.296350364963503
551618,37376,9.71,5.77,8154.0,48.21333333333334,4.0048,8154.0,20.196666666666665,4.3012,False,4.965327840714041,2.079986268451768
551646,6580,52.22,70.0223,,,,,,,False,,
551648,6502,38.33166666666667,27.5785,,,,,,,False,,
551671,6502,8.808333333333334,10.9818,6502.0,197.29333333333335,16.4034,6502.0,73.97833333333332,18.1676,True,22.39848628192999,8.39867549668874
551677,3494,95.935,59.4647,11775.0,1834.1766666666667,152.50279999999998,3494.0,967.9516666666666,207.1277,False,19.11895206824065,10.089661402685845
551739,3655,2.81,2.1238,3655.0,26.433333333333334,2.2006,3655.0,12.764999999999999,2.2921,True,9.40688018979834,4.542704626334519
551975,26707,1.3,0.6003999999999999,26707.0,6.378333333333333,0.5301,26707.0,2.7483333333333335,0.5301,True,4.906410256410256,2.114102564102564
552192,4317,3.631666666666667,2.3779,11129.0,24.261666666666667,2.0116,30057.0,8.826666666666666,2.0673000000000004,False,6.680587425424506,2.4304726938962826
552406,11775,3.83,2.9,8154.0,26.965,2.2399,11775.0,12.44,2.6744,False,7.040469973890339,3.248041775456919
552416,4370,2.6816666666666666,1.4981,4370.0,16.466666666666665,1.3700999999999999,4370.0,5.9783333333333335,1.3757000000000001,True,6.140459912989434,2.2293349906774393
552848,11020,3.83,2.5789,11020.0,27.198333333333334,2.2599,11020.0,11.446666666666665,2.3814,True,7.101392515230636,2.9886858137510877
552949,6733,2.665,1.0776,6733.0,12.953333333333335,1.0776,6733.0,4.743333333333334,1.0776,True,4.860537836147593,1.7798624140087558
552952,6732,34.443333333333335,19.967299999999998,6732.0,264.5233333333333,21.97,6732.0,99.94666666666667,22.0738,True,7.679957417981224,2.90177102487177
553114,3727,242.44333333333333,249.81539999999998,11775.0,4233.316666666667,352.0247,11775.0,2165.923333333333,383.6885,False,17.461056191824895,8.933730218745273
553190,6580,18.84333333333333,14.8001,,,,,,,False,,
553396,4317,1.8016666666666665,1.0372000000000001,4317.0,12.308333333333334,1.0225,8750.0,4.6899999999999995,1.0954000000000002,True,6.831637372802961,2.603145235892692
553521,11775,82.21833333333333,49.505300000000005,11775.0,509.69666666666666,42.3596,11775.0,235.14666666666665,42.4559,True,6.199306723966674,2.8600271634469197
553669,37376,4.303333333333333,2.1087,37376.0,16.203333333333333,1.3491,37376.0,8.396666666666667,1.9439000000000002,True,3.765298218435322,1.951200619674671
553691,4370,1.3599999999999999,0.666,4370.0,8.835,0.7357,4370.0,3.191666666666667,0.7434,True,6.496323529411766,2.3468137254901964
553764,27733,2.55,1.5717,27733.0,15.901666666666667,1.3206,27733.0,5.616666666666666,1.3293,True,6.235947712418302,2.2026143790849675
553833,3494,248.645,197.76239999999999,3494.0,3486.8083333333334,289.9051,3494.0,1590.4883333333335,309.43670000000003,True,14.023239290286687,6.396623030156784
553953,3727,116.48833333333333,131.22070000000002,3494.0,1701.2016666666668,141.3859,3494.0,594.5633333333334,141.5938,False,14.604051907916388,5.104059061708613
554440,8154,3.6416666666666666,1.344,8154.0,12.785,1.0575999999999999,8154.0,5.3983333333333325,1.119,True,3.510755148741419,1.4823798627002287
554514,4370,90.79333333333334,124.7564,4370.0,1731.1066666666666,143.7097,4370.0,1156.7383333333335,160.9778,True,19.066451281298185,12.74034437183347
554655,10972,11.246666666666666,10.6534,10972.0,112.61833333333334,9.3339,10972.0,39.98833333333334,9.3418,True,10.013485477178424,3.555572021339657
554725,8154,2.515,1.419,8154.0,15.91,1.3249000000000002,8154.0,7.444999999999999,1.3645,True,6.326043737574553,2.9602385685884687
554990,37376,2.955,1.0607,8154.0,5.1883333333333335,0.42669999999999997,8154.0,3.808333333333333,0.42669999999999997,False,1.7557811618725325,1.2887760857304003
555136,4370,22.583333333333332,24.1967,4370.0,202.42166666666665,16.8506,30057.0,82.345,20.362299999999998,True,8.963321033210333,3.6462730627306272
555196,4370,31.19333333333333,30.2633,4370.0,388.575,32.2786,4370.0,193.51333333333332,35.3062,True,12.456988672793333,6.2036759991451165
555564,30057,2.615,1.8533,30057.0,19.475,1.6145999999999998,30057.0,6.835,1.6238,True,7.447418738049713,2.6137667304015295
555661,8154,5.171666666666667,2.1019,8154.0,22.358333333333334,1.8394000000000001,8154.0,9.753333333333334,2.1273,True,4.323235578472446,1.8859168546567837
556288,30057,28.06833333333333,30.1487,30057.0,368.6983333333334,30.701,30057.0,151.94166666666666,32.2018,True,13.135740157947868,5.413277121311086
556323,8154,1.3033333333333335,0.573,8154.0,5.59,0.4595,8154.0,6.241666666666666,0.474,True,4.289002557544756,4.789002557544756
556418,4370,1.5166666666666666,0.7253999999999999,4370.0,6.831666666666666,0.5678,4370.0,3.46,0.5678,True,4.504395604395604,2.281318681318681
556593,8154,34.95333333333333,31.9985,8154.0,761.8283333333333,63.3286,37376.0,518.0783333333334,69.24010000000001,True,21.795584588975775,14.822000762921993
556618,6918,1.9,0.7562000000000001,6918.0,8.761666666666667,0.7272000000000001,6918.0,3.4733333333333336,0.7774,True,4.6114035087719305,1.8280701754385966
556634,4370,21.538333333333334,12.8475,4370.0,127.07166666666667,10.578,4370.0,77.23166666666665,11.8656,True,5.899791070184942,3.5857772962934296
556730,4370,23.591666666666665,15.6238,4370.0,188.235,15.6733,30057.0,78.07833333333333,19.1595,True,7.978876722006359,3.3095725891910988
556744,26707,0.8616666666666667,0.3484,26707.0,3.3483333333333336,0.2781,26707.0,1.7650000000000001,0.2781,True,3.885880077369439,2.0483558994197293
556781,11775,5.88,4.0224,11775.0,33.10666666666667,2.7571999999999997,11775.0,12.783333333333333,2.8042,True,5.630385487528345,2.1740362811791383
557217,4317,6.2683333333333335,3.9465,4317.0,47.43833333333334,3.9318,4317.0,17.351666666666667,3.9609,True,7.567934060090402,2.768146769476203
557521,3523,1.3366666666666667,1.6129,3523.0,4.430000000000001,0.36819999999999997,3523.0,1.6533333333333333,0.36819999999999997,True,3.3142144638403996,1.2369077306733167
557611,4370,0.9183333333333333,0.4584,4370.0,6.736666666666666,0.5602999999999999,4370.0,2.871666666666667,0.5738,True,7.335753176043557,3.127041742286752
557841,8835,0.7133333333333333,0.4372,8730.0,3.4366666666666665,0.2854,12457.0,1.425,0.32930000000000004,False,4.817757009345795,1.9976635514018695
557862,35125,3.5716666666666668,1.6969,35125.0,18.64,1.5479,35125.0,6.716666666666667,1.5479,True,5.218852076528232,1.8805412972468503
557916,3494,39.55,26.7237,3494.0,298.31166666666667,24.7953,3494.0,174.93833333333333,25.2626,True,7.542646439106616,4.42321955330805
558056,3792,114.81166666666667,119.4785,3792.0,1408.4550000000002,117.10889999999999,3792.0,550.3983333333333,121.6005,True,12.267525077300508,4.793923381770145
558100,6919,48.56666666666667,58.5109,6502.0,926.5866666666666,76.99289999999999,6502.0,374.2366666666667,79.796,False,19.078654770075495,7.7056280027453665
558144,4370,2.0783333333333336,1.1418,4370.0,14.636666666666667,1.2193,4370.0,5.155,1.2193,True,7.0425020048115465,2.4803528468323974
558640,6919,1.1066666666666667,0.4506,6919.0,5.088333333333334,0.4225,6919.0,1.7966666666666666,0.4225,True,4.59789156626506,1.6234939759036144
558760,29146,1.7583333333333333,0.9157000000000001,29146.0,12.514999999999999,1.0402,29146.0,5.873333333333333,1.0583,True,7.117535545023696,3.3402843601895733
558933,8154,1.68,0.7767000000000001,8154.0,9.316666666666666,0.7758999999999999,8154.0,3.393333333333333,0.7767000000000001,True,5.545634920634921,2.0198412698412698
558949,8154,6.165,2.6321,8154.0,25.695,2.1165,8154.0,10.571666666666665,2.2409,True,4.1678832116788325,1.7147877804812108
558993,30057,22.298333333333336,18.7811,4370.0,190.79,15.8866,30057.0,74.87333333333332,18.5306,False,8.556244861349876,3.357799536587188
559574,3727,158.82999999999998,132.25779999999997,3494.0,2185.415,181.6615,3494.0,1070.25,194.66670000000002,False,13.759459799785935,6.738336586287226
559806,3727,2.0783333333333336,1.3734000000000002,3727.0,17.101666666666667,1.4225,3727.0,6.0183333333333335,1.4389,True,8.228548516439453,2.895749799518845
559985,11775,2.425,2.1336,8154.0,26.998333333333335,2.2409,8154.0,10.75,2.4132,False,11.133333333333335,4.43298969072165
560067,3727,159.65666666666667,202.366,3494.0,1818.775,151.2628,3494.0,697.5,151.4651,False,11.391788629768044,4.368749608534982
560200,11775,5.114999999999999,3.5108,8154.0,30.673333333333336,2.5305,8154.0,12.125,2.8309,False,5.996741609644837,2.3704789833822093
560247,11775,3.7933333333333334,2.7105,8154.0,19.985,1.6577,8154.0,7.491666666666666,1.7181,False,5.268453427065026,1.9749560632688927
560322,11020,3.475,2.7798000000000003,11020.0,14.808333333333334,1.234,11020.0,6.128333333333333,1.2635,True,4.261390887290168,1.7635491606714626
560667,30057,3.58,2.1536,30057.0,22.765,1.8872,30057.0,8.34,1.8965,True,6.358938547486034,2.329608938547486
561046,6502,30.623333333333335,40.723699999999994,6502.0,813.2099999999999,67.5949,6502.0,277.30333333333334,68.92460000000001,True,26.555241101556543,9.055295526287145
561553,11775,2.7383333333333337,2.3934,8154.0,20.043333333333333,1.6637,8154.0,11.418333333333333,1.9968,False,7.319537431527692,4.169811320754716
561589,3754,68.42833333333333,71.1027,3754.0,839.0533333333333,69.7725,3754.0,283.2633333333333,70.2555,True,12.26178240007794,4.139562072241031
561764,4317,3.006666666666667,2.0542,8151.0,22.811666666666667,1.8922,4317.0,8.3,1.9321,False,7.587028824833703,2.7605321507760534
561803,4317,1.9983333333333335,1.3499,11129.0,12.835,1.0645,11129.0,4.996666666666667,1.1299000000000001,False,6.422852376980817,2.500417014178482
561815,6919,31.953333333333333,25.289900000000003,,,,,,,False,,
561916,3523,1.5083333333333333,1.2598,3523.0,10.693333333333333,0.8873,3523.0,3.9016666666666664,0.8873,True,7.089502762430939,2.5867403314917126
562176,8154,1.3916666666666666,0.5864,8154.0,7.043333333333334,0.5864,8154.0,2.5900000000000003,0.5864,True,5.061077844311378,1.8610778443113776
562382,11470,3.371666666666667,1.8225,29146.0,20.015,1.6607,29146.0,9.298333333333334,1.8958,False,5.936233316856153,2.7577854671280275
562442,37376,45.8,29.1343,8154.0,421.89666666666665,35.072300000000006,8154.0,201.05833333333334,42.3876,False,9.211717612809316,4.389919941775838
562596,8154,6.235,2.7676999999999996,8154.0,29.02,2.3883,8154.0,12.254999999999999,2.6466,True,4.654370489174017,1.96551724137931
562667,11775,3.2550000000000003,2.1552,35125.0,26.33833333333333,2.1909,11775.0,9.278333333333334,2.2229,False,8.091653865847412,2.8504864311315923
562773,11775,4.6899999999999995,2.9904,8154.0,23.933333333333334,1.9815999999999998,8154.0,10.581666666666667,2.3945,False,5.103056147832268,2.256218905472637
562813,6502,3.121666666666667,1.5916,6502.0,17.795,1.4826,6502.0,6.283333333333333,1.488,True,5.700480512546716,2.0128136679124395
562825,3727,145.465,126.9675,3727.0,1732.2,144.0539,3727.0,973.8883333333334,144.4747,True,11.908019111126388,6.695001088463434
563106,30057,23.321666666666665,19.4234,4370.0,200.2,16.6715,30057.0,77.62333333333332,19.1466,False,8.584292146073036,3.3283784749517613
563240,3792,1.3033333333333335,1.038,3792.0,12.186666666666667,1.0132999999999999,3792.0,4.645,1.0132999999999999,True,9.350383631713555,3.5639386189258304
563410,29146,1.8900000000000001,0.7711,29146.0,7.1483333333333325,0.5929,29146.0,4.258333333333334,0.7235,True,3.782186948853615,2.2530864197530867
563618,4370,94.21333333333334,129.4939,4370.0,1679.3516666666667,139.4116,4370.0,1116.1366666666665,158.38629999999998,True,17.824989385791113,11.846907727144067
564026,3727,72.48666666666666,79.6597,3727.0,2571.4416666666666,213.8184,3727.0,1561.1366666666665,214.4515,True,35.474684999540145,21.536880345810722
564467,6733,3.3400000000000003,2.4766999999999997,6733.0,26.126666666666665,2.1689000000000003,6733.0,9.041666666666666,2.1785,True,7.822355289421156,2.707085828343313
564544,6352,28.491666666666667,16.7295,6352.0,188.15666666666667,15.6287,6352.0,63.12166666666667,15.6287,True,6.603919274641708,2.2154431120210587
564728,8154,4.408333333333333,1.6830999999999998,8154.0,16.763333333333332,1.3882,8154.0,6.59,1.5028,True,3.8026465028355387,1.4948960302457468
564834,30057,3.021666666666667,2.0414,30057.0,23.240000000000002,1.9274,30057.0,8.228333333333333,1.9365999999999999,True,7.691119691119691,2.7231108659680086
564898,4370,1.0516666666666667,0.5192,4370.0,7.163333333333333,0.5967,4370.0,2.6016666666666666,0.5967,True,6.811410459587955,2.473851030110935
565108,30057,1.4866666666666668,1.1636,30057.0,13.661666666666667,1.1334000000000002,30057.0,4.738333333333333,1.1334000000000002,True,9.189461883408072,3.187219730941704
565973,3523,69.64666666666668,49.7926,3523.0,1024.8416666666667,85.2185,3523.0,502.10999999999996,85.2243,True,14.714870297693116,7.209390255575762
566055,10972,1.6083333333333334,0.7132000000000001,10972.0,8.036666666666667,0.6688,10972.0,3.3766666666666665,0.6795,True,4.996891191709844,2.099481865284974
566410,4317,2.0833333333333335,1.2133,4317.0,13.465,1.1172,8750.0,5.48,1.2715999999999998,True,6.4632,2.6304
566679,11775,123.81333333333333,105.7093,35125.0,1052.125,87.4417,3792.0,388.5066666666667,88.5445,False,8.497671225500754,3.1378419125565373
566746,29146,3.2816666666666667,1.5144000000000002,29146.0,15.393333333333334,1.2781,29146.0,7.406666666666666,1.4309,True,4.69070594210259,2.2569832402234633
566877,3523,97.49833333333332,72.8143,3523.0,849.0416666666666,70.6016,3523.0,289.47999999999996,71.8001,True,8.708268517410556,2.9690763944682814
566899,6352,3.3216666666666668,1.283,6352.0,15.413333333333332,1.283,6352.0,5.488333333333333,1.283,True,4.640240842950326,1.6522829904666332
567134,6732,20.611666666666668,20.453400000000002,6732.0,339.02000000000004,28.1845,6732.0,118.66833333333334,28.7453,True,16.447966362092668,5.757338077140778
567537,3523,14.491666666666667,15.205200000000001,3523.0,172.4116666666667,14.3406,3523.0,58.098333333333336,14.351600000000001,True,11.897297297297298,4.009085681426107
567930,32615,2.115,1.0279,26411.0,8.72,0.7245,32615.0,5.153333333333333,1.0331,False,4.122931442080378,2.4365642237982663
567937,4370,28.66166666666667,28.546599999999998,4370.0,370.135,30.7506,4370.0,186.08333333333334,33.9876,True,12.913938477641448,6.492411467116358
568157,11775,65.785,58.0432,11775.0,433.68,36.0418,11775.0,162.92000000000002,36.1381,True,6.592384282131185,2.4765524055635786
568169,30057,2.69,1.9809,30057.0,21.971666666666668,1.8231,30057.0,7.881666666666666,1.8440999999999999,True,8.167905824039654,2.92998760842627
568385,29146,2.1333333333333333,1.1582999999999999,29146.0,12.055,1.0006,29146.0,5.85,1.0278,True,5.65078125,2.7421875
568414,10972,10.458333333333334,10.474200000000002,10972.0,126.025,10.441799999999999,10972.0,42.75666666666667,10.441799999999999,True,12.050199203187251,4.088286852589642
568750,4370,54.07333333333334,72.9528,4370.0,1117.9016666666669,92.8457,30057.0,741.6233333333333,119.3797,True,20.67380717544076,13.715139933423744
568914,3523,32.66,43.193599999999996,3523.0,1358.275,112.9136,3523.0,775.785,117.0437,True,41.58833435394979,23.753368034292713
568946,4370,23.066666666666666,24.455099999999998,4370.0,201.995,16.813,30057.0,81.25500000000001,20.0649,True,8.757008670520232,3.5226156069364167
569081,6352,20.483333333333334,8.4381,6352.0,95.11999999999999,7.9225,6352.0,62.83166666666667,7.9937,True,4.643775427176566,3.067453213995118
569208,11470,2.58,1.3172000000000001,29146.0,15.171666666666665,1.2598,29146.0,6.656666666666666,1.2655999999999998,False,5.880490956072351,2.5801033591731266
569217,3655,218.67000000000002,167.54479999999998,3655.0,2038.3733333333332,169.4604,3655.0,692.1466666666668,169.93120000000002,True,9.321687169402905,3.1652566271855616
569331,3655,102.67,102.71260000000001,3655.0,1180.35,98.1435,3655.0,397.9633333333333,98.5675,True,11.496542320054543,3.876140385052433
569343,4317,3.015,1.8709,29146.0,16.835,1.3993,29146.0,7.761666666666667,1.5587,False,5.583747927031509,2.574350469872858
569467,6502,75.71000000000001,51.622099999999996,6502.0,621.8366666666666,51.6684,6502.0,301.15,52.827,True,8.21340201646634,3.9776779817725525
569669,29146,1.625,1.0086,29146.0,4.61,0.38389999999999996,29146.0,4.235,0.4118,True,2.8369230769230773,2.6061538461538465
569685,11775,4.883333333333334,3.556,11775.0,29.561666666666667,2.4629000000000003,11775.0,10.863333333333333,2.5053,True,6.05358361774744,2.2245733788395903
569724,6502,30.041666666666668,40.097300000000004,6502.0,820.755,68.22139999999999,6502.0,279.8183333333333,69.5511,True,27.320554785020803,9.314341192787793
569760,3792,88.735,91.6454,3792.0,1084.175,90.15180000000001,3792.0,380.93666666666667,94.6373,True,12.218121372626358,4.292969703799703
569962,6580,52.461666666666666,60.7706,,,,,,,False,,
570080,29146,1.05,0.5186000000000001,29146.0,4.863333333333333,0.4039,29146.0,3.941666666666667,0.6612,True,4.631746031746031,3.753968253968254
570281,3523,92.5,114.13119999999999,3523.0,1854.1816666666666,154.14260000000002,3523.0,621.2199999999999,154.1962,True,20.045207207207206,6.715891891891891
570297,6733,77.32666666666667,72.7217,6502.0,1163.8316666666665,96.6509,6502.0,421.655,96.7513,False,15.050844900422447,5.452905422881282
570435,3727,273.05,212.07,3494.0,3064.5466666666666,254.77720000000002,3494.0,1459.3266666666668,274.28340000000003,False,11.223390099493377,5.344540072025881
570544,26707,0.9366666666666668,0.3384,26707.0,3.2266666666666666,0.268,26707.0,1.725,0.268,True,3.444839857651245,1.8416370106761566
570685,3727,71.58166666666666,78.8115,3727.0,2558.56,212.74429999999998,3727.0,1557.415,213.3605,True,35.743230342964914,21.7571771170458
570697,8750,1.1900000000000002,0.5949,8750.0,7.908333333333333,0.6572,8750.0,5.0216666666666665,0.6638,True,6.645658263305321,4.219887955182072
570946,3727,255.97,277.4805,11775.0,3473.5566666666664,288.829,11775.0,1794.54,318.93129999999996,False,13.570170983578803,7.010743446497636
570996,30057,14.338333333333333,13.350700000000002,10972.0,234.57000000000002,19.4625,10972.0,79.45,19.502299999999998,False,16.35964198535395,5.541090317331164
571191,3655,83.74,78.03869999999999,3655.0,939.9566666666667,78.15,3655.0,318.865,78.8754,True,11.224703447177774,3.807797946023406
571492,4370,22.59333333333333,24.6218,4370.0,198.01333333333332,16.4831,30057.0,79.8,19.688200000000002,True,8.764237238123341,3.5320153437592214
571509,8154,6.031666666666666,2.3577,8154.0,22.445,1.8551,8154.0,10.120000000000001,2.0297,True,3.7211936999171042,1.677811550151976
571518,11775,2.893333333333333,2.3529,8154.0,23.96333333333333,1.9884000000000002,8154.0,9.42,2.1461,False,8.282258064516128,3.2557603686635948
571552,15598,61.434999999999995,27.7284,15598.0,325.7966666666667,27.099400000000003,15598.0,150.57833333333335,27.1992,True,5.303111689861915,2.451018691842327
571704,4370,52.31166666666666,69.1256,4370.0,1050.7033333333334,87.27069999999999,30057.0,702.17,113.1028,True,20.085449389874793,13.422818364290949
571855,30057,22.95,19.2082,4370.0,198.425,16.5225,30057.0,76.82166666666667,18.985,False,8.645969498910675,3.3473493100944083
572121,3655,68.08166666666666,71.1639,3655.0,801.8833333333333,66.6688,3655.0,271.3833333333333,67.0928,True,11.778256505667214,3.9861440916546305
572181,4370,24.334999999999997,25.6192,4370.0,208.40666666666667,17.3473,30057.0,80.99499999999999,19.990599999999997,True,8.564070954044244,3.3283336757756317
572358,3727,165.23999999999998,149.2805,3727.0,1485.0433333333335,123.505,3727.0,891.44,123.9259,True,8.987190349390787,5.394819656257566
572513,6918,53.39,49.6059,6918.0,525.82,43.7289,6918.0,219.34166666666667,48.0848,True,9.84866079790223,4.108291190609977
572574,8154,3.475,1.3095,8154.0,10.671666666666665,0.8812000000000001,8154.0,5.045,1.1293,True,3.070983213429256,1.451798561151079
572640,8154,5.711666666666667,2.2697,8154.0,21.303333333333335,1.7555999999999998,8154.0,9.368333333333334,1.8297,True,3.7297928217099505,1.6402100962941348
572679,11775,79.19666666666667,48.471199999999996,11775.0,497.2416666666667,41.3256,11775.0,230.26333333333332,41.4219,True,6.2785681215539375,2.907487688875794
572764,6502,31.881666666666668,23.291700000000002,,,,,,,False,,
572848,3655,289.3816666666667,196.93210000000002,3655.0,2312.165,192.2195,3655.0,777.6633333333334,192.82420000000002,True,7.990018948447551,2.6873275777663865
573006,6732,292.2916666666667,319.7945,,,,,,,False,,
573013,6732,48.72,35.5168,6732.0,510.815,42.4733,6732.0,233.14833333333334,42.6916,True,10.48470853858785,4.785474822112754
573019,3494,88.02,55.5833,11775.0,1754.63,145.8835,3494.0,902.5300000000001,200.5047,False,19.93444671665531,10.2536923426494
573053,4370,130.605,111.4743,4370.0,1583.3233333333333,131.5638,30057.0,992.4449999999999,157.5197,True,12.122991718030192,7.598828528769955
573102,6918,50.26833333333333,52.8513,6502.0,1694.965,140.8883,6502.0,849.3866666666667,142.5415,False,33.71834488246411,16.897052484997182
573139,3754,67.53833333333334,68.1268,3754.0,803.23,66.78739999999999,3754.0,272.29833333333335,67.50030000000001,True,11.892949682896132,4.031759741381437
573164,3727,96.43,95.3922,3727.0,2062.326666666667,171.49779999999998,3727.0,1239.6166666666666,172.0219,True,21.386774516920738,12.85509350478758
573217,6352,19.513333333333332,20.2841,6352.0,169.29166666666666,14.083,6352.0,57.75,14.1902,True,8.67569183464298,2.9595148616330715
573243,6580,62.75,75.58160000000001,,,,,,,False,,
573253,6733,38.06333333333334,39.7352,6502.0,1401.4466666666667,116.37,6502.0,500.02166666666665,116.462,False,36.81881075400648,13.136570627900864
573265,6502,104.01666666666667,57.1966,6502.0,688.5983333333334,57.243,6502.0,230.55333333333334,57.273300000000006,True,6.620076910751482,2.216503765422208
573278,3523,217.71666666666667,166.3946,3523.0,1988.4283333333333,165.3978,3523.0,1097.3383333333334,165.4036,True,9.133101125315777,5.040212814820485
573375,4370,58.44833333333334,57.978199999999994,4370.0,626.9716666666667,52.127199999999995,30057.0,223.14,55.166599999999995,True,10.72693832159457,3.817730759360118
573482,6502,107.445,90.0493,6502.0,1464.0383333333334,121.70739999999999,6502.0,673.2633333333334,123.4743,True,13.625932647711235,6.266120650875643
573486,6732,66.81833333333333,69.2368,6732.0,843.485,70.1002,6732.0,375.945,70.1007,True,12.623556409169142,5.6263749968820935
573493,6733,58.251666666666665,60.6121,6502.0,1349.1816666666666,112.0458,6502.0,491.865,114.7385,False,23.161254327487054,8.443792738405197
573527,6733,76.58500000000001,31.7592,6733.0,544.2033333333334,31.428099999999997,6733.0,301.22,36.9078,True,7.105873648016365,3.9331461774498924
573540,3754,89.82833333333333,90.158,3754.0,1068.3533333333332,88.8277,3754.0,376.68666666666667,89.3107,True,11.893277918993634,4.193405940961464
573560,6502,80.57333333333332,88.9955,6502.0,1209.5533333333333,100.573,6502.0,491.1066666666667,122.1068,True,15.011831871586962,6.09515141486017
573895,6732,33.666666666666664,29.3678,6732.0,423.2366666666667,35.1892,6732.0,144.77666666666667,35.401199999999996,True,12.571386138613862,4.30029702970297
573959,3494,255.17333333333332,201.69289999999998,3494.0,3534.05,293.8356,3494.0,1606.24,313.3672,True,13.84960549691713,6.294701640714809
574004,4370,44.93666666666666,56.4632,4370.0,1281.74,106.47760000000001,30057.0,854.315,132.4412,True,28.523254951413104,19.011534752614796
574139,37376,43.485,26.0355,8154.0,259.035,21.525,8154.0,96.51333333333334,22.187900000000003,False,5.956881683339083,2.219462649955924
574156,30057,50.141666666666666,64.2556,4370.0,1281.5266666666669,103.1295,30057.0,626.4266666666666,107.1644,False,25.558118663785944,12.493136114342695
574224,4370,47.335,58.7652,4370.0,1309.365,108.7796,30057.0,863.4216666666667,134.7432,True,27.661666842716805,18.240660540121826
610010,10972,18.055,16.4694,10972.0,188.90166666666667,15.6663,10972.0,64.21166666666666,15.7771,True,10.462568079017815,3.556447890704329
610068,3494,154.30333333333334,151.402,3494.0,1726.28,143.5734,3494.0,583.4766666666667,143.73329999999999,True,11.187574258495172,3.781361387742758
610073,3523,90.43166666666666,68.27069999999999,3523.0,820.795,68.2688,3523.0,274.0433333333333,68.2712,True,9.076411286606831,3.0303912714941297
610093,3494,31.855,28.324900000000003,3494.0,430.06666666666666,35.749300000000005,3494.0,299.4616666666667,37.0091,True,13.500758645947784,9.400774342070843
610097,3523,124.05,118.4579,3523.0,1392.2366666666667,115.7872,3523.0,488.675,115.7895,True,11.223189574096466,3.9393389762192665
610191,6918,55.625,46.1886,6502.0,1983.305,164.8489,6502.0,968.615,166.5339,False,35.65492134831461,17.413303370786515
610225,8154,23.586666666666666,19.0371,3655.0,415.6616666666667,34.556599999999996,3655.0,157.29833333333332,34.976699999999994,False,17.622738835500286,6.668951384963256
610252,6502,74.52833333333334,55.7943,,,,,,,False,,
610306,6502,41.91166666666666,37.765699999999995,,,,,,,False,,
610338,6733,37.708333333333336,39.587900000000005,6502.0,1401.4466666666667,116.37,6502.0,500.02166666666665,116.462,False,37.165436464088394,13.26024309392265
610458,6918,23.223333333333336,24.355700000000002,6918.0,236.43166666666667,19.6616,6918.0,96.25333333333333,23.8555,True,10.180780823884024,4.144682072628103
610498,3494,68.47666666666667,77.803,3494.0,819.3916666666667,68.0933,3494.0,274.34833333333336,68.3012,True,11.965998150221486,4.006449885605803
610508,37376,101.075,86.5135,11775.0,2010.0566666666666,167.109,11775.0,839.0283333333333,167.95620000000002,False,19.88678374144612,8.301047077252864
610522,3494,117.635,89.0255,3494.0,811.0883333333334,67.4547,3494.0,333.35999999999996,76.42139999999999,True,6.894957566483898,2.833850469673141
610527,6502,19.4,21.5128,6502.0,497.835,41.3386,6502.0,167.84333333333333,41.4432,True,25.661597938144332,8.65171821305842
610538,8269,16.65,18.0083,6502.0,1113.95,92.5001,6502.0,372.35333333333335,92.5138,False,66.90390390390391,22.363563563563567
610551,37376,160.395,120.3834,11775.0,1615.8883333333333,134.3691,11775.0,727.775,135.2163,False,10.074430832216299,4.53739206334362
610609,6918,61.94666666666667,55.3106,6918.0,594.3066666666667,49.433699999999995,6918.0,276.415,53.7896,True,9.593844167025399,4.462144855789926
610612,3494,82.78999999999999,53.3159,3494.0,921.9816666666667,75.6828,3494.0,322.675,75.6828,True,11.136389257961913,3.8975117767846363
610633,6918,52.013333333333335,44.6773,6502.0,1965.2783333333332,163.3452,6502.0,962.6516666666666,165.0226,False,37.78412586516277,18.50778646500897
610757,15598,42.81333333333334,19.6109,15598.0,230.90333333333334,19.2211,15598.0,79.92,19.602400000000003,True,5.393257552164434,1.86670819059483
610758,3523,73.17333333333333,78.23610000000001,3523.0,940.675,78.2342,3523.0,313.93333333333334,78.23660000000001,True,12.855434584548105,4.290269679300292
610770,6502,31.53166666666667,21.0452,,,,,,,False,,
610848,3523,13.473333333333333,15.4656,3523.0,395.2116666666667,32.8599,3523.0,155.26333333333332,32.878,True,29.332879762493818,11.523750618505689
610857,3494,159.85166666666666,88.3022,11775.0,1499.9466666666667,124.67580000000001,11775.0,794.6183333333333,125.1006,False,9.383365828737059,4.970973089635183
610877,6919,121.46833333333333,95.5968,6502.0,926.5866666666666,76.99289999999999,6502.0,374.2366666666667,79.796,False,7.628215858728612,3.0809401627310273
610887,3494,38.138333333333335,32.7348,3494.0,480.755,39.965900000000005,3494.0,314.655,41.225699999999996,True,12.60555871170738,8.25036052965083
610895,3494,96.24333333333334,66.7761,3494.0,807.3349999999999,66.1378,3494.0,284.39500000000004,66.1378,True,8.388477123956637,2.9549579191632325
610921,6502,18.428333333333335,19.3697,6502.0,233.51000000000002,19.416,6502.0,78.74333333333334,19.4464,True,12.671248982544995,4.272949262910373
610948,3770,10.541666666666666,10.7493,3770.0,129.35833333333332,10.7493,3770.0,43.208333333333336,10.7493,True,12.271146245059288,4.098814229249013
610960,6919,57.90833333333333,39.909800000000004,6502.0,808.6516666666666,67.21419999999999,6502.0,282.27833333333336,69.9694,False,13.964340192833502,4.874571880846165
610998,6733,78.945,62.1631,28254.0,623.7816666666666,51.8018,28254.0,497.03,51.9394,False,7.901471488589102,6.295902210399645
611007,6580,32.416666666666664,16.694,,,,,,,False,,
611037,6919,2.1383333333333336,2.7801,6502.0,427.3366666666667,35.5235,6502.0,157.525,38.2787,False,199.84567420109119,73.6671862821512
611038,30057,39.843333333333334,36.0764,30057.0,472.08,39.306,30057.0,197.855,40.7766,True,11.84840625784322,4.96582447921024
611076,4370,145.9633333333333,125.06,4370.0,1438.9399999999998,119.6545,30057.0,766.3349999999999,122.7739,True,9.85822923565279,5.250188403480326
611092,6919,34.83166666666667,48.949,6502.0,1148.3566666666666,95.4113,6502.0,505.495,98.2254,False,32.96875448586056,14.512512560409588
611121,6359,162.64,132.2871,,,,,,,False,,
611125,6580,44.983333333333334,52.8063,,,,,,,False,,
611126,3523,107.54833333333333,110.38289999999999,3523.0,1294.0566666666666,107.6143,3523.0,432.63666666666666,107.6203,True,12.032326550853105,4.022718467665701
611141,3523,64.40666666666667,45.6803,3523.0,1214.5716666666667,100.9874,3523.0,568.9516666666666,101.00210000000001,True,18.85785632957251,8.833738743401303
611155,4370,123.03999999999999,140.1827,4370.0,1317.3833333333334,109.32289999999999,4370.0,843.74,114.77510000000001,True,10.706951668833986,6.857444733420026
611161,3754,48.98833333333334,50.6125,3754.0,600.1116666666666,49.8999,3754.0,201.59833333333333,49.9901,True,12.25009355969108,4.115231517708297
611187,3754,28.458333333333332,23.9407,3754.0,285.55833333333334,23.747400000000003,3754.0,99.99166666666666,24.6866,True,10.034260614934114,3.5136163982430455
611202,3494,82.13833333333334,52.458800000000004,3494.0,932.9516666666666,76.59710000000001,3494.0,326.52166666666665,76.59710000000001,True,11.358297993222815,3.975265304466043
611205,6580,16.968333333333334,16.119799999999998,6580.0,186.84666666666666,15.518799999999999,6580.0,63.11666666666667,15.5587,True,11.011491994892447,3.7196739023671546
611266,6502,34.445,34.8393,,,,,,,False,,
611275,6502,18.466666666666665,19.0939,6502.0,226.75666666666666,18.8124,6502.0,75.94666666666667,18.8124,True,12.279241877256318,4.1126353790613726
611347,6919,44.059999999999995,32.848699999999994,6502.0,722.5033333333333,60.0375,6502.0,253.7,62.792699999999996,False,16.39816916326222,5.758057194734453
611363,6502,28.36,24.5141,6502.0,295.22,24.537,6502.0,99.88833333333334,24.590700000000002,True,10.409732016925249,3.522155618241655
611389,3792,27.11,21.6342,3792.0,223.97333333333333,18.6199,3792.0,108.41000000000001,18.891299999999998,True,8.261650067625723,3.9988933972703804
611391,8269,39.056666666666665,38.6872,6502.0,847.8566666666667,70.3788,6502.0,284.85,70.3929,False,21.70837245028591,7.293249125202697
611412,6918,27.756666666666668,26.2224,6918.0,216.9,18.0422,6918.0,73.46000000000001,18.092299999999998,True,7.8143388975621475,2.6465713942596376
611452,8269,13.09,10.3697,6352.0,157.335,13.078299999999999,6352.0,53.07166666666667,13.086200000000002,False,12.01948051948052,4.054367201426025
611483,6502,15.781666666666666,19.439,6502.0,417.0133333333333,34.6566,6502.0,147.69,35.9863,True,26.42390959974654,9.358327172879925
611490,6502,64.44833333333334,77.1186,6502.0,1112.2866666666666,92.4752,6502.0,443.3333333333333,110.2393,True,17.258579223667535,6.8788952390804
611557,6919,43.39833333333333,54.5211,6502.0,926.5866666666666,76.99289999999999,6502.0,374.2366666666667,79.796,False,21.350743116095085,8.62329582549253
611584,3727,13.528333333333334,5.9477,3727.0,71.24,5.9226,3727.0,25.759999999999998,5.9262,True,5.265984969816434,1.9041517802143646
611674,4370,23.94333333333333,24.2222,4370.0,360.48833333333334,29.9501,30057.0,149.70666666666665,37.0845,True,15.055895865237368,6.252540721147152
611724,6919,32.986666666666665,22.8424,6502.0,443.585,36.8804,6502.0,156.86833333333334,38.7782,False,13.447402991107518,4.755507275666937
611753,3523,109.88333333333334,112.4844,3523.0,1319.4516666666668,109.71589999999999,3523.0,440.87833333333333,109.7218,True,12.007750644623085,4.012240254815714
611768,3523,109.78,111.26610000000001,3523.0,1310.02,108.9427,3523.0,438.85499999999996,108.9487,True,11.933139005283294,3.9975860812534156
611808,30057,56.08833333333334,61.922599999999996,30057.0,784.4833333333333,65.3055,30057.0,306.93,68.75030000000001,True,13.986568805158528,5.472261016848424
611853,6733,38.445,30.340799999999998,6733.0,395.845,23.354200000000002,6733.0,244.96833333333333,29.356099999999998,True,10.29639745090389,6.371916590800711
611863,6580,40.986666666666665,47.3089,6580.0,479.5733333333334,39.8495,6580.0,172.7133333333333,40.3759,True,11.700715679895902,4.213890696161353
611883,3727,114.89666666666668,114.95739999999999,3494.0,2248.211666666667,186.9323,3494.0,791.2416666666667,187.09220000000002,False,19.567248832284083,6.886550233543184
611903,6502,53.626666666666665,55.5739,6502.0,664.7883333333334,55.2074,6502.0,222.25166666666667,55.2074,True,12.396599950273497,4.1444244157135754
611918,6359,114.98333333333333,98.93360000000001,,,,,,,False,,
611920,3727,71.30833333333334,54.0313,3494.0,2083.3283333333334,173.15439999999998,3494.0,825.7933333333333,186.1595,False,29.215776557204627,11.580600677807642
611930,3792,24.21333333333333,16.156399999999998,3792.0,186.79166666666666,15.526200000000001,3792.0,141.31666666666666,15.706299999999999,True,7.714413546255507,5.8363160792951545
611980,6919,19.451666666666664,14.2102,6502.0,336.64500000000004,27.9928,6502.0,114.24499999999999,28.046599999999998,False,17.306743209664987,5.873275640476395
611982,6918,40.46666666666667,40.115199999999994,6918.0,425.89666666666665,35.421099999999996,6918.0,159.41833333333335,39.615,True,10.524629324546952,3.939497528830313
612053,3792,5.275,3.6357,3792.0,45.57333333333334,3.7872,3792.0,21.436666666666667,3.7872,True,8.639494470774093,4.063823064770932
612054,6502,20.823333333333334,28.363400000000002,6502.0,660.0466666666667,54.8307,6502.0,232.45333333333335,54.93,True,31.697454778293583,11.163118296782455
612056,4370,138.96666666666667,121.2337,4370.0,1392.8766666666668,115.8283,30057.0,729.7366666666666,118.86760000000001,True,10.023099064523867,5.251163348524825
612099,3754,10.229999999999999,8.4807,3754.0,99.64333333333335,8.2874,3754.0,34.288333333333334,8.2874,True,9.740306288693388,3.3517432388400135
612103,3494,125.095,110.7802,11775.0,1960.0266666666669,162.9505,3494.0,782.95,188.2939,False,15.668305421213214,6.258843279107879
612150,6919,21.651666666666664,20.2443,6919.0,128.86833333333334,10.7019,6919.0,43.47666666666667,10.7019,True,5.95188976984066,2.008005542298515
612194,3655,58.61833333333333,60.9543,3655.0,734.7099999999999,61.087300000000006,3655.0,248.92666666666668,61.511300000000006,True,12.533792044582183,4.246566773762475
612245,3727,97.95333333333333,108.8848,3494.0,1432.3016666666667,119.05930000000001,3494.0,500.46,119.2672,False,14.622286122643436,5.1091676308446194
612262,6502,26.186666666666667,27.9365,6502.0,893.7883333333334,74.2441,6502.0,475.47333333333336,74.2441,True,34.13142820773931,18.157077393075358
612278,6502,70.19166666666666,69.214,6502.0,1213.6333333333334,100.87219999999999,6502.0,523.49,102.4561,True,17.29027662353081,7.458007835687997
612308,3754,26.07,22.7108,3770.0,285.8933333333333,23.7682,3770.0,95.865,23.7686,False,10.96637258662575,3.6772151898734173
612313,6502,45.443333333333335,47.1442,6502.0,551.77,45.8912,6502.0,190.30333333333334,47.2209,True,12.141935010635956,4.187706300887553
612332,37376,196.41666666666666,169.0831,11775.0,1784.7133333333334,148.407,11775.0,760.1733333333334,149.4034,False,9.086364022061943,3.8702078913873574
612349,3494,25.865000000000002,27.549400000000002,3494.0,333.4216666666667,27.712,3494.0,248.86499999999998,28.2069,True,12.89084348218313,9.621689541851921
612376,3523,108.93833333333333,80.0932,3727.0,1050.8216666666667,87.3488,3727.0,406.9066666666667,87.7654,False,9.646022979361414,3.7352018726190663
612430,6919,32.20666666666667,27.2179,6919.0,128.86833333333334,10.7019,6919.0,43.47666666666667,10.7019,True,4.001293728006623,1.3499275512316289
612433,4370,61.11,77.8265,4370.0,1178.6699999999998,97.9159,30057.0,760.385,123.8719,True,19.28767795778105,12.442889870724922
612445,4370,79.99,84.195,4370.0,1614.8516666666667,134.20929999999998,30057.0,1013.455,160.1729,True,20.188169354502648,12.669771221402677
612456,6580,47.461666666666666,63.305800000000005,,,,,,,False,,
612515,3792,79.69333333333334,48.458,3792.0,738.4433333333333,61.3915,3655.0,273.9066666666667,65.874,True,9.26606156934917,3.4370085327087168
612517,3754,22.115000000000002,31.2407,3770.0,557.0333333333333,46.3248,3770.0,193.35333333333335,46.325300000000006,False,25.188032255633427,8.743085386992238
612575,4370,24.256666666666668,28.773799999999998,4370.0,432.6933333333333,35.9403,30057.0,194.02,46.511900000000004,True,17.83812010443864,7.998625807338189
612599,6919,25.555,26.3707,6919.0,128.86833333333334,10.7019,6919.0,43.47666666666667,10.7019,True,5.042783538772582,1.7012978543011805
612670,3727,265.12333333333333,289.39790000000005,11775.0,3763.0533333333337,312.90770000000003,11775.0,1891.55,343.01,False,14.193595433571799,7.134604020770207
612684,6919,5.5183333333333335,2.3438000000000003,6919.0,32.975,2.7435,6919.0,17.363333333333333,2.7435,True,5.975536091815162,3.146481425551193
612707,3494,149.65833333333333,148.2707,3494.0,1688.6833333333334,140.4421,3494.0,570.9383333333334,140.602,True,11.283590400356367,3.8149451528481544
612722,3655,5.871666666666667,3.9680999999999997,3655.0,37.99166666666667,3.1545,3655.0,12.995000000000001,3.1545,True,6.47033778030088,2.213170593244394
612727,6918,21.166666666666668,22.7972,6502.0,1442.4233333333332,119.82560000000001,6502.0,729.8166666666667,119.83919999999999,False,68.1459842519685,34.47952755905512
612751,3655,102.14666666666668,102.3268,3655.0,1175.7216666666668,97.7577,3655.0,396.4116666666667,98.18180000000001,True,11.510132489231172,3.88080864116956
612797,6359,111.97833333333332,94.1613,,,,,,,False,,
612802,3494,150.2133333333333,92.4675,11775.0,1141.6566666666665,92.116,11775.0,690.0016666666667,92.4488,False,7.600235221018996,4.593478164388426
612853,6733,37.39833333333333,43.6083,6502.0,1390.7983333333332,115.4846,6502.0,496.4633333333333,115.5767,False,37.188778466063546,13.275012255448104
612867,6502,85.47166666666666,79.3221,6502.0,1335.115,110.9802,6502.0,604.4833333333333,112.7471,True,15.620556519704387,7.072324162003003
612985,6918,24.685,25.1378,27733.0,253.79666666666665,21.0775,27733.0,92.03833333333334,21.0775,False,10.281412463709405,3.7285125919924385
613005,4370,16.168333333333333,19.8068,4370.0,337.67,28.0485,4370.0,156.23833333333332,28.2901,True,20.88465106690032,9.663230594784041
613038,3494,153.715,124.0264,11775.0,1357.0800000000002,112.8138,11775.0,613.6116666666666,113.661,False,8.828546335751229,3.9918789101041963
613046,3792,157.72333333333333,155.7426,3494.0,3050.5066666666667,253.5411,3494.0,1744.4733333333331,282.26140000000004,False,19.34087114567703,11.060337722171734
613112,6352,27.298333333333336,23.846799999999998,6352.0,227.27666666666667,18.902,6352.0,79.57333333333332,19.0092,True,8.325660907259294,2.9149520727761153
613117,4370,22.36,23.895599999999998,4370.0,418.18,34.7488,4370.0,216.43666666666667,40.8928,True,18.702146690518784,9.67963625521765
613140,6918,43.16166666666666,41.046699999999994,6502.0,1933.2083333333333,160.6858,6502.0,951.2383333333333,162.36329999999998,False,44.78993705834653,22.038962041935363
613182,6502,17.023333333333333,19.7901,6502.0,557.005,46.2653,6502.0,210.825,47.2036,True,32.72009007244958,12.384472292931271
613240,6919,21.35,14.3698,6502.0,347.19666666666666,28.860400000000002,6502.0,128.42833333333334,31.5334,False,16.26213895394223,6.015378610460577
613271,6502,32.071666666666665,33.1128,6502.0,395.595,32.817699999999995,6502.0,132.48166666666665,32.8314,True,12.334719118640546,4.130800810684405
613352,6918,53.291666666666664,45.217,6502.0,1971.6433333333334,163.8774,6502.0,964.7283333333332,165.5623,False,36.99721657544957,18.102799061767005
613355,3727,239.16,222.1571,3494.0,3670.038333333333,305.2095,3494.0,1616.37,324.2155,False,15.345535764063108,6.7585298544907175
613386,6502,35.29333333333333,33.2274,,,,,,,False,,
613394,6918,77.26833333333335,58.7631,6502.0,820.2533333333333,68.1412,6502.0,274.29833333333335,68.1412,False,10.61564677207135,3.549944996872371
613397,6919,14.561666666666667,9.7433,6502.0,349.46666666666664,29.0503,6502.0,128.78666666666666,31.8056,False,23.999084353897217,8.844225706764334
613406,23733,23.315,14.992299999999998,23733.0,172.46666666666667,14.3333,23733.0,58.013333333333335,14.334,True,7.397240689112874,2.4882407605976122
613465,30057,32.705,36.3876,30057.0,618.2099999999999,51.383300000000006,30057.0,315.84000000000003,53.475300000000004,True,18.902614279162208,9.657238954288337
613597,8269,11.326666666666666,7.9718,27733.0,92.57,7.6869,27733.0,31.636666666666667,7.6875,False,8.172748675691583,2.7931135962330784
613618,6732,311.35166666666663,316.5288,,,,,,,False,,
613629,6918,59.92666666666666,52.960699999999996,6918.0,566.1833333333333,47.0837,6918.0,239.33333333333334,51.439699999999995,True,9.447936366670374,3.993770163533208
613655,3754,13.096666666666666,12.6696,3754.0,150.06,12.476299999999998,3754.0,51.266666666666666,12.476299999999998,True,11.457877322473912,3.9144820565029272
613662,6502,21.945,21.0304,6502.0,253.52166666666665,21.076700000000002,6502.0,93.44,21.107,True,11.552593605225184,4.257917521075416
613665,6502,32.99333333333333,34.488,6502.0,415.64000000000004,34.5205,6502.0,139.57666666666668,34.5646,True,12.597696504344313,4.230450596080017
613683,3523,34.85,19.797400000000003,3523.0,231.47666666666666,19.2405,3523.0,77.87666666666668,19.2428,True,6.64208512673362,2.2346245815399333
613701,4370,19.513333333333332,19.6148,4370.0,283.07,23.5362,30057.0,132.65666666666667,29.7443,True,14.5064912880082,6.798257601639905
613753,4370,82.525,113.43310000000001,4370.0,1607.95,133.52929999999998,4370.0,1049.7266666666667,147.6118,True,19.484398667070582,12.720105018681208
613794,6580,26.988333333333333,27.1333,6580.0,390.89666666666665,32.491,6580.0,137.07833333333335,32.81,True,14.48391280182795,5.079170011733465
613811,30057,11.276666666666667,8.2845,10972.0,108.70333333333333,9.0329,10972.0,63.95166666666667,9.1417,False,9.639668932899793,5.671149866981969
613865,3792,100.63666666666667,61.3256,3792.0,737.2666666666667,61.293800000000005,3792.0,276.42833333333334,61.3004,True,7.3260243118810235,2.746795402603425
613898,6502,79.98666666666666,77.0841,,,,,,,False,,
613913,8154,13.315,14.4251,37376.0,159.30666666666667,13.2403,37376.0,86.63833333333334,13.349200000000002,False,11.9644511202904,6.506821880085117
613919,6352,34.401666666666664,37.7526,6352.0,312.975,26.0202,6352.0,144.06666666666666,26.1274,True,9.097669686546196,4.187781599728695
613927,3655,46.80166666666666,47.636300000000006,3655.0,577.9266666666666,48.056400000000004,3655.0,197.325,48.4804,True,12.348420640290588,4.216196004415798
613946,6919,61.49666666666667,41.2989,,,,,,,False,,
613959,3494,139.5366666666667,111.57419999999999,11775.0,1207.4566666666665,100.3793,11775.0,563.3283333333333,101.2265,False,8.65332887413105,4.037134803277512
613975,4370,24.868333333333332,27.1196,4370.0,397.25333333333333,32.998,30057.0,174.60833333333332,42.0474,True,15.97426445948663,7.021312244487635
614018,3770,70.50166666666668,50.3099,3770.0,604.0816666666667,50.2315,3770.0,288.56666666666666,50.2398,True,8.56833171792629,4.093047445686862
614046,6502,17.921666666666667,20.4275,,,,,,,False,,
614090,6502,25.08,21.600099999999998,6502.0,257.935,21.4405,6502.0,87.59666666666666,21.4715,True,10.284489633173845,3.4926900584795324
614112,3494,95.35333333333332,86.4498,3494.0,981.4833333333333,81.6284,3494.0,359.2866666666667,83.2452,True,10.293120324407468,3.767950779556737
614163,3792,50.781666666666666,34.4811,3792.0,622.4516666666666,51.755900000000004,3655.0,286.6116666666667,60.3366,True,12.25740916997604,5.643998818471234
614208,6359,181.04666666666665,147.7751,6918.0,607.285,50.5131,6918.0,285.95166666666665,54.869,False,3.354300916890673,1.5794362411164709
614212,3523,196.17833333333334,204.6474,3523.0,2314.5933333333332,192.4511,3523.0,773.3633333333333,192.4594,True,11.798414707706423,3.94214447738877
614215,6580,57.695,53.1487,6580.0,553.0833333333334,45.9212,6580.0,187.39666666666665,46.4476,True,9.586330415691712,3.2480573128809542
614230,6580,37.535,34.0721,,,,,,,False,,
614258,8269,67.315,67.8613,6502.0,903.5633333333334,75.0158,6502.0,303.43,75.0692,False,13.422912179058656,4.507613459110154
614323,4370,123.72333333333333,148.457,4370.0,1612.145,133.8013,4370.0,994.81,144.83939999999998,True,13.030242207074926,8.040601341703262
614331,3727,102.485,136.0685,3494.0,1709.3833333333334,142.1481,3494.0,581.8199999999999,142.30689999999998,False,16.679351449805665,5.677123481485094
614378,30057,13.906666666666666,13.2101,10972.0,230.23,19.1013,10972.0,78.38166666666666,19.2025,False,16.555369127516776,5.636265580057526
614380,4370,103.75666666666666,126.601,4370.0,1469.175,121.9729,4370.0,944.615,134.83329999999998,True,14.15981302406271,9.104137886722139
614416,3494,104.84666666666666,90.21119999999999,3494.0,728.8516666666667,60.607099999999996,3494.0,280.9216666666667,60.6388,True,6.951595981433204,2.6793571564824825
614479,6580,34.17166666666667,17.1739,,,,,,,False,,
614574,6580,28.303333333333335,30.2437,,,,,,,False,,
614614,6502,17.871666666666666,20.495,6502.0,508.6633333333333,42.2428,6502.0,170.91333333333333,42.3475,True,28.461997575305418,9.56336846031894
614635,6918,25.015,25.9954,6918.0,256.1483333333333,21.301299999999998,6918.0,102.825,25.4952,True,10.239789459657537,4.110533679792125
614706,3727,247.06666666666666,188.7866,3494.0,2785.625,231.5698,3494.0,1355.2050000000002,251.076,False,11.274790879654613,5.485179438747977
614712,6580,57.78666666666666,50.6269,6580.0,506.37166666666667,42.0442,6580.0,171.7866666666667,42.5706,True,8.762776880479928,2.9727734194739277
614823,6502,22.035,23.1784,6502.0,476.9633333333333,39.601699999999994,6502.0,160.40333333333334,39.7064,True,21.645715150139928,7.279479615762802
614881,3727,66.87666666666667,56.5477,3727.0,702.6316666666667,58.4133,3727.0,244.71,58.8299,True,10.506379903304591,3.65912376015551
614960,4370,85.235,115.1183,4370.0,1586.7333333333333,131.7657,4370.0,1032.0416666666667,145.8483,True,18.615983261962025,12.108191079564342
614973,6919,34.22166666666667,23.6639,6502.0,453.4866666666667,37.702,6502.0,160.16333333333333,39.5997,False,13.251448887157258,4.680173379437977
614975,8154,35.82833333333333,25.8669,3655.0,327.65166666666664,27.247,3655.0,116.57833333333333,27.6613,False,9.145043494441085,3.253802856212495
614981,6732,96.07166666666667,49.868,23733.0,623.0783333333333,51.779,23733.0,283.155,52.1109,False,6.485557656610515,2.947330985548982
614987,6580,57.468333333333334,53.0441,6580.0,553.0833333333334,45.9212,6580.0,187.39666666666665,46.4476,True,9.624140831182391,3.2608683042835183
614989,6918,64.04333333333334,56.4995,6918.0,608.605,50.6225,6918.0,286.5416666666667,54.9785,True,9.50301878936137,4.474184146151043
615028,10972,11.261666666666667,10.556299999999998,10972.0,126.58833333333334,10.4933,10972.0,44.535,10.5401,True,11.240639336983868,3.954565635637117
615038,3792,155.95166666666668,157.2005,3792.0,1862.2433333333333,154.83089999999999,3792.0,701.8933333333333,159.3225,True,11.941156982398391,4.5007106902779705
615042,6580,27.941666666666666,38.2562,6580.0,623.2816666666666,51.7834,6580.0,288.72,52.3099,True,22.306531464360273,10.332955562183122
615052,6502,4.046666666666667,3.6364,6502.0,44.30333333333333,3.6828000000000003,6502.0,16.016666666666666,3.7131,True,10.948105436573309,3.957990115321252
615075,3727,196.16833333333335,214.559,3523.0,2118.4283333333333,176.2044,3523.0,770.785,181.159,False,10.799033143303793,3.9292019609009263
615092,3792,81.81,58.8752,3792.0,637.785,53.014199999999995,3792.0,249.70666666666665,54.646699999999996,True,7.795929592959295,3.052275597930163
615191,6918,20.861666666666668,23.5984,6502.0,2023.2683333333334,168.1785,6502.0,967.7933333333333,169.8559,False,96.9849804266198,46.39098825597187
615206,3523,147.73833333333332,139.3199,3523.0,1642.1850000000002,136.5513,3523.0,548.9316666666667,136.5573,True,11.115496993558434,3.7155669370395867
615212,6352,29.31,33.3843,6352.0,274.7683333333333,22.8458,6352.0,112.23166666666665,22.953,True,9.374559308540885,3.8291254406914588
615234,6580,24.756666666666668,28.7672,,,,,,,False,,
615294,6733,49.245,22.575400000000002,6733.0,363.9916666666667,22.3292,6733.0,170.63833333333332,27.6812,True,7.391444139844993,3.4650895183944224
615299,3494,112.4,100.72019999999999,11775.0,1946.5449999999998,161.8388,3494.0,781.9599999999999,186.5265,False,17.318016014234875,6.956939501779359
615314,6502,48.275,59.789,6502.0,1100.5516666666667,91.4518,6502.0,373.62666666666667,92.9097,True,22.79754876575177,7.739547730018988
615351,3494,94.39833333333333,68.2257,11775.0,623.4466666666667,51.8149,11775.0,326.10999999999996,52.1477,False,6.604424513144654,3.454616077261251
615353,8269,76.25333333333333,81.2645,6502.0,1058.055,87.852,6502.0,355.46500000000003,87.91380000000001,False,13.875524567232034,4.661632278370345
615365,6580,48.285,45.090300000000006,6580.0,450.69166666666666,37.4425,6580.0,164.47166666666666,37.969,True,9.333989161575369,3.40626833730282
615384,11775,77.08500000000001,46.4478,11775.0,473.18333333333334,39.3273,11775.0,205.26833333333335,39.4236,True,6.138461871094679,2.6628829646926553
615425,3655,10.568333333333333,10.8591,3655.0,130.81,10.8765,3655.0,49.72666666666667,10.9569,True,12.377542974294276,4.705251537612364
615478,6502,15.416666666666666,14.4628,6919.0,145.88,12.121799999999999,6919.0,49.266666666666666,12.121799999999999,False,9.462486486486487,3.195675675675676
615497,3727,112.54166666666667,103.8924,3727.0,2166.0783333333334,180.12810000000002,3727.0,1301.3933333333334,180.7381,True,19.246901147723065,11.563657904479822
615507,3792,32.42666666666666,26.4668,3792.0,272.415,22.649099999999997,3792.0,148.66833333333335,22.9205,True,8.400956003289476,4.584755345394738
615508,6919,34.06166666666667,47.86,6502.0,926.5866666666666,76.99289999999999,6502.0,374.2366666666667,79.796,False,27.203209864461513,10.987033321916133
615584,8269,6.963333333333334,5.3332,8269.0,71.67,5.9642,8269.0,24.855,6.0038,True,10.292484442316898,3.569411201531833
615612,6502,47.49,57.2131,6502.0,1069.2666666666667,88.86489999999999,6502.0,365.10999999999996,90.3338,True,22.51561732294518,7.688144872604758
615630,6502,86.95833333333333,93.2881,6502.0,1234.6483333333333,102.6726,6502.0,509.22666666666663,126.30839999999999,True,14.198160038332535,5.855984666986104
615653,8269,54.17666666666666,45.6087,6502.0,1193.1583333333333,99.1016,6502.0,474.26,99.1153,False,22.02347258967575,8.753953116347752
615655,6502,83.515,78.06230000000001,6502.0,1319.975,109.7204,6502.0,591.7533333333333,111.4874,True,15.805244566844278,7.085593406374104
615662,8269,8.363333333333333,6.6928,8269.0,65.00833333333334,5.4131,8269.0,23.973333333333336,5.769699999999999,True,7.773017138302113,2.8664806695894782
615666,3727,30.154999999999998,30.33,3727.0,2656.1216666666664,220.8504,3727.0,1582.74,221.4665,True,88.08229702094732,52.486818106450016
615698,6359,162.64,132.2871,,,,,,,False,,
615719,3727,11.056666666666667,5.3728,3727.0,72.25333333333333,6.0038,3727.0,24.628333333333334,6.0061,True,6.534820621043111,2.22746457642448
615725,3727,27.303333333333335,26.3785,3727.0,2656.1216666666664,220.8504,3727.0,1582.74,221.4665,True,97.28195580515198,57.968746184837016
615769,6919,10.463333333333333,5.3048,6502.0,427.1716666666667,35.5085,6502.0,154.77333333333334,38.2638,False,40.82558139534884,14.79197196559414
615802,3792,68.41499999999999,64.7452,3792.0,766.8316666666667,63.755,3792.0,298.01,68.2351,True,11.208531267509564,4.3559161002704085
615814,6919,21.618333333333332,16.0812,6502.0,306.21,25.461299999999998,6502.0,103.63000000000001,25.515,False,14.164366664096832,4.79361652918048
615818,3494,54.736666666666665,67.3015,3494.0,740.2883333333334,61.5555,3494.0,254.41,60.9937,True,13.52454174532611,4.647889897083004
615864,6502,27.23166666666667,26.7076,6502.0,434.1383333333333,36.0404,6502.0,145.87833333333336,36.134800000000006,True,15.942407736091559,5.356937389069099
615884,6359,110.29833333333333,93.3463,,,,,,,False,,
615993,3754,75.25833333333334,75.58760000000001,3754.0,892.9633333333334,74.25739999999999,3754.0,328.78333333333336,74.7404,True,11.865308382238954,4.368729930240283
616015,6919,51.05,29.1328,6502.0,678.8216666666667,56.4371,6502.0,308.4266666666666,59.1923,False,13.29719229513549,6.04165850473392
616017,6502,77.02333333333333,86.8255,6502.0,1226.9850000000001,102.0146,6502.0,481.97166666666664,119.8458,True,15.930042844159782,6.25747608949669
616025,4370,100.12166666666667,105.0898,4370.0,1625.2566666666667,135.0589,30057.0,999.2883333333334,161.0172,True,16.232816739633446,9.980740099545553
616029,6733,38.86,32.3425,6733.0,395.845,23.354200000000002,6733.0,244.96833333333333,29.356099999999998,True,10.186438497169327,6.303868588094013
616087,6502,33.961666666666666,45.5471,6502.0,1023.5233333333333,85.0689,6502.0,386.545,86.5949,True,30.137606124552192,11.381803013201159
616112,3523,129.90166666666667,94.36410000000001,3523.0,1134.55,94.3463,3523.0,379.0433333333333,94.3486,True,8.733914114522523,2.917925097188899
616133,3523,97.66666666666667,103.63260000000001,3523.0,1214.1016666666667,100.9618,3523.0,405.49833333333333,100.96419999999999,True,12.431075085324231,4.151860068259386
616137,6502,88.14666666666668,81.106,6502.0,1356.55,112.7641,6502.0,622.3516666666667,114.53110000000001,True,15.389691423385266,7.060410679171078
616144,3494,156.54666666666665,123.7554,11775.0,1336.3266666666668,111.0889,11775.0,608.1416666666667,111.936,False,8.536283110467593,3.884730857678222
616174,6919,64.11666666666666,68.843,6502.0,1148.4683333333335,95.4221,6502.0,505.635,98.2362,False,17.912165323628805,7.8861710423706795
616203,3523,23.846666666666668,22.415,3523.0,1214.1166666666666,100.95339999999999,3523.0,670.5083333333333,100.9592,True,50.9134749790327,28.117486720715682
616210,37376,151.45499999999998,127.3575,11775.0,2224.1566666666668,184.92239999999998,11775.0,955.3583333333333,185.7696,False,14.685264049827783,6.307869224081961
616249,30057,24.488333333333333,26.9425,30057.0,306.52000000000004,25.5009,30057.0,127.22333333333333,25.8458,True,12.516980875246718,5.195263050432178
616250,6502,31.58,32.6643,6502.0,390.2,32.369099999999996,6502.0,130.68333333333334,32.382799999999996,True,12.355921469284358,4.138167616635001
616253,3792,46.82,34.365199999999994,3792.0,308.5683333333333,25.629900000000003,3792.0,105.75666666666666,25.629900000000003,True,6.590523992595757,2.258792538801082
616256,6502,14.951666666666666,17.2497,6502.0,235.24166666666667,19.564700000000002,6502.0,88.23,19.7255,True,15.733474529038013,5.901014379667819
616289,6352,26.363333333333333,21.5622,6352.0,118.60333333333332,9.8669,6352.0,40.035,9.8669,True,4.4987988367682386,1.5185864205335693
616333,3727,10.636666666666667,14.9719,3727.0,76.10333333333332,6.3372,3727.0,25.845000000000002,6.3532,True,7.154810404261986,2.429802569727358
616342,8012,3.32,1.4839,8012.0,20.121666666666666,1.674,8012.0,9.91,1.674,True,6.06074297188755,2.984939759036145
616349,6502,70.36666666666666,73.82119999999999,6502.0,629.7816666666666,52.2779,6502.0,210.74666666666664,52.2779,True,8.950000000000001,2.9949786830885836
616368,30057,11.491666666666667,9.9497,10972.0,126.37666666666668,10.4901,10972.0,55.361666666666665,13.3297,False,10.997244379985498,4.817548948513415
616371,6580,42.105000000000004,45.8272,,,,,,,False,,
616408,6919,40.27333333333333,28.600099999999998,,,,,,,False,,
616410,6919,38.281666666666666,30.0673,6502.0,690.255,57.3717,6502.0,242.65666666666667,60.1269,False,18.030954765118203,6.338717401715355
616563,6502,78.66166666666666,52.8392,6502.0,636.6616666666666,52.8856,6502.0,217.78166666666667,54.0441,True,8.093671207915758,2.768586986461004
616582,6502,72.705,50.367,6502.0,606.9066666666666,50.4133,6502.0,207.86499999999998,51.5719,True,8.347523095614699,2.8590193246681794
616585,3727,159.625,137.4841,3727.0,2027.0783333333334,168.57479999999998,3727.0,1113.4283333333333,169.0989,True,12.699002871312974,6.975275385016967
616587,6733,24.571666666666665,26.404,6733.0,366.3833333333333,19.132900000000003,6733.0,209.47,25.1348,True,14.910805127857289,8.524859255239775
616637,6359,145.38,126.07289999999999,,,,,,,False,,
616638,3727,156.85,198.17079999999999,3494.0,1768.615,147.0761,3494.0,606.6733333333334,147.2359,False,11.275836786738923,3.8678567633620236
616645,4370,93.10666666666665,124.3309,,,,,,,False,,
616692,4370,81.54666666666667,111.856,4370.0,1609.4066666666665,133.6509,4370.0,1050.94,147.7335,True,19.736020274689338,12.887589928057555
616703,8154,33.73833333333333,31.2821,8154.0,761.755,63.3224,37376.0,518.0166666666667,69.23389999999999,True,22.578323371041844,15.353949513412045
616713,6502,31.740000000000002,29.7027,6502.0,398.1166666666667,33.045300000000005,6502.0,133.87,33.1397,True,12.5430581810544,4.217706364209199
616800,3494,69.12833333333333,57.3731,3494.0,564.7683333333333,46.9844,3494.0,214.38666666666668,47.315599999999996,True,8.169853171637293,3.1012850495455315
616802,6918,56.415,50.084300000000006,6502.0,851.0533333333333,70.7079,6502.0,284.44,70.7079,False,15.085585984814912,5.041921474785075
616832,6918,54.25666666666667,45.611599999999996,6502.0,1976.5316666666665,164.27939999999998,6502.0,966.3616666666666,165.9569,False,36.42928672359771,17.810929532469125
616841,4370,28.458333333333332,29.019099999999998,4370.0,347.4433333333333,28.8609,4370.0,175.01000000000002,31.268099999999997,True,12.208843338213763,6.1496925329428995
616845,6918,72.43333333333334,62.0848,6502.0,1804.3183333333334,149.9973,6502.0,886.0683333333333,151.71439999999998,False,24.91005522319374,12.232880809940173
616884,3770,54.77833333333333,23.069599999999998,3770.0,276.15,22.960900000000002,3770.0,128.37,22.960900000000002,True,5.041226762406061,2.343444792649162
616901,3754,20.63,19.1311,3754.0,227.72833333333335,18.9378,3754.0,77.56833333333334,18.9378,True,11.038697689449023,3.7599773792211995
616952,6918,64.18833333333333,56.5672,6918.0,609.4216666666667,50.6902,6918.0,286.6633333333333,55.046099999999996,True,9.494274660504246,4.465972528756523
616954,6580,41.105000000000004,30.1367,6580.0,355.8316666666667,29.535700000000002,6580.0,119.48,29.5757,True,8.656651664436605,2.9067023476462714
617081,6502,31.334999999999997,31.5793,,,,,,,False,,
617117,6502,83.56666666666666,91.1723,6502.0,1255.0183333333334,104.36280000000001,6502.0,499.4166666666667,124.1926,True,15.018169126445953,5.976266453928999
617130,6732,63.45666666666667,61.2605,6732.0,829.975,68.9794,6732.0,364.68333333333334,68.9799,True,13.079398014393023,5.746966433786836
617147,3727,50.05333333333333,69.2584,3727.0,2581.875,214.6674,3727.0,1586.9550000000002,215.2835,True,51.58247868939798,31.705281033564205
617161,6919,29.56,19.4332,6502.0,385.00333333333333,32.004599999999996,6502.0,143.29666666666665,34.7008,False,13.0244700045106,4.84765448804691
617164,6919,87.99666666666667,48.4471,,,,,,,False,,
617191,3727,115.36333333333333,105.05760000000001,3727.0,2180.1466666666665,181.2933,3727.0,1306.0866666666666,181.9033,True,18.898090092172556,11.321505966656073
617283,30057,24.353333333333335,30.4724,30057.0,412.34000000000003,34.3128,30057.0,165.38500000000002,35.9478,True,16.931563098822885,6.791062140706269
617294,3494,166.73833333333332,91.1041,11775.0,1533.7216666666668,127.4777,11775.0,806.0833333333334,127.9025,False,9.198374698879483,4.83442119888448
617297,3754,0.6883333333333332,0.6245,3770.0,248.52,20.6553,3770.0,85.86333333333333,20.8413,False,361.04600484261505,124.7409200968523
617298,26411,15.57,6.458399999999999,26411.0,76.42666666666668,6.3495,26411.0,27.33833333333333,6.458399999999999,True,4.908584885463498,1.7558338685506314
617333,6502,25.986666666666668,27.8537,6502.0,651.875,54.152699999999996,6502.0,229.05,54.252,True,25.084979476654695,8.814135454079015
617357,3523,22.34,11.6785,3523.0,123.385,10.2648,3523.0,41.90333333333333,10.275799999999998,True,5.5230528200537155,1.8757087436586093
617407,6580,16.206666666666667,21.854200000000002,,,,,,,False,,
617411,6502,33.49666666666666,28.9761,6502.0,344.98333333333335,28.6303,6502.0,115.75500000000001,28.6334,True,10.299034729823864,3.4557169867648527
617445,35125,64.615,53.2948,35125.0,576.285,47.8947,35125.0,205.745,47.9164,True,8.91874951636617,3.184167762903351
617497,30057,13.97,10.0565,10972.0,125.39833333333333,10.4264,10972.0,73.04833333333333,11.3658,False,8.976258649486995,5.228942973037461
617514,3754,98.60166666666667,99.3845,3754.0,1179.095,98.046,3754.0,397.54833333333335,98.5373,True,11.958165007352816,4.031862206521188
617522,6502,21.278333333333332,25.898,6502.0,597.1083333333333,49.6028,6502.0,206.61,49.7021,True,28.06179995300384,9.709877026709487
617524,6580,38.294999999999995,34.770199999999996,6580.0,405.69,33.6827,6580.0,138.19333333333333,34.209199999999996,True,10.593811202506856,3.608652130391261
617545,3494,19.83,18.7254,3494.0,452.5383333333333,37.6109,3494.0,302.15166666666664,38.1725,True,22.820894267944194,15.237098672045722
617573,6919,6.781666666666666,5.2548,6919.0,71.76166666666667,5.9588,6919.0,24.573333333333334,5.9588,True,10.581715409191448,3.6234947161464737
617590,3770,53.95333333333333,37.338800000000006,3770.0,426.6166666666667,35.4694,3770.0,182.09,35.654900000000005,True,7.907141974545904,3.3749536636599533
617612,6352,16.575,9.0369,6352.0,108.75166666666668,9.0369,6352.0,36.64833333333333,9.0369,True,6.561186525892409,2.2110608345902465
617629,3754,14.966666666666667,14.694600000000001,3754.0,174.4116666666667,14.501299999999999,3754.0,59.40333333333333,14.501299999999999,True,11.65334075723831,3.9690423162583515
617642,3792,141.395,147.2595,3792.0,1742.8683333333333,144.88989999999998,3792.0,662.225,149.38139999999999,True,12.326237372844394,4.683510732345557
617665,6352,10.663333333333332,4.4266000000000005,6352.0,51.405,4.277699999999999,6352.0,35.99666666666667,4.277699999999999,True,4.820725226633323,3.3757424195060963
617670,6502,57.11,57.899800000000006,6502.0,692.7066666666667,57.533300000000004,6502.0,231.55333333333334,57.533300000000004,True,12.129341037763382,4.054514679273916
617711,6733,113.185,43.7191,6733.0,825.3199999999999,42.9227,6733.0,435.7433333333333,57.4611,True,7.291778945973405,3.849832869490951
617836,3727,146.18666666666667,128.5704,3727.0,1919.9333333333334,159.661,3727.0,1077.62,160.1851,True,13.1334367019336,7.371534111638088
617880,6919,60.291666666666664,47.040099999999995,6502.0,894.7366666666666,74.3445,6502.0,362.90999999999997,77.0997,False,14.84013821700069,6.0192398064961985
617908,4370,26.371666666666666,31.007,4370.0,446.4266666666666,37.069900000000004,30057.0,208.61833333333334,49.5296,True,16.928268975541933,7.910699614485243
617991,3494,50.181666666666665,61.817099999999996,3494.0,663.0283333333333,55.1353,3494.0,223.67333333333332,55.1514,True,13.212561028263973,4.4572719120528745
618010,6918,52.57166666666667,54.319300000000005,6502.0,1679.9433333333334,139.643,6502.0,844.2,141.2962,False,31.955299115493133,16.058079447103953
618065,6502,31.403333333333332,20.991400000000002,,,,,,,False,,
618099,6502,19.458333333333332,26.44,6502.0,633.5916666666667,52.6334,6502.0,221.43333333333334,52.732699999999994,True,32.56145610278373,11.379871520342613
618174,3754,39.57333333333334,34.4567,3754.0,358.6616666666667,29.814700000000002,3754.0,120.86666666666666,29.8195,True,9.063215970350404,3.0542452830188673
618213,6502,26.71833333333333,26.321099999999998,6502.0,468.0366666666667,38.863800000000005,6502.0,157.18166666666667,38.9582,True,17.51743496974612,5.882914353440211
618288,3494,24.023333333333333,21.642,3494.0,451.3933333333333,37.5204,3494.0,301.81666666666666,38.082,True,18.78978770639656,12.563479950048563
618293,6919,36.49,30.1205,6919.0,114.43166666666666,9.5051,6919.0,38.665,9.5051,True,3.1359733260253946,1.059605371334612
618302,6732,65.215,42.3228,6732.0,592.6550000000001,49.2794,6732.0,301.57,49.4976,True,9.0877098826957,4.624242888905926
618317,8269,11.546666666666665,8.6084,27733.0,113.32833333333333,9.4188,27733.0,38.519999999999996,9.4188,False,9.814809468822173,3.336027713625866
618325,6502,32.75666666666667,33.7394,6502.0,403.14166666666665,33.444199999999995,6502.0,134.98833333333334,33.4579,True,12.307163936094433,4.120942301821512
618326,6502,11.053333333333335,12.4291,6502.0,209.12666666666667,17.3868,6502.0,77.56166666666667,19.151,True,18.919782870928827,7.017038600723763
618335,3792,65.67166666666667,46.5361,3792.0,516.42,42.9369,3655.0,213.405,51.48,True,7.86366520315712,3.249574905464051
618339,3792,24.69,19.6996,3792.0,132.035,10.9644,3792.0,45.21,10.9644,True,5.347711624139327,1.8311057108140947
618342,3494,154.61499999999998,124.8165,11775.0,1366.5166666666667,113.6039,11775.0,616.35,114.45110000000001,False,8.838189481400038,3.9863531998835824
618349,6359,152.37166666666664,129.5097,,,,,,,False,,
618429,3494,150.86166666666668,150.5608,3494.0,1696.5566666666666,141.07070000000002,3494.0,597.3783333333333,142.8921,True,11.24577703635781,3.959775511782317
618453,37376,147.19666666666666,133.521,11775.0,1472.7383333333335,122.4529,11775.0,663.9300000000001,123.3001,False,10.005242419438847,4.510496161597863
618465,6502,79.11166666666666,57.9959,6502.0,697.6916666666667,58.042300000000004,6502.0,254.21,58.086400000000005,True,8.819074304253482,3.2133060863336635
618475,6919,21.08,19.9028,6919.0,128.86833333333334,10.7019,6919.0,43.47666666666667,10.7019,True,6.113298545224542,2.062460468058191
618481,6502,95.35,67.898,6502.0,801.34,66.64489999999999,6502.0,360.99833333333333,67.97460000000001,True,8.40419507079182,3.7860339101555676
618495,3727,88.16666666666667,102.0389,3494.0,1349.97,112.2134,3494.0,459.1116666666667,112.4213,False,15.31156899810964,5.207315689981097
618527,3727,18.941666666666666,18.9885,3727.0,203.77,16.9518,3727.0,92.02166666666668,16.9518,True,10.757765068191818,4.858161020677519
618550,6732,71.99333333333334,53.854099999999995,6732.0,717.9916666666667,59.6641,6732.0,274.79,59.6641,True,9.973029910176868,3.816881192703028
618598,6919,34.15333333333333,42.0623,6502.0,686.2266666666667,57.0199,6502.0,241.4,59.7751,False,20.09252391177045,7.068124146008199
618617,6502,12.805,14.5721,6502.0,217.19166666666666,18.0834,6502.0,119.985,18.113799999999998,True,16.96147338279318,9.370167903162827
618634,6919,34.64833333333333,45.2466,6502.0,926.5866666666666,76.99289999999999,6502.0,374.2366666666667,79.796,False,26.742604261869257,10.80100052912598
618677,37376,200.54,170.9482,11775.0,1807.1766666666667,150.272,11775.0,768.01,151.27339999999998,False,9.011552142548453,3.8297097835843226
618683,3754,23.126666666666665,20.395799999999998,3754.0,242.89166666666668,20.2025,3754.0,85.76666666666667,21.141599999999997,True,10.502666474488326,3.708561545113866
618687,3494,47.72,66.5765,3494.0,709.3566666666667,58.9826,3494.0,243.44333333333333,59.141400000000004,True,14.86497625034926,5.1014948309583685
618713,6918,18.053333333333335,19.621599999999997,6918.0,190.74833333333333,15.858,6918.0,83.675,20.5334,True,10.565823485967503,4.634878138847858
618725,6580,79.375,94.41189999999999,,,,,,,False,,
618820,3727,181.52166666666665,104.1394,3727.0,1047.8816666666667,87.1228,3727.0,571.7483333333333,87.54360000000001,True,5.77276358194155,3.1497525547914393
618853,6918,56.31166666666666,55.8347,6502.0,1659.0866666666666,137.9093,6502.0,827.385,139.5624,False,29.462574362920652,14.692958830319355
618908,8269,39.22666666666667,38.801199999999994,6502.0,740.36,61.444,6502.0,252.65833333333333,61.457699999999996,False,18.873895309313394,6.440984024473147
618915,6502,61.376666666666665,73.79960000000001,6502.0,1072.3616666666667,89.1563,6502.0,430.02166666666665,106.9204,True,17.47181339271167,7.006272742084397
618928,3727,24.706666666666667,18.560299999999998,3727.0,192.36,16.0031,3727.0,82.51666666666667,16.0031,True,7.785752833243389,3.3398542903399893
618948,6502,26.638333333333332,22.633599999999998,6502.0,275.70166666666665,22.9195,6502.0,93.98666666666666,22.9505,True,10.34980917224551,3.5282487643120817
618983,3727,252.04500000000002,276.1572,11775.0,3447.5,286.6575,11775.0,1785.845,316.7598,False,13.678113035370668,7.085421254141125
619040,3727,145.70333333333335,162.714,3494.0,1862.2433333333333,154.84789999999998,3494.0,647.7233333333334,155.00779999999997,False,12.781061975246505,4.445494269177095
619056,6502,88.29833333333333,81.2079,6502.0,1357.775,112.866,6502.0,623.3733333333333,114.63289999999999,True,15.377130561165746,7.059853904377206
619073,30057,45.858333333333334,48.6525,30057.0,599.0966666666667,49.8015,30057.0,286.78499999999997,50.9108,True,13.06407414137743,6.25371615482464
619198,37376,60.19833333333334,38.565,8154.0,439.75333333333333,36.5492,11775.0,166.42666666666668,39.786300000000004,False,7.305074891331432,2.7646391096099006
619202,3727,156.00166666666667,147.491,3727.0,2136.9383333333335,177.7031,3727.0,1150.0183333333334,178.2272,True,13.698176301535241,7.371833634256045
619214,37376,154.54666666666665,117.9495,11775.0,1645.1733333333332,136.803,11775.0,742.4183333333333,137.6502,False,10.645155724268829,4.803845656112501
619337,3494,81.53,54.191199999999995,11775.0,1277.055,106.16189999999999,11775.0,719.7316666666667,106.5595,False,15.66362075309702,8.827813892636657
619438,3727,234.15333333333334,182.5525,3494.0,2710.6266666666666,225.3357,3494.0,1329.7966666666666,244.84189999999998,False,11.576289041368902,5.679170344218887
619476,6502,16.143333333333334,16.907400000000003,6502.0,203.85166666666666,16.9537,6502.0,68.85166666666667,16.984099999999998,True,12.627606855255006,4.265021680776378
619524,6502,58.10333333333333,66.71,6502.0,1120.0416666666667,93.1187,6502.0,413.81,99.8307,True,19.276719637427572,7.121966611209913
619611,30057,40.166666666666664,44.496900000000004,30057.0,517.5783333333334,43.0426,30057.0,251.39666666666665,44.151900000000005,True,12.885767634854773,6.258838174273858
619625,37376,162.37333333333333,121.20689999999999,11775.0,1605.995,133.5456,11775.0,722.825,134.3929,False,9.890755871243226,4.45162382985712
619648,3727,72.39166666666667,58.8371,3727.0,730.1866666666666,60.7027,3727.0,253.90333333333334,61.1193,True,10.086612179118221,3.5073558190399448
619659,6502,19.178333333333335,19.8603,6502.0,236.00833333333333,19.578799999999998,6502.0,79.03,19.578799999999998,True,12.305987659685409,4.120796037194751
619878,6919,3.9683333333333333,2.7702,6919.0,33.27166666666667,2.7647,6919.0,11.975,2.7685999999999997,True,8.384292314153717,3.017639647207056
619892,30057,93.15,94.98039999999999,30057.0,898.5400000000001,74.792,30057.0,429.84166666666664,85.1016,True,9.646162104133118,4.614510645911611
619998,6918,51.90333333333333,52.9714,6502.0,1720.6399999999999,143.025,6502.0,858.2016666666666,144.6979,False,33.15085736304669,16.534615631622888
620006,6502,84.935,89.20410000000001,6502.0,1256.3583333333333,104.4666,6502.0,520.5833333333334,122.2307,True,14.79199780224093,6.129196836796766
620008,6359,137.56166666666667,107.9851,,,,,,,False,,
620027,37376,198.1616666666667,169.6312,11775.0,1791.2733333333333,148.95510000000002,11775.0,762.5716666666667,149.9515,False,9.03945431760263,3.8482299805714186
620035,8269,67.97666666666666,68.2997,6502.0,902.1366666666667,74.8956,6502.0,302.25333333333333,74.949,False,13.271269553278087,4.446427695777963
620118,11775,62.26833333333333,55.230199999999996,11775.0,467.47666666666663,38.854800000000004,11775.0,174.18833333333333,38.951,True,7.50745429726185,2.7973822970477236
620119,8269,16.871666666666666,13.2105,8269.0,143.36333333333332,11.907399999999999,8269.0,53.47666666666667,13.1108,True,8.497283414007704,3.1696137508643685
620155,3770,48.013333333333335,35.095699999999994,3770.0,399.7083333333333,33.2232,3770.0,137.73333333333332,33.4229,True,8.324944459872256,2.8686475978894745
620218,6502,80.93166666666666,88.7753,6502.0,1250.405,103.9644,6502.0,496.195,121.79560000000001,True,15.450132828106018,6.131036471097016
620223,6580,32.38,29.7132,6580.0,349.07,28.9892,6580.0,117.84166666666667,29.1522,True,10.780420012353304,3.639334980440601
620241,6919,25.053333333333335,26.0392,6919.0,128.86833333333334,10.7019,6919.0,43.47666666666667,10.7019,True,5.1437599787120805,1.7353645556146886
620251,3523,84.02333333333333,63.2829,3523.0,760.8466666666667,63.281099999999995,3523.0,254.375,63.2834,True,9.055183084063952,3.027432855952712
620275,8269,18.68,16.5753,8269.0,178.175,13.9839,8269.0,80.295,15.587299999999999,True,9.538276231263383,4.298447537473233
620279,6502,47.10166666666667,53.2865,6502.0,686.8533333333332,57.048300000000005,6502.0,359.0083333333333,57.048300000000005,True,14.582357312197018,7.621987898517391
620301,11775,33.553333333333335,32.2198,35125.0,397.7316666666667,33.053599999999996,11775.0,155.95166666666668,36.7518,False,11.853715477846215,4.647874031392808
620311,6580,38.68666666666666,37.698699999999995,6580.0,517.975,43.056400000000004,6580.0,179.55499999999998,43.3755,True,13.388979838014823,4.641263139755299
620316,6502,65.18333333333334,62.082,6502.0,1127.6233333333332,93.7448,6502.0,442.87,95.2027,True,17.299258501661978,6.794221426745078
620364,6733,67.85666666666667,63.8188,6502.0,1181.2883333333334,98.0905,6502.0,414.4166666666667,98.1523,False,17.408581814609224,6.10723584025151
620428,6502,57.265,58.002199999999995,6502.0,693.935,57.6358,6502.0,231.9633333333333,57.6358,True,12.117960359731073,4.050699962164207
620470,6919,14.151666666666667,8.9441,6502.0,375.8016666666666,31.239,6502.0,137.63500000000002,33.9942,False,26.555293840537036,9.725709574843954
620505,30057,14.886666666666667,12.045,10972.0,156.9116666666667,13.036,10972.0,82.97333333333333,13.1447,False,10.540416480071654,5.573667711598746
620507,3494,117.64,102.7038,3494.0,1824.2066666666665,151.6156,3494.0,636.3733333333333,151.8321,True,15.506687067890738,5.409497903207526
620508,6580,28.483333333333334,30.318099999999998,,,,,,,False,,
620549,6359,181.04666666666665,147.7751,6918.0,593.0066666666667,49.3261,6918.0,275.3316666666667,53.6821,False,3.275435431012262,1.5207773318113198
620593,3523,213.03,214.3673,3523.0,2431.491666666667,202.171,3523.0,812.3316666666667,202.17929999999998,True,11.413846250136913,3.8132266190990314
620675,8154,45.05833333333333,39.8318,8154.0,686.1016666666667,57.0296,37376.0,447.255,62.9411,True,15.226965045311635,9.926132790826706
620682,37376,59.336666666666666,38.251400000000004,8154.0,441.345,36.6856,11775.0,225.68833333333333,47.258300000000006,False,7.43798101230268,3.803522274029549
620697,6732,2.6683333333333334,2.2099,8012.0,27.488333333333333,2.2870999999999997,8012.0,14.916666666666666,2.4181999999999997,False,10.301686445971267,5.590256089943785
620707,4370,17.28166666666667,14.2495,4370.0,196.84666666666666,16.3533,4370.0,105.195,16.407400000000003,True,11.390490886295687,6.087086507859966
620725,3523,86.97,65.9614,3523.0,793.0550000000001,65.95960000000001,3523.0,264.7916666666667,65.9619,True,9.118719098539728,3.0446322486681234
620741,3523,21.313333333333333,29.0854,3523.0,389.60166666666663,32.3977,3523.0,152.27166666666665,32.4156,True,18.279715358148263,7.144432280262746
620752,4370,48.30333333333333,57.841699999999996,4370.0,1298.3516666666667,107.856,30057.0,859.8566666666667,133.8196,True,26.879131874956872,17.80118694362018
620863,3523,143.76166666666668,111.747,3523.0,1217.8683333333333,101.2042,3523.0,588.6766666666666,105.4263,True,8.471439999072539,4.094809696604333
620969,4317,10.491666666666667,5.8969,4317.0,71.15666666666667,5.899,4317.0,34.068333333333335,5.9077,True,6.78220810166799,3.247180301826847
620970,37376,173.72,153.9781,11775.0,1603.2283333333332,133.3019,11775.0,699.6716666666667,134.2984,False,9.228806892317138,4.027582700130479
621013,6919,26.933333333333334,37.8143,6502.0,686.2266666666667,57.0199,6502.0,241.4,59.7751,False,25.47871287128713,8.962871287128714
621021,3494,80.39833333333333,88.284,3494.0,822.325,68.34360000000001,3494.0,281.39500000000004,68.5515,True,10.228134911586062,3.5000103650573196
621054,4370,88.80666666666666,84.8834,4370.0,1623.0533333333333,134.8978,30057.0,1042.2283333333332,160.8614,True,18.276255536371146,11.735924480144133
621097,6733,39.36666666666667,45.5011,6502.0,1377.9833333333333,114.42710000000001,6502.0,486.39166666666665,115.9535,False,35.00381033022862,12.355419136325148
621229,6733,90.94333333333334,73.40039999999999,6502.0,1457.165,121.0153,6502.0,506.81666666666666,121.0771,False,16.022779752959718,5.572884213612872
621251,6919,76.67333333333333,77.1823,6502.0,1148.4683333333335,95.4221,6502.0,505.635,98.2362,False,14.978719241805063,6.594665681245109
621279,3494,51.74,69.7895,3494.0,748.0033333333333,62.1956,3494.0,256.32166666666666,62.3544,True,14.456964308723101,4.95403298544002
621288,6919,7.611666666666666,3.9895,6502.0,422.46500000000003,35.118199999999995,6502.0,153.125,37.873400000000004,False,55.502299102255314,20.117144733961027
621290,37376,197.405,169.6697,11775.0,1791.77,148.99360000000001,11775.0,762.6466666666668,149.99,False,9.07661913325397,3.8633604349771624
621331,3792,6.413333333333333,6.9007,3792.0,83.05333333333333,6.9007,3792.0,27.756666666666668,6.9007,True,12.95010395010395,4.3279625779625785
621371,6580,46.843333333333334,51.094800000000006,6580.0,567.2966666666667,47.128699999999995,6580.0,242.02333333333334,47.6551,True,12.110510211342776,5.166654806802818
621412,6502,5.153333333333333,6.1709,,,,,,,False,,
621438,3754,15.916666666666666,14.4894,3754.0,171.915,14.294,3754.0,59.281666666666666,14.296100000000001,True,10.800942408376963,3.7245026178010474
621453,3494,149.22,92.0548,11775.0,1136.6816666666666,91.7033,11775.0,685.855,92.0361,False,7.617488719117187,4.596267256399947
621459,6502,48.19666666666667,59.0595,6502.0,807.1166666666667,67.0397,6502.0,269.87166666666667,67.0397,True,16.746317172695207,5.599384466422297
621463,4370,23.07,19.572599999999998,4370.0,236.54500000000002,19.6478,4370.0,122.25166666666668,20.3372,True,10.253359341135674,5.299161970813467
621492,3792,16.96,15.8628,3792.0,148.86499999999998,12.3695,3792.0,52.035,12.681899999999999,True,8.777417452830187,3.0681014150943393
621604,6580,14.058333333333334,15.8546,,,,,,,False,,
621632,3494,168.63,168.0156,3494.0,1935.9433333333334,160.9795,3494.0,661.9366666666666,161.34539999999998,True,11.480420644804207,3.925379034968076
621644,6502,30.855,31.9997,6502.0,382.21,31.7045,6502.0,128.02,31.7182,True,12.387295414033382,4.149084427159294
621766,8269,3.9566666666666666,2.7693000000000003,8269.0,39.945,3.3243,8269.0,14.120000000000001,3.3385,True,10.095619208087616,3.5686604886267905
621786,3770,31.515,15.1987,3770.0,181.47666666666666,15.09,3770.0,60.805,15.09,True,5.758421915489978,1.9293986990322067
621787,4370,26.003333333333334,28.1358,4370.0,397.5316666666667,33.0234,30057.0,169.46,41.9899,True,15.28771952313806,6.516856813229073
621810,37376,175.13,154.91729999999998,11775.0,1614.5066666666667,134.24120000000002,11775.0,703.435,135.23760000000001,False,9.218904052227868,4.016644778164792
621849,11775,74.85833333333333,45.5267,11775.0,462.12666666666667,38.4063,11775.0,201.535,38.5025,True,6.173349660469776,2.6922186351998216
621861,6502,16.281666666666666,16.7379,6502.0,198.34,16.456400000000002,6502.0,66.47166666666666,16.456400000000002,True,12.181799570068584,4.0826082505885966
621876,6502,28.701666666666664,38.6566,6502.0,846.48,70.3557,6502.0,288.7966666666667,71.7773,True,29.49236397421753,10.062017304453866
621929,6733,19.92,10.1564,15598.0,134.28333333333333,11.1605,6733.0,45.973333333333336,11.3536,False,6.7411311914323955,2.3078982597054885
621943,3754,67.53333333333333,68.20660000000001,3754.0,804.1733333333334,66.8672,3754.0,272.55833333333334,67.5801,True,11.907798617966439,4.035908193484699
622030,6359,137.82333333333332,108.09339999999999,,,,,,,False,,
622035,3727,169.61499999999998,136.7565,3494.0,2237.93,186.0408,3494.0,1113.9983333333332,199.0459,False,13.194175043480826,6.567805520345096
622061,6919,17.461666666666666,12.3361,6502.0,476.9,39.6404,6502.0,171.38166666666666,42.3957,False,27.311253221341985,9.814737043046673
622066,6580,45.64,48.0792,,,,,,,False,,
622125,3655,212.18666666666667,169.1517,3655.0,2811.311666666667,233.7158,3655.0,1002.9599999999999,241.5554,True,13.249238092245822,4.726781450295337
622149,3494,66.78333333333333,44.5185,3494.0,535.1333333333333,44.5185,3494.0,195.79,44.5185,True,8.01297728974295,2.931719490890941
622170,3727,141.95,118.947,3494.0,1842.3166666666666,153.1489,3494.0,812.9416666666667,153.3568,False,12.978630973347423,5.726957849007867
622172,6502,50.445,58.445699999999995,6502.0,1084.0466666666666,90.0974,6502.0,377.4266666666666,91.56639999999999,True,21.489675223841147,7.481944031453397
622228,6919,6.626666666666667,9.1305,6502.0,436.92833333333334,36.3174,6502.0,158.02833333333334,39.0726,False,65.93485915492957,23.847334004024145
622240,6502,12.343333333333334,14.9884,6502.0,246.58666666666667,20.509700000000002,6502.0,98.24666666666667,20.6705,True,19.977315689981097,7.959492303537672
622257,6580,22.303333333333335,29.4328,,,,,,,False,,
622272,6580,67.92833333333333,73.7845,,,,,,,False,,
622274,6502,34.766666666666666,29.8214,6502.0,355.1616666666667,29.4756,6502.0,119.145,29.4786,True,10.215580057526367,3.4269894534995204
622300,6919,32.35333333333333,33.037099999999995,6502.0,660.1683333333333,54.8558,6502.0,232.71833333333333,57.6111,False,20.404955697506697,7.193024933031115
622321,6502,21.581666666666667,13.8568,6502.0,165.90333333333334,13.790899999999999,6502.0,122.90166666666667,13.9229,True,7.6872345354853655,5.694725461425593
622334,6359,144.90166666666667,125.99539999999999,,,,,,,False,,
622343,3727,127.89666666666668,124.1115,3494.0,1783.3666666666666,148.23579999999998,3494.0,595.9583333333334,148.4437,False,13.94380880398238,4.659686205009252
622361,3494,28.391666666666666,22.962,3494.0,702.9699999999999,58.4437,3494.0,456.43666666666667,59.036699999999996,True,24.75972996771353,16.07643087760493
622418,3792,34.748333333333335,27.2105,3792.0,327.4216666666667,27.2105,3792.0,139.35166666666666,27.2105,True,9.42265816106288,4.010312245191615
622460,6732,283.885,316.2928,,,,,,,False,,
622527,6919,78.225,78.211,6502.0,1148.4683333333335,95.4221,6502.0,505.635,98.2362,False,14.681602215830406,6.4638542665388306
622531,6502,63.973333333333336,65.1835,6502.0,1168.165,97.0857,6502.0,506.35333333333335,98.6117,True,18.26018653605669,7.915068778657774
622591,6918,46.46666666666667,42.4207,6502.0,1938.0766666666668,161.0886,6502.0,953.365,162.7661,False,41.70896700143472,20.517180774748923
622601,3754,29.945,30.3602,3754.0,306.8283333333333,25.5187,3754.0,103.54333333333334,25.523400000000002,True,10.2463961707575,3.4577837145878556
622621,3494,153.62166666666664,123.5799,11775.0,1351.6266666666668,112.3673,11775.0,611.5,113.2145,False,8.798411682379875,3.980558297983141
622656,3494,57.016666666666666,29.036,3494.0,348.76666666666665,29.0063,3494.0,116.70333333333333,29.0293,True,6.116924875767319,2.0468284127448113
622676,6502,22.436666666666667,30.6519,6502.0,904.12,75.1044,6502.0,479.5316666666667,75.1044,True,40.29653840439756,21.37267865101768
622752,3655,124.51,122.0947,3655.0,1413.1933333333334,117.4923,3655.0,476.13,117.9195,True,11.350038818836506,3.82403019837764
622758,6919,52.17833333333333,29.601599999999998,6502.0,684.4633333333334,56.906,6502.0,313.12833333333333,59.661199999999994,False,13.117769188999267,6.001117960839429
622768,6502,52.34166666666667,51.849599999999995,,,,,,,False,,
622784,30057,23.240000000000002,23.7353,30057.0,263.465,21.9124,30057.0,110.225,22.2573,True,11.336703958691908,4.7429001721170385
622832,3792,41.156666666666666,30.7833,3792.0,268.2916666666667,22.2858,3792.0,91.53,22.2858,True,6.518789989471127,2.223941038308901
622855,6352,19.021666666666665,11.863700000000001,6352.0,142.61666666666667,11.863700000000001,6352.0,47.891666666666666,11.863700000000001,True,7.497590467011304,2.5177429247349514
622874,3727,227.46,176.4289,3494.0,2637.01,219.2121,3494.0,1305.2583333333334,238.7183,False,11.593291128110437,5.738408218294792
622905,6919,34.64833333333333,45.2466,6502.0,926.5866666666666,76.99289999999999,6502.0,374.2366666666667,79.796,False,26.742604261869257,10.80100052912598
622981,6919,31.748333333333335,25.1549,,,,,,,False,,
623018,6502,48.74666666666667,49.2629,6502.0,589.9916666666667,48.9815,6502.0,197.23666666666668,48.9815,True,12.103220733041574,4.046157002188184
623072,6732,69.52,78.9095,6732.0,843.485,70.1002,6732.0,375.945,70.1007,True,12.1329833141542,5.407724395857308
623095,3727,222.67999999999998,172.0709,3494.0,2584.5583333333334,214.85420000000002,3494.0,1287.7,234.3604,False,11.60660289803006,5.7827375606251135
623123,3727,101.48666666666666,116.211,3494.0,1520.575,126.3855,3494.0,534.1,126.59339999999999,False,14.983002693293043,5.262760296919136
623125,4370,48.358333333333334,47.4834,4370.0,539.33,44.806400000000004,30057.0,193.10666666666665,47.845699999999994,True,11.152783043253491,3.993244873341375
623174,3727,24.671666666666667,25.2807,3727.0,2656.1216666666664,220.8504,3727.0,1582.74,221.4665,True,107.65878538134162,64.15213132473147
623221,3523,94.44666666666667,70.8827,3523.0,871.59,72.4945,3523.0,291.98333333333335,72.49680000000001,True,9.228382861579727,3.091515493753088
623248,6918,64.18833333333333,56.5672,6918.0,609.4216666666667,50.6902,6918.0,286.6633333333333,55.046099999999996,True,9.494274660504246,4.465972528756523
623259,3655,140.83333333333334,133.0181,3655.0,1538.1183333333333,127.8954,3655.0,577.4300000000001,128.3226,True,10.921550295857987,4.100094674556213
623271,6502,34.13,35.2309,,,,,,,False,,
623286,6580,37.505,49.268699999999995,6580.0,590.7433333333333,49.0824,6580.0,261.56166666666667,49.6089,True,15.751055414833576,6.974047904723814
623321,6733,24.875,11.7298,6733.0,179.23999999999998,11.356,6733.0,104.31,11.356,True,7.205628140703517,4.193366834170854
623343,3727,101.24833333333332,110.25410000000001,3494.0,1448.7933333333335,120.4286,3494.0,508.7,120.6365,False,14.309305502971245,5.024280235065598
623355,3494,111.08833333333334,103.56530000000001,11775.0,2051.975,170.6025,3494.0,720.735,172.8571,False,18.47156167014238,6.4879450287308895
623406,6918,40.46666666666667,40.115199999999994,6918.0,425.89666666666665,35.421099999999996,6918.0,159.41833333333335,39.615,True,10.524629324546952,3.939497528830313
623409,6502,7.638333333333334,6.0873,6502.0,86.03833333333334,7.1575,6502.0,37.75666666666667,7.1575,True,11.264019201396465,4.943050403665721
623432,6919,19.168333333333333,11.469700000000001,6502.0,366.5133333333333,30.4645,6502.0,136.18166666666667,33.1607,False,19.120772106773323,7.10451265107382
623478,3754,23.32,20.9877,3754.0,250.07333333333332,20.7945,3754.0,84.99333333333334,20.7945,True,10.72355631789594,3.6446540880503147
623539,3494,74.955,71.9723,3494.0,869.9433333333333,71.3339,3494.0,305.205,71.3339,True,11.606208169346052,4.071843105863518
623581,6919,47.16,27.5183,6502.0,659.3766666666667,54.8226,6502.0,292.2133333333333,57.5779,False,13.981693525586657,6.196211478654226
623587,3770,9.316666666666666,9.848,3770.0,117.25833333333334,9.745,3770.0,39.406666666666666,9.745,True,12.585867620751342,4.229695885509839
623595,6580,57.54333333333333,50.5265,6580.0,505.165,41.9437,6580.0,171.38500000000002,42.4702,True,8.77886230666744,2.978364131379251
623600,3655,90.68,82.8475,3655.0,997.0866666666666,82.9014,3655.0,337.95,83.62689999999999,True,10.995662402587852,3.7268416409351564
623610,4370,18.490000000000002,13.2685,4370.0,195.9,16.2804,4370.0,105.86,16.717599999999997,True,10.59491617090319,5.725256895619253
623626,3494,65.45333333333333,52.7488,3494.0,638.7933333333333,52.1105,3494.0,227.85333333333335,52.1105,True,9.75952332450601,3.481157058464046
623641,6580,27.76833333333333,30.3186,6580.0,352.02166666666665,29.231099999999998,6580.0,120.15666666666667,29.7576,True,12.67709021067163,4.327111217814057
623657,4370,74.05,100.6669,4370.0,1476.9533333333334,122.6687,4370.0,912.8666666666667,127.3343,True,19.94535223947783,12.327706504614
623683,4370,88.15,96.085,4370.0,1525.7083333333333,126.7813,30057.0,960.9483333333334,152.7396,True,17.30809226696918,10.901285687275477
623687,6733,2.6333333333333333,2.3018,6733.0,27.761666666666667,2.3018,6733.0,9.261666666666667,2.3018,True,10.54240506329114,3.517088607594937
623716,6919,4.21,1.6890999999999998,6919.0,19.53666666666667,1.6265,6919.0,6.833333333333333,1.6369,True,4.640538400633413,1.623119556611243
623768,30057,17.705,16.426599999999997,10972.0,191.30499999999998,15.8656,10972.0,64.75,15.8657,False,10.805139791019485,3.6571589946342846
623792,3523,53.72666666666667,72.931,3523.0,2319.7149999999997,192.8642,3523.0,781.6616666666666,194.15470000000002,True,43.17623154237498,14.548858419158703
623808,6919,53.45166666666667,30.136,6502.0,690.8783333333333,57.440400000000004,6502.0,318.4633333333333,60.1956,False,12.925290761123756,5.957968257927722
623810,11775,43.82333333333334,43.9945,3494.0,568.5483333333334,47.2715,11775.0,217.59,52.8928,False,12.97364417737887,4.965163155092416
623817,3727,113.93166666666666,158.6443,3494.0,1599.8149999999998,133.0342,3494.0,541.7083333333334,133.193,False,14.041881829751752,4.754677511373777
623831,6919,12.186666666666667,11.4964,,,,,,,False,,
623846,6502,40.075,37.0017,,,,,,,False,,
623875,3727,146.04333333333335,140.852,3727.0,2331.936666666667,193.92370000000003,3727.0,1215.2133333333334,194.4479,True,15.967429758290919,8.320909319151848
623916,6918,41.855000000000004,41.380199999999995,6918.0,441.1566666666667,36.686,6918.0,164.50333333333336,40.88,True,10.540118663640346,3.930314976307092
623993,6502,30.465,31.2889,6502.0,373.78,31.0075,6502.0,125.16166666666666,31.0075,True,12.269161332676841,4.108375731713989
624002,6918,61.785,55.2031,6918.0,593.0066666666667,49.3261,6918.0,275.3316666666667,53.6821,True,9.597906719538184,4.456286585201371
624019,6918,10.504999999999999,10.023399999999999,27733.0,175.02,14.540799999999999,27733.0,60.71333333333334,14.540799999999999,False,16.660637791527847,5.77947009360622
624021,6502,19.528333333333332,26.5368,6502.0,633.5916666666667,52.6334,6502.0,221.43333333333334,52.732699999999994,True,32.444738414269864,11.339079969275412
624027,6919,7.078333333333333,3.0108,6919.0,49.82666666666667,4.1494,6919.0,18.368333333333332,4.1494,True,7.0393218742641865,2.5950082411113726
624037,30057,28.95,28.9559,4370.0,267.92833333333334,22.315,30057.0,95.31,22.6297,False,9.254864709268855,3.2922279792746116
624066,37376,169.56666666666666,136.6923,11775.0,2220.2966666666666,184.6036,11775.0,953.255,185.4508,False,13.093945350894437,5.6217122075879695
624092,6580,16.441666666666666,22.26,6580.0,522.2316666666667,43.4236,6580.0,184.37,43.5866,True,31.76269640141916,11.213583375570199
624112,6919,27.545,26.3811,6502.0,557.1533333333333,46.3078,6502.0,198.32833333333335,49.063,False,20.227022448115203,7.2001573183275855
624149,6502,63.72833333333333,76.346,6502.0,1102.9783333333332,91.7026,6502.0,440.2316666666667,109.4667,True,17.307503203703217,6.907942568716165
624160,6502,25.926666666666666,27.0322,6502.0,322.49833333333333,26.750700000000002,6502.0,107.92333333333333,26.750700000000002,True,12.438866032399075,4.162638210336848
624183,6919,10.628333333333334,6.1602,6502.0,392.6066666666667,32.6335,6502.0,143.165,35.3887,False,36.939626783754115,13.470127018974438
624211,3792,119.99499999999999,120.5938,3792.0,1434.1183333333333,119.2554,3792.0,564.015,123.7469,True,11.951484089614846,4.700320846701946
624241,6502,32.51833333333333,32.071799999999996,,,,,,,False,,
624253,8269,16.256666666666668,14.364700000000001,8269.0,159.775,13.2761,8269.0,58.09666666666667,14.364700000000001,True,9.828275579249539,3.5737133483698997
624256,3494,130.04666666666668,111.0884,3494.0,1896.1566666666665,157.60660000000001,3494.0,662.7283333333332,157.8201,True,14.580586456143946,5.096080894038036
624324,6919,23.243333333333332,18.851200000000002,,,,,,,False,,
624347,3494,32.195,24.7351,3494.0,638.2283333333332,53.0727,3494.0,367.255,54.3326,True,19.82383392866387,11.407206087901848
624386,6733,52.108333333333334,22.474400000000003,6733.0,390.59166666666664,22.1432,6733.0,208.14666666666665,27.623,True,7.4957620342235725,3.9944986406524863
624400,6502,86.575,80.05839999999999,6502.0,1343.9633333333334,111.7165,6502.0,611.8566666666667,113.4835,True,15.523688516700355,7.067359707382809
624441,6502,23.441666666666666,21.2452,6502.0,255.80666666666667,21.2682,6502.0,86.74,21.321900000000003,True,10.912477781727693,3.70024884464984
624459,6502,88.385,83.09830000000001,6502.0,886.1033333333332,73.6938,6502.0,431.81166666666667,75.0234,True,10.025494522071995,4.8855763609963985
624465,30057,50.35,47.559599999999996,10972.0,476.14833333333337,39.5319,10972.0,262.2883333333333,39.5319,False,9.456769281694804,5.209301555776232
624507,6502,55.39833333333333,56.7571,6502.0,678.9916666666667,56.3906,6502.0,226.98666666666668,56.3906,True,12.256535996871145,4.097355516110593
624519,6359,162.64,132.2871,,,,,,,False,,
624535,6502,42.72166666666667,51.087199999999996,6502.0,995.5966666666667,82.75,6502.0,364.8233333333334,84.2079,True,23.304256232200675,8.539538875668084
624550,3523,90.44,68.2761,3523.0,820.86,68.2743,3523.0,274.065,68.2766,True,9.076293675364884,3.0303516143299425
624560,6352,31.425,22.0199,6352.0,264.92833333333334,22.0199,6352.0,102.16499999999999,22.0199,True,8.430495889684433,3.2510739856801907
624601,3792,43.17833333333333,41.197900000000004,3792.0,594.8966666666668,49.454,3792.0,261.0366666666667,53.9342,True,13.777666267804072,6.04554753541514
624652,3494,49.88,68.2987,3494.0,730.08,60.704800000000006,3494.0,250.34833333333333,60.8636,True,14.63672814755413,5.019012296177492
624711,6359,101.77,85.3095,6918.0,577.1533333333333,48.006699999999995,6918.0,262.12333333333333,52.3626,False,5.671153909141529,2.575644426975861
624878,3754,21.935,14.0229,3754.0,167.93166666666667,13.963700000000001,3754.0,56.248333333333335,13.963700000000001,True,7.655877212977738,2.5643188207583014
624894,3792,29.89333333333333,23.280099999999997,3792.0,175.16666666666666,14.544799999999999,3792.0,59.74,14.544799999999999,True,5.859723461195362,1.9984388938447817
624955,6502,35.873333333333335,33.4694,,,,,,,False,,
624991,6733,39.556666666666665,43.5246,6502.0,1383.3366666666666,114.8659,6502.0,493.97666666666663,114.9579,False,34.97101205022331,12.487823375747872
625004,37376,146.92999999999998,133.98160000000001,11775.0,1493.2949999999998,124.16080000000001,11775.0,663.4016666666666,125.008,False,10.163309058735452,4.515086549150389
625026,6502,35.55333333333333,37.529,6502.0,448.7933333333333,37.2476,6502.0,149.95666666666665,37.2476,True,12.623101443840241,4.217794862178886
625027,3792,14.766666666666667,15.1236,3792.0,142.42999999999998,11.835700000000001,3792.0,49.309999999999995,12.0123,True,9.645372460496612,3.339277652370203
625050,6502,6.263333333333334,5.9293000000000005,6502.0,83.58333333333333,6.9552,6502.0,32.318333333333335,6.9552,True,13.344864289515698,5.159925492283129
625085,6918,59.73833333333334,52.9088,6918.0,565.5666666666667,47.031800000000004,6918.0,239.19333333333333,51.387800000000006,True,9.467399492230003,4.0040175208548385
625088,6918,52.28666666666666,53.693,6502.0,1704.2350000000001,141.65810000000002,6502.0,852.7199999999999,143.3752,False,32.5940647711335,16.308555399719495
625090,6502,12.04,15.9731,6502.0,246.35333333333335,20.4902,6502.0,98.05166666666668,20.651,True,20.46124031007752,8.143826135105206
625110,6918,63.79333333333333,56.403,6918.0,607.4416666666667,50.5261,6918.0,286.00333333333333,54.882,True,9.522024244957677,4.483279339533912
625121,6919,16.208333333333332,18.772,6502.0,555.89,46.2029,6502.0,197.90833333333333,48.9581,False,34.296555269922884,12.210282776349615
625178,6502,31.941666666666666,43.5885,6502.0,804.4683333333334,66.8345,6502.0,451.525,66.8345,True,25.185546569266894,14.135924863031567
625182,4370,13.335,13.002799999999999,4370.0,251.38833333333332,20.889400000000002,4370.0,146.81833333333333,21.3678,True,18.85176852893388,11.00999875015623
625214,3494,158.44666666666666,118.93769999999999,11775.0,1222.3283333333334,98.82310000000001,11775.0,647.0483333333334,108.6915,False,7.714446501451593,4.083697984600497
625280,3727,162.80499999999998,205.7565,3494.0,1859.5783333333334,154.6533,3494.0,686.5183333333333,167.0366,False,11.422120532743673,4.2168135704267895
625291,4370,78.09666666666666,78.65360000000001,4370.0,880.645,73.24810000000001,30057.0,334.78499999999997,76.28739999999999,True,11.276345554654489,4.286802680438772
625305,3494,166.15666666666667,90.912,11775.0,1531.4083333333333,127.2855,11775.0,805.1066666666667,127.71039999999999,False,9.216652958051638,4.845467129416013
625310,3727,31.459999999999997,44.3594,3494.0,2302.2216666666664,191.3404,3494.0,914.4433333333333,204.3455,False,73.17932824751006,29.066857385039203
625366,6733,30.4,24.3747,6733.0,395.845,23.354200000000002,6733.0,244.96833333333333,29.356099999999998,True,13.02121710526316,8.058168859649124
625402,30057,25.026666666666664,29.4543,30057.0,416.5416666666667,34.6603,30057.0,166.88833333333332,36.2954,True,16.64391315929675,6.668420351624934
625502,37376,166.28833333333333,137.3676,11775.0,2106.995,175.19379999999998,11775.0,914.6283333333333,176.041,False,12.670732562917824,5.5002555801669795
625508,6918,64.04333333333334,56.4995,6918.0,608.605,50.6225,6918.0,286.5416666666667,54.9785,True,9.50301878936137,4.474184146151043
625544,6502,25.336666666666666,20.739900000000002,6502.0,249.98333333333332,20.7862,6502.0,95.615,20.816599999999998,True,9.866464938823839,3.7737797658202865
625746,11775,128.57666666666668,108.8579,3792.0,1016.35,84.4928,3792.0,369.50166666666667,84.4994,False,7.904622404272418,2.8737847717315215
625748,6918,13.514999999999999,13.3919,27733.0,222.42666666666668,18.470299999999998,27733.0,78.72,18.470299999999998,False,16.4577629794056,5.824639289678136
625770,4370,110.27666666666667,109.3151,4370.0,1676.0766666666668,139.2842,30057.0,1016.225,165.2425,True,15.198833237614485,9.21523138772179
625775,37376,106.16666666666667,92.175,11775.0,1940.6883333333333,161.3434,11775.0,815.39,162.19060000000002,False,18.279638932496074,7.680282574568288
625812,30057,58.62,60.9878,30057.0,786.6233333333333,65.479,30057.0,299.2183333333333,66.94969999999999,True,13.419026498350961,5.104372796542704
625871,3523,63.86666666666667,68.5351,3523.0,701.4116666666666,58.2956,3523.0,259.87833333333333,64.2781,True,10.982437369519833,4.069076200417537
625877,4370,61.07333333333334,76.7878,4370.0,1166.1533333333332,96.8772,30057.0,764.385,122.83319999999999,True,19.094312847942362,12.51585525597642
625886,6502,21.653333333333332,19.209400000000002,6502.0,231.57999999999998,19.2557,6502.0,80.29166666666667,19.286,True,10.694889162561577,3.708051108374385
625896,6918,21.956666666666667,23.398400000000002,6502.0,1436.3383333333334,119.3115,6502.0,705.2266666666667,119.3252,False,65.41695764384393,32.11902231668438
625903,6580,73.02833333333334,87.02560000000001,,,,,,,False,,
625943,6919,31.56,44.3228,6502.0,926.5866666666666,76.99289999999999,6502.0,374.2366666666667,79.796,False,29.359526827207436,11.85794254330376
625956,6580,40.181666666666665,44.6216,,,,,,,False,,
625978,37376,146.11833333333334,133.443,11775.0,1486.8066666666666,123.62219999999999,11775.0,661.24,124.4694,False,10.175360153300407,4.52537327052275
626001,6359,129.80666666666667,98.3487,,,,,,,False,,
626009,3727,147.0883333333333,161.9724,3494.0,1759.6850000000002,146.33960000000002,3494.0,613.5833333333334,146.4995,False,11.963457332895203,4.1715295797310015
626022,3523,170.93333333333334,187.3819,3523.0,2108.115,175.2789,3523.0,704.1550000000001,175.2872,True,12.332966068642744,4.119471528861155
626026,3770,79.05833333333334,56.2427,3770.0,676.3283333333333,56.2332,3770.0,351.0383333333333,56.2416,True,8.554801307051754,4.4402445451670705
626042,6580,37.76,28.7461,6580.0,339.09166666666664,28.1451,6580.0,113.89833333333333,28.1851,True,8.980181850282486,3.0163753531073447
626047,6919,91.36166666666666,49.845699999999994,,,,,,,False,,
626157,3792,69.735,56.542699999999996,3792.0,620.6683333333333,51.5993,3792.0,333.63,59.186800000000005,True,8.900384790038478,4.784254678425468
626162,3727,259.82666666666665,262.7022,3494.0,3376.0566666666664,280.67,3494.0,1553.5633333333333,300.2017,False,12.99349566377585,5.979229742905527
626202,3727,242.31333333333333,223.39679999999998,3494.0,3685.4733333333334,306.4491,3494.0,1656.2516666666668,325.4552,False,15.209535862657166,6.835165213084987
626268,3727,153.59833333333333,204.0199,3494.0,1838.7366666666667,152.92510000000001,3494.0,630.0266666666666,153.085,False,11.971071734719343,4.101780618279278
626289,6502,31.904999999999998,42.1202,6502.0,887.7283333333332,73.783,6502.0,302.68666666666667,75.2409,True,27.82411325288617,9.487123230423654
626292,3523,106.56,78.88589999999999,3523.0,948.3883333333334,78.86810000000001,3523.0,316.8566666666667,78.87039999999999,True,8.900040665665667,2.973504754754755
626343,4370,27.633333333333333,34.9825,4370.0,615.3966666666668,51.1202,30057.0,244.99166666666667,60.0106,True,22.270084439083238,8.865802171290712
626367,6502,59.77333333333333,59.6765,6502.0,714.025,59.3101,6502.0,238.6616666666667,59.3101,True,11.94554427838501,3.9927782734775823
626368,6732,37.54833333333333,32.9445,6732.0,490.10999999999996,40.7409,6732.0,221.12333333333333,40.9591,True,13.052776421501175,5.8890319144214125
626391,6918,40.46666666666667,40.115199999999994,6918.0,425.89666666666665,35.421099999999996,6918.0,159.41833333333335,39.615,True,10.524629324546952,3.939497528830313
626404,3727,114.905,104.8394,3727.0,2177.725,181.0974,3727.0,1305.5433333333335,181.7074,True,18.952395457116747,11.361936672323516
626406,6918,74.08166666666666,57.435300000000005,6502.0,804.3166666666667,66.81339999999999,6502.0,268.985,66.81339999999999,False,10.857162140880561,3.6309253301536595
626407,3754,33.725,30.4626,3754.0,310.31,25.7965,3754.0,104.68666666666667,25.8194,True,9.201186063750926,3.1041265134667655
626431,15598,38.843333333333334,18.381,15598.0,213.50333333333336,17.762400000000003,15598.0,73.66000000000001,17.8598,True,5.496524500128722,1.8963357075431222
626433,6580,48.05166666666666,50.0604,,,,,,,False,,
626459,37376,182.55,143.7189,11775.0,2145.6116666666667,178.4027,11775.0,929.235,179.2666,False,11.753556103350679,5.090304026294166
626508,3754,31.833333333333332,26.1806,3754.0,312.51666666666665,25.987299999999998,3754.0,108.99833333333332,26.9264,True,9.817277486910994,3.4240314136125654
626539,6502,14.963333333333333,18.56,6502.0,233.68166666666667,19.4373,6502.0,82.91000000000001,19.5981,True,15.61695255067944,5.5408777010470045
626584,6580,44.14833333333333,23.9057,,,,,,,False,,
626589,3494,156.63666666666668,158.69279999999998,3494.0,1764.9316666666666,146.76239999999999,3494.0,613.065,146.92229999999998,True,11.26767891723947,3.9139303270839094
626629,3727,18.751666666666665,18.909200000000002,3727.0,203.77,16.9518,3727.0,92.02166666666668,16.9518,True,10.866767398453472,4.907386010132433
626646,3523,115.13833333333334,84.5308,3523.0,1016.3083333333333,84.513,3523.0,339.63,84.5153,True,8.826845967893693,2.9497560904998332
626652,6359,148.23166666666665,128.4622,,,,,,,False,,
626695,3494,105.97833333333332,100.7548,11775.0,1799.535,149.61370000000002,3494.0,800.7416666666667,190.9124,False,16.980216081903535,7.55571107301807
626713,30057,21.388333333333332,20.8783,30057.0,284.635,23.6829,30057.0,120.44666666666667,24.4773,True,13.307956050806515,5.63141899789605
626741,6918,54.19166666666667,45.591800000000006,6502.0,1976.1399999999999,164.2521,6502.0,966.2266666666667,165.93710000000002,False,36.46575426726126,17.829801630016913
626783,6919,35.711666666666666,29.555799999999998,6919.0,128.06166666666667,10.6349,6919.0,43.208333333333336,10.6349,True,3.585989639240211,1.2099220609511365
626805,6919,23.243333333333332,18.851200000000002,,,,,,,False,,
626806,6502,16.715,15.325899999999999,6919.0,188.95666666666665,15.702,6919.0,66.32166666666667,15.702,False,11.304616611825704,3.967793399142487
626836,6502,54.64833333333333,56.256,6502.0,672.98,55.8895,6502.0,224.98,55.8895,True,12.314739699289396,4.116868461984202
626868,3523,103.91499999999999,76.6125,3523.0,921.1133333333333,76.60419999999999,3523.0,308.0883333333333,76.613,True,8.864103674477539,2.964810983335739
626892,6919,46.325,55.7052,6502.0,926.5866666666666,76.99289999999999,6502.0,374.2366666666667,79.796,False,20.00187084007915,8.078503327936678
626907,3494,85.33833333333334,82.9369,3494.0,1001.6816666666667,82.29860000000001,3494.0,353.8316666666667,82.29860000000001,True,11.737769271331757,4.146221901060485
626965,6502,29.315,20.1274,,,,,,,False,,
649692,6502,51.91833333333333,63.7324,6502.0,1119.0983333333331,93.0481,6502.0,389.43833333333333,96.85310000000001,True,21.554974158132964,7.500979101794486
649715,3727,158.53333333333333,172.97220000000002,3494.0,1941.725,161.4786,3494.0,710.1983333333334,170.5877,False,12.248055088309503,4.479804457527334
649757,6502,56.235,68.11189999999999,6502.0,1068.8783333333333,88.86760000000001,6502.0,407.79833333333335,101.2326,True,19.007350108176997,7.251681929996147
649796,8269,5.178333333333333,4.8892,8269.0,69.07166666666667,5.748399999999999,8269.0,23.881666666666668,5.788,True,13.338590280012877,4.611844222722884
649803,6919,47.16166666666666,57.5799,6502.0,926.5866666666666,76.99289999999999,6502.0,374.2366666666667,79.796,False,19.647029720465067,7.935187475704139
649829,6502,35.15333333333333,33.169,,,,,,,False,,
649843,6733,39.77333333333333,18.3213,15598.0,232.535,19.325400000000002,6733.0,79.07333333333332,19.5185,False,5.8465051961112975,1.9880992289641297
649846,6502,48.165,48.030199999999994,,,,,,,False,,
649849,6919,58.781666666666666,65.2929,6502.0,1148.4683333333335,95.4221,6502.0,505.635,98.2362,False,19.53786611471831,8.60191669738297
650025,4370,92.56,113.2993,,,,,,,False,,
650040,3523,88.61,110.1569,3523.0,1872.8983333333333,155.7004,3523.0,632.6216666666667,156.99089999999998,True,21.13642177331377,7.13939359741188
650075,4370,96.84333333333333,126.8065,4370.0,1569.3516666666667,130.2919,4370.0,1036.35,146.2547,True,16.20505627646026,10.701304512442777
650114,3754,20.315,12.8591,3754.0,153.92000000000002,12.7999,3754.0,51.53,12.7999,True,7.576667487078514,2.536549347772582
650115,3754,63.37833333333333,65.7897,3754.0,773.8066666666667,64.3424,3754.0,261.615,64.8328,True,12.209324953322641,4.127830225892129
651049,3727,118.41000000000001,129.7534,3494.0,1683.6216666666667,139.9279,3494.0,588.485,140.1358,False,14.218576696787995,4.969892745545139
651050,3494,111.395,103.7837,11775.0,2049.58,170.40279999999998,3494.0,720.0833333333334,172.6573,False,18.39921001840298,6.464233882430391
651051,6732,276.0933333333333,313.0565,,,,,,,False,,
651069,6359,2.006666666666667,1.2415999999999998,6359.0,12.886666666666667,1.0722,6359.0,5.3133333333333335,1.0722,True,6.421926910299002,2.6478405315614615
651077,6359,1.1466666666666667,0.6259,6359.0,7.248333333333333,0.6039,6359.0,2.775,0.6259,True,6.321220930232558,2.4200581395348837
651078,6359,1.9016666666666666,1.0979,6918.0,11.166666666666666,0.9301,6359.0,4.46,0.9909,False,5.872042068361087,2.3453111305872043
651083,15835,2.558333333333333,1.2661,15835.0,15.178333333333335,1.2614,15835.0,6.363333333333333,1.2661,True,5.932899022801304,2.487296416938111
651085,6733,142.36666666666667,52.4635,6733.0,1093.2316666666666,51.6671,6733.0,687.5583333333333,66.2056,True,7.6789861859049395,4.829489580894403
651092,6352,68.47333333333333,35.4041,6352.0,424.6183333333333,35.2969,6352.0,237.26666666666668,35.4041,True,6.201221886865933,3.465095901080713
651167,10972,7.931666666666667,6.0737,10972.0,72.01,5.977,11020.0,29.525,6.2442,True,9.078798066820761,3.7224206766127335
651168,4317,2.65,1.841,8151.0,19.173333333333336,1.5904,8151.0,7.216666666666667,1.6054000000000002,False,7.235220125786165,2.7232704402515724
651185,6732,83.98666666666666,96.21589999999999,6732.0,945.55,78.56819999999999,6732.0,415.90833333333336,78.5776,True,11.25833465629465,4.952075726305763
651186,6732,69.08666666666666,78.3904,6732.0,843.485,70.1002,6732.0,375.945,70.1007,True,12.209085206986396,5.441643346521278
651188,6732,64.56333333333333,70.99419999999999,6732.0,843.485,70.1002,6732.0,375.945,70.1007,True,13.064458671072332,5.8228870876142285
651242,11020,12.856666666666666,9.9314,11020.0,93.39666666666668,7.767,11020.0,32.5,7.8837,True,7.264454239045892,2.527871402644543
651245,4370,29.421666666666667,30.7398,4370.0,363.7133333333333,30.2122,4370.0,182.04666666666665,32.9889,True,12.362091429218829,6.187503540474706
651246,4370,28.033333333333335,29.8487,4370.0,352.9933333333333,29.3212,4370.0,178.41833333333335,32.0978,True,12.591914387633766,6.364506539833532
651397,3727,40.92666666666666,29.784299999999998,3727.0,324.2316666666667,26.9563,3727.0,117.94,27.35,True,7.922259325623067,2.8817396970190585
651398,3523,15.695,13.839799999999999,3523.0,219.29833333333332,18.2366,3523.0,73.50166666666668,18.2389,True,13.972496548794732,4.68312626101731
651400,3523,74.425,70.0175,3523.0,840.6983333333334,69.9131,3523.0,367.57666666666665,69.9188,True,11.295913111633636,4.938887022729817
651401,3523,79.25833333333334,60.755199999999995,3523.0,716.1949999999999,59.5571,3523.0,244.15166666666667,60.7557,True,9.036210703396065,3.0804542109136785
651402,3523,83.83166666666666,63.7623,3523.0,740.17,61.5496,3523.0,252.92666666666668,62.7481,True,8.82924113799479,3.017077874311617
651403,3523,89.52666666666667,92.0723,3523.0,927.205,77.1194,3523.0,309.64500000000004,77.1217,True,10.356746593193835,3.4586901481867605
651713,4370,56.79833333333333,59.0114,4370.0,644.64,53.606,30057.0,228.14333333333335,56.645300000000006,True,11.34962880366208,4.016725842894451
651716,4370,23.41,15.5105,4370.0,188.7,15.7135,30057.0,77.59833333333333,19.24,True,8.060657838530542,3.3147515306848923
651966,6733,1.55,1.4915,6733.0,17.42,1.4472,6733.0,7.3933333333333335,1.4472,True,11.238709677419356,4.769892473118279
651970,15598,38.608333333333334,17.865599999999997,15598.0,216.20166666666668,17.9946,15598.0,75.66333333333334,18.3919,True,5.5998704942801645,1.9597668897042955
651973,15598,1.4316666666666669,0.639,15598.0,7.671666666666667,0.639,15598.0,2.69,0.639,True,5.358556461001164,1.8789289871944117
651976,6733,91.91666666666667,35.704699999999995,6733.0,574.19,39.8143,6733.0,246.87833333333336,45.1664,True,6.246854034451496,2.6858930190389847
651977,6733,61.63666666666666,31.409599999999998,6733.0,470.205,31.163400000000003,6733.0,205.86166666666668,36.5155,True,7.628657184576281,3.3399221242766757
651980,6733,117.41000000000001,44.1735,6733.0,893.5983333333334,43.3771,6733.0,521.1916666666667,57.9156,True,7.6109218408426305,4.439073900576328
651981,6733,52.39833333333333,36.2079,28254.0,536.8583333333333,44.5666,28254.0,356.87,44.7804,False,10.245713922198544,6.810712808931582
651993,6919,73.48,56.3031,6502.0,1003.125,83.3491,6502.0,451.47,86.10430000000001,False,13.651673924877517,6.14412084921067
651994,6919,37.43,30.7471,6919.0,127.9,10.6215,6919.0,43.155,10.6215,True,3.417045150948437,1.1529521773978093
652165,3523,16.216666666666665,18.783099999999997,3523.0,1199.5866666666666,99.7457,3523.0,672.5533333333333,99.75139999999999,True,73.97245632065776,41.47297019527235
652166,3523,40.788333333333334,35.1127,3523.0,1111.1416666666667,92.3933,3523.0,598.8783333333333,92.399,True,27.24165406774813,14.68258897560577
652170,3727,178.915,212.6285,3494.0,1942.505,161.53379999999999,3494.0,665.91,161.6936,False,10.85713886482408,3.7219349970656457
652334,6733,14.531666666666666,8.989700000000001,15598.0,77.815,6.4826999999999995,15598.0,28.67,6.864,False,5.354857208395458,1.9729326757655696
652335,6732,68.04833333333333,44.6962,23733.0,492.44666666666666,40.9466,23733.0,206.84166666666667,41.2785,False,7.236718998750888,3.0396286952901126
652338,6502,117.02166666666668,76.0259,6502.0,914.8616666666666,76.0722,6502.0,401.3316666666667,76.1164,True,7.8178827282696925,3.429550083317904
652470,8154,2.3800000000000003,0.9921,8154.0,8.85,0.737,8154.0,4.025,0.7606,True,3.7184873949579824,1.6911764705882353
652472,3655,11.576666666666666,6.363899999999999,3655.0,79.47333333333333,6.6029,3655.0,29.89333333333333,6.7997,True,6.864958249352145,2.5822055859487474
652473,3655,103.28666666666666,103.17760000000001,3655.0,1185.5716666666667,98.5783,3655.0,399.995,99.0023,True,11.47845801329633,3.8726683018137225
652474,3655,85.76666666666667,90.0458,3655.0,1029.0116666666665,85.55069999999999,3655.0,347.295,85.9748,True,11.997804119704623,4.049300427516518
652475,3523,65.315,49.6282,3523.0,1129.8816666666667,93.9515,3727.0,531.6433333333333,99.4641,True,17.29896144326214,8.1396820536375
652476,3727,84.44,63.8025,3727.0,571.4816666666667,47.5101,3727.0,200.50166666666667,47.9266,True,6.76790225801358,2.3744868150955316
652491,3727,2.5833333333333335,2.3494,3727.0,20.003333333333334,1.663,3727.0,7.1866666666666665,1.6794,True,7.743225806451613,2.7819354838709676
652493,11775,31.65666666666667,30.958,35125.0,404.5,33.6143,11775.0,147.00833333333333,34.519,False,12.777719279772558,4.643834895230072
652528,3754,37.065000000000005,36.273300000000006,3754.0,379.30833333333334,31.5425,3754.0,127.88833333333334,31.6301,True,10.23359863303206,3.4503799631278382
652529,3792,14.979999999999999,14.9845,3792.0,138.86499999999998,11.5368,3792.0,48.44166666666667,11.709700000000002,True,9.270026702269693,3.2337561192701383
652530,3655,17.17,13.3932,3655.0,113.36166666666666,9.4246,3655.0,42.99166666666667,9.4301,True,6.602310231023101,2.503882741215298
652531,3770,76.27,53.873400000000004,3770.0,531.8616666666667,44.232800000000005,3770.0,180.19,44.2344,True,6.9734058826100265,2.362527861544513
652538,3523,91.86999999999999,113.38260000000001,3523.0,1866.05,155.13,3523.0,625.3233333333334,155.1836,True,20.311853706324154,6.806610790609921
652542,3523,102.36666666666666,122.6306,3523.0,1726.9783333333332,143.5676,3523.0,578.06,143.62120000000002,True,16.870514490394008,5.646955389124064
652670,4370,196.64,156.5039,4370.0,1762.5133333333333,146.5376,30057.0,1038.0083333333334,149.577,True,8.963147545429889,5.278724233794414
652718,6732,76.02,55.564099999999996,6732.0,817.89,67.9683,6732.0,344.9566666666667,67.9683,True,10.758879242304657,4.53770937472595
652724,6502,64.45833333333333,48.475699999999996,6502.0,580.615,48.194199999999995,6502.0,194.26666666666668,48.194199999999995,True,9.007601809954751,3.013833225597932
652725,8269,145.70166666666668,100.0935,6733.0,1294.8383333333334,60.039199999999994,6502.0,825.6766666666666,106.8553,False,8.886915043296232,5.666899257615446
652729,6919,93.69333333333334,51.998400000000004,,,,,,,False,,
652730,6919,51.818333333333335,34.582,,,,,,,False,,
652731,6733,44.485,51.0219,6502.0,1329.1466666666668,110.3705,6502.0,464.2366666666667,110.4327,False,29.878535836049608,10.435802330373535
652732,6352,57.693333333333335,36.3076,6502.0,868.2900000000001,72.09530000000001,6502.0,293.24666666666667,72.14880000000001,False,15.050092442801018,5.08285186041137
652734,6502,25.41,25.4912,6502.0,500.195,41.5321,6502.0,171.81333333333333,41.6265,True,19.68496654860291,6.7616423980060345
652735,6502,74.705,80.1868,6502.0,1148.9850000000001,95.5258,6502.0,485.7366666666667,113.30760000000001,True,15.380295830265714,6.50206367266805
652757,6918,67.80666666666667,59.6222,6502.0,1767.275,146.8929,6502.0,895.35,148.60989999999998,False,26.063440173041,13.204453839347163
652799,6919,74.61666666666666,53.002199999999995,6502.0,966.3833333333333,80.3065,6502.0,386.7366666666667,83.0618,False,12.951306678579407,5.182979673888766
652800,6502,152.38,77.2944,6502.0,930.4,77.3407,6502.0,311.15999999999997,77.37110000000001,True,6.105788161176007,2.0420002625016407
652922,6733,18.040000000000003,15.7784,6733.0,395.845,23.354200000000002,6733.0,244.96833333333333,29.356099999999998,True,21.94262749445676,13.579175905395415
652960,6359,111.28500000000001,91.549,,,,,,,False,,
653001,6733,75.47833333333332,45.780199999999994,28254.0,651.9883333333333,54.1389,28254.0,453.02333333333337,54.3527,False,8.638085984940492,6.0020314880650085
653002,6732,65.79833333333333,74.44789999999999,6732.0,945.55,78.56819999999999,6732.0,415.90833333333336,78.5776,True,14.370424782795917,6.320955444666786
653005,6732,30.71333333333333,31.999599999999997,6732.0,721.2416666666667,59.934,6732.0,333.89166666666665,60.1205,True,23.483014977208597,10.87122856522683
653006,6733,26.416666666666668,25.4733,28254.0,433.64000000000004,36.0085,28254.0,263.4433333333333,36.250800000000005,False,16.415394321766563,9.972618296529967
653007,6733,61.63666666666666,31.409599999999998,6733.0,470.205,31.163400000000003,6733.0,205.86166666666668,36.5155,True,7.628657184576281,3.3399221242766757
653008,6733,53.34166666666667,48.2716,28254.0,456.6316666666667,37.9103,28254.0,357.62166666666667,38.0479,False,8.560506170910795,6.704358693954069
653010,6733,54.144999999999996,36.933,28254.0,558.9766666666667,46.402300000000004,28254.0,369.745,46.6162,False,10.323698710253334,6.828793055683812
653013,6733,77.07,64.0287,28254.0,646.2166666666667,53.667300000000004,28254.0,515.6583333333333,53.8049,False,8.384801695428399,6.690778945547338
653016,6733,53.25833333333333,36.661699999999996,28254.0,568.23,47.1969,28254.0,308.33,47.4392,False,10.669316225942733,5.789328743545611
653018,6733,81.67666666666668,32.2983,6733.0,577.7133333333334,40.107699999999994,6733.0,248.34833333333333,45.4597,True,7.0731747133004115,3.04062767824348
653020,6733,68.32,28.3274,6733.0,502.87333333333333,27.996299999999998,6733.0,287.43666666666667,33.476099999999995,True,7.360558157689306,4.2072111631537865
653024,6733,61.13666666666666,39.825,28254.0,580.3050000000001,48.183699999999995,28254.0,393.18833333333333,48.3975,False,9.491930647183906,6.431301455754866
653028,6733,45.105000000000004,20.1174,6733.0,366.3833333333333,19.132900000000003,6733.0,209.47,25.1348,True,8.12289842220005,4.644052765768762
653032,6919,37.391666666666666,30.7212,6919.0,128.06166666666667,10.6349,6919.0,43.208333333333336,10.6349,True,3.424871852016938,1.1555605081346112
653034,6918,65.16,58.520900000000005,6502.0,1782.0283333333332,148.121,6502.0,879.2083333333334,149.80270000000002,False,27.348501125434826,13.493068344587682
653035,6733,119.41666666666667,44.8393,6733.0,909.6533333333333,44.0429,6733.0,534.57,58.5814,True,7.617473831123516,4.476510816468947
653038,6733,53.63166666666667,57.9221,6502.0,1294.98,107.5393,6502.0,452.56166666666667,107.6157,False,24.14580937878741,8.438329345225148
653039,6733,56.22166666666667,56.7851,6502.0,1361.8766666666668,113.0944,6502.0,482.8016666666666,113.15660000000001,False,24.22334212788664,8.587466279311059
653042,6733,22.83833333333333,21.2317,6733.0,395.845,23.354200000000002,6733.0,244.96833333333333,29.356099999999998,True,17.332481938261697,10.726191344960958
653043,6580,67.69166666666666,76.7372,6502.0,1148.4683333333335,95.4221,6502.0,505.635,98.2362,False,16.96617013418688,7.469678690139111
653044,6733,106.33999999999999,40.496300000000005,6733.0,804.9866666666666,39.6999,6733.0,447.3616666666667,54.2384,True,7.569932919566171,4.206899253965269
653055,6580,26.976666666666667,33.533699999999996,6580.0,514.9933333333333,42.8266,6580.0,174.71,42.989599999999996,True,19.090324972198196,6.476337575682689
653056,6502,85.30833333333334,81.8205,6502.0,901.48,74.9715,6502.0,444.69166666666666,76.3012,True,10.567314642961804,5.212757643840969
653062,6919,88.18,66.0781,6502.0,1107.97,92.06139999999999,6502.0,521.755,95.73339999999999,False,12.564867316851894,5.9169312769335445
653082,15598,52.193333333333335,23.9242,15598.0,280.22833333333335,23.3055,15598.0,144.105,23.3055,True,5.369044577851578,2.7609848001021837
653089,6919,23.18166666666667,17.5365,6502.0,539.5133333333333,44.840900000000005,6502.0,192.31666666666666,47.5961,False,23.273276295923502,8.29606729455748
653092,6733,61.440000000000005,61.1704,6502.0,1334.0449999999998,110.78760000000001,6502.0,465.575,110.864,False,21.71297200520833,7.577718098958332
653101,15598,61.434999999999995,27.7284,15598.0,325.7966666666667,27.099400000000003,15598.0,150.57833333333335,27.1992,True,5.303111689861915,2.451018691842327
653108,6732,64.70666666666666,48.7704,6732.0,564.1733333333334,46.8754,6732.0,222.68333333333334,46.8754,True,8.718936740160727,3.441427982691119
653109,6733,77.41333333333334,32.1022,6733.0,548.34,31.771,6733.0,302.6,37.250800000000005,True,7.083275921460558,3.908887357905615
653114,6732,59.32,46.9612,6732.0,623.9416666666667,51.8474,6732.0,227.82833333333335,51.8474,True,10.518234434704429,3.8406664418970555
653125,6733,42.37833333333333,41.0109,28254.0,567.8316666666667,47.1366,28254.0,373.43333333333334,47.3504,False,13.399103315373424,8.811892869784089
653130,6502,128.58833333333334,98.8159,6502.0,1569.395,130.474,6502.0,708.45,132.24089999999998,True,12.204800850258577,5.509442277033946
653134,6352,60.72833333333333,55.2528,6352.0,426.505,35.4535,6352.0,238.84,35.5606,True,7.023163268106595,3.9329253231605237
653137,6352,13.343333333333334,7.7467,6352.0,93.21333333333334,7.7467,6352.0,31.166666666666668,7.7467,True,6.985760679490382,2.3357481888583562
653140,6733,22.384999999999998,21.132,28254.0,535.1033333333334,44.4222,28254.0,297.63666666666666,44.7474,False,23.904549177276454,13.29625493261857
653144,6502,118.615,93.9933,6502.0,1511.3666666666666,125.6514,6502.0,655.565,127.41839999999999,True,12.741783641754134,5.52683050204443
653147,6352,16.68,11.6294,6352.0,63.85666666666667,5.313,6352.0,40.53333333333333,5.313,True,3.8283373301358914,2.430055955235811
653149,8269,42.91833333333333,38.2697,6502.0,1104.9350000000002,91.7626,6502.0,448.4,91.7763,False,25.745058444332265,10.447749601957206
653158,6352,32.24666666666666,36.9017,6352.0,312.89000000000004,26.0132,6352.0,143.99666666666664,26.1204,True,9.70301839983461,4.465474467645234
653162,6352,37.18666666666666,42.817,6502.0,1349.325,112.0585,6502.0,503.9433333333333,112.1202,False,36.28518286124059,13.551721046970242
653166,6502,145.25166666666667,74.3373,6502.0,894.7716666666668,74.3836,6502.0,299.28,74.4139,True,6.160147330495348,2.060423862032564
653170,6733,71.765,29.7561,6733.0,520.0833333333334,29.425,6733.0,293.175,34.9048,True,7.247033140574561,4.085208667177594
653173,6732,69.13000000000001,61.433699999999995,6732.0,831.1466666666668,69.0766,6732.0,365.65999999999997,69.077,True,12.022951926322387,5.289454650658179
653186,6732,69.08666666666666,78.3904,6732.0,843.485,70.1002,6732.0,375.945,70.1007,True,12.209085206986396,5.441643346521278
653187,6359,105.32833333333333,85.7524,,,,,,,False,,
653188,6359,103.61,85.6227,,,,,,,False,,
653189,6733,30.4,24.3747,15598.0,233.87833333333336,19.468700000000002,15598.0,80.91166666666666,19.85,False,7.693366228070176,2.6615679824561402
653193,6919,69.48,40.684,,,,,,,False,,
653201,6919,122.3,95.9413,6502.0,1148.4683333333335,95.4221,6502.0,505.635,98.2362,False,9.390583265194877,4.134382665576451
653207,35125,77.33,62.2737,35125.0,684.2683333333333,56.873599999999996,35125.0,241.81333333333333,56.895300000000006,True,8.848678822363032,3.1270313375576535
653251,30057,24.065,23.9387,30057.0,265.8616666666667,22.1158,30057.0,111.18166666666666,22.4607,True,11.047648729136366,4.62005679063647
653257,4370,134.24833333333333,144.8091,4370.0,1770.3083333333334,147.19889999999998,30057.0,960.3216666666667,150.23829999999998,True,13.186817961737576,7.153322822133112
653514,3754,0.7566666666666666,0.5149,3754.0,4.526666666666667,0.3763,3754.0,1.8416666666666666,0.3763,True,5.982378854625552,2.433920704845815
653589,8269,3.485,2.574,8269.0,28.771666666666665,2.3924000000000003,8269.0,10.688333333333333,2.574,True,8.25585844093735,3.0669536107125777
653631,3655,2.105,2.9074,3655.0,32.983333333333334,2.7443,3655.0,15.186666666666667,2.7443,True,15.669041963578781,7.214568487727633
653803,4370,103.89166666666667,117.0292,4370.0,1650.2083333333333,137.11860000000001,30057.0,996.0083333333333,163.0746,True,15.883933584663511,9.586989652683084
653841,3792,0.9,0.7489,3792.0,9.75,0.8112999999999999,3792.0,4.885000000000001,0.8112999999999999,True,10.833333333333334,5.427777777777778
653845,3770,106.675,68.107,3770.0,702.8466666666667,58.447900000000004,3770.0,240.82166666666666,58.4495,True,6.58867275994063,2.257526755722209
653846,3494,166.91,161.5952,3494.0,1864.615,155.0491,3494.0,632.2233333333334,155.415,True,11.171379785513151,3.787809797695365
653897,23733,68.22666666666666,35.781,23733.0,420.8333333333333,34.9626,23733.0,226.11833333333334,35.3249,True,6.168164940394763,3.3142222005081106
653900,3727,146.71666666666667,163.3876,3494.0,1870.34,155.5216,3494.0,650.4216666666667,155.6814,False,12.74797228217653,4.433181869817108
653938,4370,45.3,44.214800000000004,4370.0,523.9666666666667,43.533699999999996,30057.0,187.815,46.573,True,11.566593083149376,4.146026490066226
654003,3655,39.36666666666667,28.67,3655.0,237.835,19.7755,3655.0,84.63166666666666,19.7885,True,6.041532599491956,2.149830651989839
654007,3792,28.971666666666668,14.9806,3792.0,180.18666666666667,14.9806,3792.0,60.36833333333333,14.9806,True,6.219409768164298,2.0837024679284357
654010,3494,120.51333333333334,122.3874,3494.0,1377.4783333333332,114.5589,3494.0,467.1383333333333,114.7187,True,11.430090723018198,3.8762377606903797
654083,10972,11.229999999999999,11.4162,10972.0,131.88166666666666,10.931700000000001,10972.0,45.138333333333335,10.9906,True,11.743692490353222,4.0194419709112506
654130,6502,24.955,16.1033,6502.0,192.95166666666668,16.037399999999998,6502.0,145.42833333333334,16.1694,True,7.7319842382956,5.827623054832031
654131,8269,42.190000000000005,45.411,6502.0,740.36,61.444,6502.0,252.65833333333333,61.457699999999996,False,17.548234178715333,5.988583392589081
654134,6919,63.525,68.279,6502.0,1148.4683333333335,95.4221,6502.0,505.635,98.2362,False,18.078997769906863,7.959622195985832
654149,4370,33.525,34.3493,4370.0,400.65833333333336,33.278,4370.0,196.46166666666667,35.9339,True,11.951031568481234,5.86015411384539
654151,4370,27.566666666666666,31.460900000000002,4370.0,380.64666666666665,31.617099999999997,4370.0,191.38,33.6639,True,13.808222490931076,6.942442563482467
654156,4370,33.13666666666667,30.9478,4370.0,368.1683333333333,30.5805,4370.0,184.13666666666668,32.2948,True,11.110602555074939,5.556885625188613
654167,30057,101.65666666666667,100.0435,30057.0,1120.4483333333333,93.25489999999999,30057.0,548.9066666666666,97.4353,True,11.021887398760533,5.399613076696069
654189,4370,94.97833333333332,108.8689,4370.0,1552.0916666666667,128.9583,30057.0,946.935,154.9143,True,16.34153403407795,9.970010704195694
654190,4370,91.42166666666667,105.2962,4370.0,1509.1083333333333,125.38560000000001,30057.0,925.4866666666666,151.3416,True,16.507119027218202,10.123274934825806
654199,4370,27.793333333333333,27.6843,4370.0,378.37666666666667,31.4365,4370.0,190.98833333333332,35.13,True,13.61393619573039,6.871731830175102
654201,4370,23.063333333333333,20.871299999999998,4370.0,325.30833333333334,27.021,4370.0,185.215,28.413400000000003,True,14.105000722647782,8.030712530712531
654245,4370,86.13833333333334,109.9202,4370.0,1516.5600000000002,125.9488,4370.0,942.8716666666667,129.7698,True,17.606098717179734,10.94601706557282
654258,4370,29.853333333333335,31.1822,4370.0,427.65333333333336,35.5162,30057.0,202.37666666666667,49.8746,True,14.325145154086647,6.779030817329164
654265,4370,27.235,26.877200000000002,4370.0,441.18,36.6506,4370.0,221.82666666666668,42.794599999999996,True,16.1990086286029,8.14491157211921
654320,6732,337.12666666666667,338.3581,,,,,,,False,,
654529,30057,13.201666666666666,12.6677,10972.0,240.85833333333332,19.985400000000002,10972.0,81.42333333333333,19.9932,False,18.24453983082944,6.1676555990405255
654533,10972,10.428333333333335,10.4605,10972.0,67.03833333333334,5.5545,10972.0,39.376666666666665,7.8436,True,6.42848010228544,3.7759309573277924
654543,10972,10.616666666666667,10.6793,10972.0,128.44,10.6469,10972.0,44.465,10.6469,True,12.097959183673469,4.188226059654631
654547,30057,100.57833333333333,99.6273,30057.0,1118.0033333333333,93.052,30057.0,544.6333333333333,97.0192,True,11.115747261670009,5.415016487977861
654562,30057,50.626666666666665,51.1623,30057.0,629.3016666666666,52.3113,30057.0,300.46,54.7563,True,12.430240979720832,5.934816960758494
654565,30057,41.5,34.192,30057.0,481.0,40.035599999999995,30057.0,213.98999999999998,41.0896,True,11.590361445783133,5.156385542168675
654567,30057,21.688333333333333,21.716900000000003,30057.0,270.84333333333336,22.536,30057.0,128.00666666666666,23.7619,True,12.487973564896643,5.902097902097902
654582,4370,126.51,137.7485,4370.0,1855.2350000000001,154.2595,30057.0,1002.7733333333333,157.2988,True,14.664730060864754,7.926435327905567
654583,4370,128.11666666666667,139.20729999999998,4370.0,1837.6883333333333,152.8007,30057.0,994.005,155.8401,True,14.343866267724728,7.758592428775855
654595,4370,129.80333333333334,115.06160000000001,4370.0,1318.595,109.65610000000001,30057.0,668.545,112.801,True,10.158406306977222,5.150445545825736
654596,4370,122.64333333333335,110.30460000000001,4370.0,1263.7649999999999,105.097,30057.0,621.8666666666667,108.2418,True,10.3043921398092,5.070529720327236
654598,4370,118.61166666666666,107.6225,4370.0,1229.1016666666667,102.217,30057.0,593.9616666666666,105.2563,True,10.36240111287535,5.007615889386934
654604,4370,51.24666666666667,53.975699999999996,4370.0,584.0683333333333,48.5703,30057.0,207.75833333333333,51.6096,True,11.397196565630283,4.054084818524782
654615,4370,8.908333333333333,7.6609,4370.0,167.75833333333333,13.9399,4370.0,115.11333333333333,13.9399,True,18.831618334892422,12.92198316183349
654634,6732,337.12666666666667,338.3581,,,,,,,False,,
654726,8269,77.61999999999999,79.7995,6502.0,1040.395,86.387,6502.0,348.6816666666667,86.4488,False,13.403697500644165,4.4921626728506405
654731,6352,35.391666666666666,36.0154,6352.0,289.56333333333333,24.074,6352.0,124.56,24.181099999999997,True,8.181681186720038,3.5194725688721453
654733,6359,154.96166666666667,131.2305,6918.0,593.0066666666667,49.3261,6918.0,275.3316666666667,53.6821,False,3.82679587424847,1.776772750250062
654735,8269,3.1383333333333336,1.9377,8269.0,22.89333333333333,1.9034,8269.0,9.896666666666667,2.223,True,7.294742432288899,3.153478491768454
654742,6580,82.82,102.6344,,,,,,,False,,
654744,6580,56.38,75.892,,,,,,,False,,
654753,6580,23.515,28.3644,6580.0,522.2316666666667,43.4236,6580.0,184.37,43.5866,True,22.208448508044512,7.840527322985329
654754,6580,18.31833333333333,24.9193,6580.0,522.2316666666667,43.4236,6580.0,184.37,43.5866,True,28.50868892730416,10.064780274770268
654757,6580,27.384999999999998,34.045199999999994,6580.0,514.4116666666666,42.778400000000005,6580.0,174.51666666666668,42.9414,True,18.784431866593636,6.372710121112532
654760,6580,85.45833333333333,71.066,6580.0,602.5849999999999,50.0642,6580.0,271.43,50.5907,True,7.051214041930765,3.1761677230619214
654761,6580,42.080000000000005,47.9243,6580.0,605.42,50.2992,6580.0,273.7916666666667,50.8257,True,14.387357414448667,6.506455956907478
655001,6502,103.45,88.3996,6502.0,1444.21,120.0577,6502.0,666.5816666666667,121.8246,True,13.960463992266796,6.44351538585468
655042,8269,17.35666666666667,10.8184,8269.0,108.97666666666667,9.0669,8269.0,38.12,9.3279,True,6.27866333781448,2.1962742462070284
655099,6502,107.485,90.06530000000001,6502.0,1464.2316666666666,121.7234,6502.0,673.3283333333333,123.4904,True,13.622660526274982,6.26439348126095
655110,6580,43.05333333333333,33.8188,,,,,,,False,,
655112,6580,37.09166666666667,42.5679,,,,,,,False,,
655113,6352,57.16166666666666,52.8828,6352.0,426.505,35.4535,6352.0,238.84,35.5606,True,7.461381461935447,4.178324634807709
655116,4370,11.615,9.5034,4370.0,147.07999999999998,12.2243,4370.0,93.70833333333333,12.2243,True,12.66293585880327,8.067872004591763
655118,4370,17.05,10.4443,4370.0,143.40333333333334,11.9151,4370.0,106.81166666666667,12.088899999999999,True,8.410752688172042,6.264613880742913
655123,6732,31.293333333333333,27.6902,6732.0,414.2366666666667,34.4444,6732.0,142.83166666666665,34.6431,True,13.237217724755007,4.56428419258628
655124,6732,33.666666666666664,29.3678,6732.0,423.2366666666667,35.1892,6732.0,144.77666666666667,35.401199999999996,True,12.571386138613862,4.30029702970297
655154,30057,22.46333333333333,21.2197,30057.0,330.1616666666667,27.4668,30057.0,139.57000000000002,28.261200000000002,True,14.697803828461199,6.213236385220361
655177,4370,45.445,48.0039,4370.0,512.4150000000001,42.5985,30057.0,183.83666666666667,45.637800000000006,True,11.275497854549457,4.045256170462464
655179,4370,50.29833333333333,52.5983,4370.0,567.1866666666666,47.159699999999994,30057.0,202.37333333333333,50.2322,True,11.276450511945391,4.0234600218695125
655196,6580,35.723333333333336,42.9786,6580.0,623.2816666666666,51.7834,6580.0,288.72,52.3099,True,17.44746664178408,8.082112531492022
655345,8154,4.89,1.8729,8154.0,18.46333333333333,1.529,8154.0,7.711666666666667,1.6277000000000001,True,3.7757327880027263,1.5770279481935925
655346,37376,1.99,0.9198,37376.0,10.281666666666666,0.8562000000000001,37376.0,3.95,0.8783,True,5.166666666666666,1.984924623115578
655348,37376,2.83,1.3122,37376.0,15.006666666666666,1.2492,37376.0,5.715,1.3122,True,5.302709069493521,2.0194346289752647
655365,10972,10.854999999999999,10.976899999999999,10972.0,131.40166666666667,10.8886,10972.0,44.495,10.9191,True,12.105174266850915,4.099032703823124
655462,3754,20.506666666666668,20.3737,3754.0,208.99666666666664,17.3788,3754.0,70.58333333333333,17.4035,True,10.191644993498048,3.441970091027308
655464,3655,8.595,9.541,3655.0,87.48666666666666,7.2732,3655.0,33.64833333333333,7.2732,True,10.17878611595889,3.914872988171417
655601,6502,111.605,71.5144,6502.0,860.2216666666667,71.5607,6502.0,389.6716666666667,71.6049,True,7.707734121828472,3.491525170616609
655626,6733,47.961666666666666,43.86,6502.0,1389.6266666666668,115.3935,6502.0,492.02666666666664,115.4557,False,28.9736942697293,10.25874830593877
655628,4370,15.305,10.6567,4370.0,145.84,12.1275,4370.0,109.26833333333335,12.21,True,9.52891212022215,7.139387999564414
655750,11775,5.4383333333333335,4.0071,11775.0,43.388333333333335,3.6086,11775.0,15.908333333333333,3.653,True,7.978240882623353,2.925222188170395
655754,3494,23.85,26.2694,3494.0,332.24833333333333,26.1726,3494.0,121.05,30.0003,True,13.930747728860936,5.0754716981132075
655826,30057,20.976666666666667,24.266,30057.0,367.085,30.538700000000002,30057.0,152.20833333333334,32.2435,True,17.49968218655649,7.256078182107103
655828,4370,28.075,36.353,4370.0,627.61,52.1343,30057.0,241.04333333333335,59.6565,True,22.354764024933214,8.585693084001187
655888,6502,45.068333333333335,47.022800000000004,6502.0,550.3066666666667,45.769800000000004,6502.0,189.68666666666667,47.0995,True,12.210495173995046,4.208868015236122
656027,3523,46.44833333333334,38.594,3523.0,1172.605,97.50280000000001,3523.0,580.325,97.5086,True,25.245362230435248,12.493989737701389
656028,3523,69.41833333333334,51.3399,3523.0,1150.4316666666666,95.6632,3727.0,538.4933333333333,101.17580000000001,True,16.5724472401623,7.7572207149888355
656029,6919,17.195,17.379900000000003,6919.0,128.86833333333334,10.7019,6919.0,43.47666666666667,10.7019,True,7.494523601822236,2.5284481923039643
656065,37376,68.70666666666666,42.743,8154.0,489.95166666666665,40.727199999999996,11775.0,199.90833333333333,44.7881,False,7.131064428488259,2.909591500097031
656091,11775,21.601666666666667,23.6308,11775.0,342.7583333333333,28.4791,11775.0,123.93666666666667,28.575400000000002,True,15.867217035722552,5.737365943985804
656107,37376,153.05499999999998,128.5266,11775.0,2207.726666666667,183.558,11775.0,949.0916666666667,184.4052,False,14.424400814522016,6.200984395587644
656108,37376,139.98666666666668,119.5442,11775.0,2324.4,193.254,11775.0,988.2033333333333,194.1012,False,16.60443851795409,7.059267549290407
656112,37376,176.77,144.3341,11775.0,2023.2116666666666,168.2274,11775.0,886.5949999999999,169.0746,False,11.445447002696534,5.015528653051987
656247,37376,152.81833333333333,117.2324,11775.0,1653.8,137.5201,11775.0,746.7283333333332,138.3673,False,10.821999978187609,4.886379252053091
656256,3494,148.56,103.874,11775.0,1051.57,87.4275,11775.0,488.01166666666666,88.0962,False,7.078419493807216,3.2849465984562913
656315,3494,62.925,60.095800000000004,3494.0,727.2816666666666,59.4575,3494.0,257.24333333333334,59.4575,True,11.557912859223944,4.088094292146736
656328,37376,156.04833333333332,118.5723,11775.0,1637.6666666666667,136.1803,11775.0,738.6633333333334,137.0274,False,10.494611712183193,4.733554774695875
656458,37376,150.15833333333333,122.6737,11775.0,2434.1566666666668,202.36970000000002,11775.0,1024.87,203.23270000000002,False,16.210599922304237,6.825262223208835
656654,3494,71.50500000000001,69.36489999999999,3494.0,838.6466666666668,68.7266,3494.0,294.37333333333333,68.7266,True,11.728503834230706,4.11682166748246
656665,3727,135.6,116.3094,3494.0,1993.9666666666667,165.7344,3494.0,910.6650000000001,178.7396,False,14.704768928220256,6.715818584070798
656732,3523,58.62833333333333,35.6435,3523.0,523.9216666666666,43.567699999999995,3523.0,217.71666666666667,43.5856,True,8.936322028598232,3.713505984023652
656933,4370,60.52833333333333,76.3906,4370.0,1203.7633333333333,100.0045,30057.0,795.7199999999999,125.96039999999999,True,19.887600848087672,13.146240052867803
657024,6732,322.4166666666667,323.90009999999995,,,,,,,False,,
657028,6732,342.48333333333335,324.2458,,,,,,,False,,
657140,8154,37.57166666666667,25.6844,3655.0,336.6983333333334,28.0042,3655.0,119.64833333333333,28.4185,False,8.961495808011357,3.1845362196690763
657142,8154,31.038333333333334,23.318,3655.0,378.99833333333333,31.5251,3655.0,134.94333333333333,31.939400000000003,False,12.210653492992536,4.347634645331042
657149,37376,175.19166666666666,139.0291,11775.0,2202.601666666667,183.1372,11775.0,948.225,184.0012,False,12.572525329401135,5.412500594586882
657155,37376,176.895,127.1611,11775.0,1979.5883333333334,164.60060000000001,11775.0,872.2983333333334,165.4478,False,11.19075346015056,4.931164438414502
657156,37376,177.215,127.7672,11775.0,1986.8733333333332,165.2067,11775.0,874.5066666666667,166.0539,False,11.21165439343923,4.9347214776777735
657158,37376,170.28333333333333,124.4902,11775.0,1947.4466666666667,161.9298,11775.0,861.0699999999999,162.777,False,11.436507781149066,5.056689830674366
657159,37376,178.71666666666667,128.7618,11775.0,1998.8316666666665,166.20129999999997,11775.0,878.4866666666666,167.0485,False,11.184360719947774,4.915527371071528
657162,37376,186.13666666666668,131.02439999999999,11775.0,2022.555,168.1671,11775.0,887.2883333333334,169.0153,False,10.86596765817231,4.766864848408876
657200,6732,331.40999999999997,328.17179999999996,,,,,,,False,,
657221,37376,43.21333333333334,27.9605,8154.0,302.3833333333333,25.1412,37376.0,159.645,30.5981,False,6.997454489355136,3.6943458809009564
657231,37376,73.42833333333333,44.7086,8154.0,513.5683333333333,42.692800000000005,11775.0,207.86666666666667,46.753699999999995,False,6.994143949883106,2.8308781805388477
657266,37376,95.02666666666667,60.2121,8154.0,683.6283333333333,56.8347,11775.0,356.87,70.8846,False,7.194068331696365,3.755472148168935
657388,37376,104.33833333333334,90.2055,11775.0,1964.3899999999999,163.31289999999998,11775.0,823.2866666666666,164.16,False,18.827116911330126,7.890548376275897
657395,37376,128.24833333333333,112.0175,11775.0,2406.2799999999997,200.0513,11775.0,1015.63,200.9143,False,18.762660983248644,7.91924521436276
657402,37376,107.11666666666666,86.19019999999999,11775.0,2030.4199999999998,168.8015,11775.0,845.2933333333333,169.64870000000002,False,18.955220164929205,7.891333437062393
657413,37376,150.58666666666667,122.8514,11775.0,2436.2916666666665,202.54739999999998,11775.0,1025.5816666666667,203.41039999999998,False,16.178667876748715,6.81057419868957
657535,4370,12.270000000000001,10.3641,11020.0,104.97,8.742299999999998,4370.0,43.644999999999996,10.1735,False,8.555012224938874,3.5570497147514257
659567,4370,58.335,57.902800000000006,4370.0,626.065,52.0518,30057.0,222.38333333333333,55.0912,True,10.732236221822234,3.8121767949487158
661860,8154,46.138333333333335,40.692800000000005,8154.0,713.1133333333333,59.2819,37376.0,473.68666666666667,65.2095,True,15.455983816782863,10.266661850232994
661863,8154,56.461666666666666,39.1334,35125.0,415.8933333333333,34.5616,35125.0,176.155,34.6038,False,7.365941494229123,3.119904359890191
661864,8154,39.535,29.4026,3655.0,483.27333333333337,40.180099999999996,3655.0,199.98999999999998,40.748400000000004,False,12.223936596264915,5.058555710130264
661867,3494,23.771666666666665,15.0209,3494.0,165.745,13.7761,3494.0,120.345,13.8194,True,6.972376077963964,5.0625394377059525
661881,37376,164.53,122.10239999999999,11775.0,1595.2216666666668,132.6501,11775.0,717.4333333333333,133.4973,False,9.695627950323143,4.360501630908243
661890,3792,59.65833333333333,44.1396,3792.0,530.7383333333333,44.1143,3792.0,207.355,44.1143,True,8.896298365693534,3.4757088978907666
661895,3754,145.73999999999998,139.3151,3754.0,1658.8633333333335,137.9505,3754.0,557.385,138.44639999999998,True,11.38234755958099,3.824516261836147
661902,3754,140.0,134.6887,3754.0,1603.2216666666668,133.32410000000002,3754.0,538.8566666666667,133.8201,True,11.451583333333334,3.8489761904761908
661912,37376,205.04500000000002,172.8304,11775.0,1829.8566666666666,152.15429999999998,11775.0,775.525,153.1556,False,8.924171116909296,3.7822185373942303
661913,37376,204.79,172.72560000000001,11775.0,1828.595,152.0495,11775.0,775.1033333333332,153.05089999999998,False,8.92912251574784,3.7848690528508877
662002,11775,147.86499999999998,122.3913,3792.0,1013.775,84.2722,3792.0,368.64833333333337,84.2788,False,6.85608494234606,2.4931412662451113
662132,3523,123.66666666666667,123.721,3523.0,1294.0283333333332,107.6124,3523.0,435.3616666666667,107.6184,True,10.463840970350402,3.52044474393531
662188,3727,123.33833333333334,75.6106,3494.0,1871.5616666666667,155.5664,3494.0,755.3833333333333,168.57160000000002,False,15.174209153682959,6.124481439941624
662189,3727,104.09833333333333,105.11630000000001,3494.0,1738.0083333333334,144.4496,3494.0,696.9516666666666,157.45479999999998,False,16.695832466097762,6.695128003970605
662319,3494,116.53500000000001,77.0561,3494.0,801.205,66.6373,3494.0,291.62833333333333,66.87289999999999,True,6.875230617411078,2.5024956736888773
662320,3727,153.23,129.9306,3494.0,2155.9933333333333,179.2149,3494.0,1045.73,192.22,False,14.070308251212774,6.824577432617634
662321,3727,140.77333333333334,118.45939999999999,3494.0,1951.1699999999998,162.1832,3494.0,874.885,175.1884,False,13.860366546694449,6.214848929721538
662323,3727,217.95666666666665,237.8565,3494.0,2869.9033333333336,238.6119,3494.0,1346.0166666666667,256.8263,False,13.167311545108358,6.175615948124245
662329,3727,145.20666666666665,162.3851,3494.0,1858.2833333333333,154.5191,3494.0,646.4033333333333,154.6789,False,12.797507001515083,4.451609200679492
662330,3523,90.01833333333335,95.901,3523.0,1121.0333333333333,93.2303,3523.0,374.6,93.2326,True,12.453389124437612,4.161374534816981
662334,3494,107.06833333333334,64.0303,11775.0,1834.8316666666665,152.55710000000002,3494.0,968.4983333333333,207.182,False,17.137015301754328,9.045609501720085
662363,3727,244.16333333333333,179.4102,3494.0,2537.563333333333,210.9512,3494.0,1271.275,229.7056,False,10.392892735737005,5.206658111373534
662364,3494,195.53,156.4143,11775.0,2000.9233333333332,166.35770000000002,11775.0,949.4016666666666,196.46,False,10.233331628565097,4.8555294157759255
662366,3494,185.59666666666666,155.8486,3494.0,3557.935,295.824,3494.0,1614.1983333333333,315.3556,True,19.170252698503923,8.697345498302772
662367,3727,98.11999999999999,109.0345,3727.0,2599.2850000000003,216.1596,3727.0,1307.875,216.68370000000002,True,26.490878516102736,13.329341622503058
662368,3727,99.41000000000001,114.60719999999999,3727.0,2715.6833333333334,225.8444,3727.0,1365.8100000000002,226.3844,True,27.31800958991382,13.739161050196158
662372,3655,80.51,79.32289999999999,3655.0,899.8783333333333,74.8278,3655.0,319.9916666666667,75.2518,True,11.177224361362978,3.974558025918105
662394,3727,212.51166666666668,232.861,3494.0,2929.945,243.60729999999998,3494.0,1366.04,261.8218,False,13.787219525202538,6.4280706157309
662397,8154,71.26333333333334,48.503800000000005,8154.0,513.4816666666667,42.6924,37376.0,310.77166666666665,48.6039,True,7.205411852752701,4.3608915290705825
662421,6502,11.66,13.505,6502.0,208.26833333333335,17.3149,6502.0,77.32,19.079099999999997,True,17.86177815894797,6.631217838765008
662454,3727,13.528333333333334,5.9477,3727.0,71.24,5.9226,3727.0,25.759999999999998,5.9262,True,5.265984969816434,1.9041517802143646
662455,3727,9.236666666666668,4.1654,3727.0,49.77833333333333,4.1403,3727.0,18.605,4.1438999999999995,True,5.3892096715986995,2.014254781667268
662456,3727,5.819999999999999,8.1785,3727.0,44.519999999999996,3.7102,3727.0,15.296666666666665,3.7262,True,7.649484536082475,2.6282932416953035
662461,3754,35.876666666666665,31.8826,3754.0,327.375,27.2165,3754.0,110.435,27.2394,True,9.125011613862306,3.0781845210443186
662462,3754,42.105000000000004,36.1449,3754.0,378.905,31.4969,3754.0,127.57833333333333,31.5017,True,8.999049994062462,3.03000435419388
662466,3754,27.001666666666665,23.3093,3754.0,277.945,23.116,3754.0,94.23666666666666,23.116,True,10.293623850379607,3.4900314795383003
662467,3754,35.78,27.5975,3754.0,329.60333333333335,27.4042,3754.0,114.69666666666667,28.3433,True,9.211943357555432,3.2056083473076207
662468,8154,29.14333333333333,27.593,8154.0,736.7266666666667,61.2518,37376.0,496.65833333333336,67.16680000000001,True,25.279423538831068,17.041919249685463
662474,3655,126.90833333333333,121.6175,3655.0,1407.5333333333333,117.015,3655.0,474.32666666666665,117.4422,True,11.09094490774181,3.7375533521570685
662493,37376,188.60166666666666,163.8819,11775.0,1722.2083333333333,143.20579999999998,11775.0,739.3433333333334,144.2022,False,9.131458718109595,3.920131494065977
662498,3754,29.051666666666666,35.85,3770.0,557.0333333333333,46.3248,3770.0,193.35333333333335,46.325300000000006,False,19.17388560610407,6.655498823934371
662508,3494,32.803333333333335,28.875400000000003,3494.0,436.6566666666667,36.299800000000005,3494.0,299.8566666666667,37.559599999999996,True,13.311350472512956,9.141042576973884
662510,3494,42.208333333333336,34.748400000000004,3494.0,504.98333333333335,41.9795,3494.0,322.81,43.2394,True,11.96406712734452,7.648015794669298
662548,3494,140.74666666666664,114.2347,11775.0,1239.3,103.02210000000001,11775.0,573.825,103.86930000000001,False,8.80518188707844,4.077005968169762
662549,3494,98.57166666666667,60.547599999999996,11775.0,1834.695,152.5457,3494.0,968.3833333333333,207.1706,False,18.612802867625923,9.824155014118324
662552,3494,288.23833333333334,218.132,3494.0,3147.4216666666666,261.6711,3494.0,1477.225,281.20279999999997,True,10.919511052774613,5.125012287285406
662553,3727,272.31,214.99079999999998,3494.0,3099.7549999999997,257.698,3494.0,1460.3433333333335,277.2042,False,11.383184605780176,5.362797302094427
662585,3727,199.85833333333332,149.27929999999998,3494.0,2367.6833333333334,196.8151,3494.0,1221.85,209.8202,False,11.84680815577701,6.113580452820748
662587,3727,199.85833333333332,149.27929999999998,3494.0,2367.6833333333334,196.8151,3494.0,1221.85,209.8202,False,11.84680815577701,6.113580452820748
662593,3727,194.50333333333336,147.0952,3494.0,2341.395,194.6309,3494.0,1200.5533333333333,207.6361,False,12.037814261966375,6.172404928792993
662594,3727,155.89333333333335,131.0362,3494.0,2210.1966666666663,183.7214,3494.0,1090.9116666666666,196.72660000000002,False,14.177621450564486,6.99780833048238
662602,3770,55.940000000000005,40.447,3770.0,464.02833333333336,38.5776,3770.0,212.43833333333333,38.814699999999995,True,8.295107853652723,3.7976105350971276
662603,3727,58.19833333333334,52.942800000000005,3727.0,702.1133333333333,58.369699999999995,3727.0,244.13500000000002,58.786300000000004,True,12.064148457859618,4.1948795784529915
662604,3727,127.54833333333333,81.6926,3727.0,782.385,65.0394,3727.0,356.885,65.8185,True,6.134027623515268,2.7980373453200746
662608,3523,109.55166666666668,111.22160000000001,3523.0,1304.1283333333333,108.4531,3523.0,435.99666666666667,108.4591,True,11.904230880406503,3.979826870122164
662609,3523,164.62333333333333,181.60989999999998,3523.0,2038.7316666666666,169.5068,3523.0,681.0266666666666,169.51510000000002,True,12.38422054386782,4.136878125822585
662615,3523,119.25833333333334,140.6467,3523.0,1514.0366666666666,125.8801,3523.0,505.85333333333335,125.88839999999999,True,12.695437076374816,4.241660261337433
662616,37376,69.845,44.409099999999995,11775.0,464.0883333333333,38.5715,11775.0,162.30833333333334,38.6678,False,6.644546257188536,2.3238361132984946
662620,11775,41.35666666666667,29.6323,11775.0,239.255,19.8898,11775.0,85.905,19.986099999999997,True,5.78516160232127,2.0771741758684614
662625,37376,84.54833333333333,67.84989999999999,8154.0,928.95,77.2662,11775.0,350.82,82.98339999999999,False,10.987206528809951,4.1493425851091095
662631,37376,96.705,65.4789,11775.0,673.7233333333334,56.004599999999996,11775.0,297.7116666666667,56.1009,False,6.966789031935612,3.0785550557537533
662635,3494,78.55833333333334,57.51,11775.0,534.1516666666666,44.389199999999995,11775.0,244.39333333333335,44.485699999999994,False,6.799427177256815,3.1109791025777023
662643,3494,16.108333333333334,18.186799999999998,3494.0,207.53,17.252299999999998,3494.0,136.94333333333333,17.4118,True,12.883393688566994,8.50139679255044
662649,3494,111.59333333333333,79.99419999999999,11775.0,852.1516666666666,69.4153,11775.0,462.43666666666667,69.74810000000001,False,7.636223788756795,4.143945277495669
662654,3494,41.40833333333333,31.545099999999998,11775.0,1137.2350000000001,94.52839999999999,11775.0,740.8366666666666,95.22189999999999,False,27.463916280941845,17.891004226202455
662655,3494,41.55166666666666,31.7076,11775.0,1138.1183333333333,94.603,11775.0,742.5183333333333,95.0038,False,27.390437607797523,17.869760539087885
662658,3494,40.348333333333336,30.203799999999998,11775.0,1166.0466666666666,96.9284,11775.0,760.3983333333333,98.0619,False,28.89950018588128,18.845842455285222
662664,3494,35.12,32.9373,3494.0,328.0816666666667,27.266599999999997,3494.0,234.75166666666667,27.266599999999997,True,9.341733105542902,6.684272968868641
662669,3494,33.00666666666667,32.1073,3494.0,345.0083333333333,28.676099999999998,3494.0,254.93666666666667,28.676099999999998,True,10.452686325994748,7.723793173096344
662672,3494,37.16833333333333,26.3469,3494.0,658.5550000000001,54.7517,3494.0,446.92833333333334,55.3446,True,17.71817407291153,12.024438365992557
662679,37376,140.21833333333333,116.66560000000001,8154.0,1961.325,163.08089999999999,11775.0,928.5666666666667,191.1863,False,13.987650212169118,6.622291426465869
662688,37376,131.74666666666667,112.2993,11775.0,2482.7916666666665,206.40820000000002,11775.0,1041.2166666666667,207.27120000000002,False,18.84519532435988,7.903172755793948
662696,37376,114.39,102.74910000000001,8154.0,1814.9816666666666,150.90789999999998,11775.0,875.265,178.2356,False,15.866611300521607,7.651586677157094
662710,37376,169.165,124.0272,11775.0,1572.0716666666667,130.7253,11775.0,705.8533333333332,131.5725,False,9.293126040650648,4.172573128799298
662712,37376,160.13333333333333,141.56789999999998,11775.0,1518.6333333333334,126.27789999999999,11775.0,679.1283333333333,127.125,False,9.483555370524565,4.241017901748543
662717,37376,160.57166666666666,144.26870000000002,11775.0,1400.9683333333335,116.47930000000001,11775.0,636.8266666666666,117.3265,False,8.724878818388467,3.9659964917015245
662720,37376,152.66333333333333,138.81429999999997,11775.0,1485.6416666666667,123.5243,11775.0,660.7183333333334,124.3715,False,9.731489770519007,4.327943841568594
662727,3494,147.45833333333334,119.4635,11775.0,1302.2,108.25089999999999,11775.0,595.0300000000001,109.0981,False,8.830969200339078,4.035241593670529
662734,3494,207.48333333333332,168.735,11775.0,2291.8166666666666,190.55829999999997,3494.0,946.035,221.25779999999997,False,11.045786810185557,4.559571049883525
662738,3494,97.50666666666666,92.2133,11775.0,2007.9716666666668,166.9444,3494.0,761.36,182.935,False,20.593173116368114,7.808286612881171
662742,3494,202.175,165.035,3494.0,2547.2816666666668,211.7695,3494.0,1221.7783333333332,211.983,True,12.599389967437451,6.043172169325254
662743,3494,229.10333333333335,182.8126,11775.0,3869.1583333333333,321.7632,11775.0,1975.005,363.8849,False,16.888267302963726,8.620586052872794
662745,3494,165.57999999999998,140.8755,3494.0,2316.485,192.56779999999998,3494.0,802.975,192.7814,True,13.990125619036117,4.849468534847205
662747,3494,144.77666666666667,127.0917,3494.0,2150.7233333333334,178.784,3494.0,747.5983333333334,178.9975,True,14.855455529205903,5.163804019984804
662752,3494,184.59666666666666,152.637,3494.0,2724.0899999999997,226.4834,3494.0,1369.305,226.6969,True,14.756983694180104,7.417820834612399
662755,3494,178.40166666666667,149.2188,3494.0,2737.3483333333334,227.5857,3494.0,1380.1783333333333,227.7992,True,15.343737446399043,7.736353359927504
662756,3494,169.99333333333334,142.0757,3494.0,2786.213333333333,231.65189999999998,3494.0,1415.255,231.8655,True,16.390132946390054,8.32535589630966
662757,3494,176.53833333333333,147.98260000000002,3494.0,2752.23,228.8219,3494.0,1392.5783333333334,229.03539999999998,True,15.589985177912258,7.888249011074083
662759,3494,167.2,138.1368,3494.0,2795.82,232.4532,3494.0,1419.2583333333334,232.6668,True,16.72141148325359,8.48838716108453
662763,3727,164.97666666666666,128.5003,3494.0,1727.1850000000002,143.59570000000002,3494.0,717.0550000000001,143.80360000000002,False,10.469268381387268,4.346402521568708
662767,3494,154.05499999999998,127.0,3494.0,2087.4116666666664,173.5181,3494.0,838.5733333333334,173.73160000000001,True,13.549782004262546,5.443337336232732
662768,3494,153.815,126.841,3494.0,2085.5,173.35920000000002,3494.0,836.98,173.5727,True,13.55849559535806,5.4414718980593575
662771,3494,133.57333333333332,113.43639999999999,3494.0,1924.395,159.9545,3494.0,672.1383333333334,160.1681,True,14.407029846276703,5.031979936114994
662782,3494,159.02833333333334,130.6081,3494.0,2090.295,173.7581,3494.0,840.9783333333332,173.9717,True,13.14416718194871,5.288229560770093
662786,3494,181.41333333333333,152.50220000000002,3494.0,3558.82,295.89779999999996,3494.0,1614.4933333333333,315.42940000000004,True,19.61719094517125,8.899529619285609
662789,3494,167.83333333333334,139.0334,3494.0,2795.82,232.4532,3494.0,1419.2583333333334,232.6668,True,16.658311817279046,8.45635551142006
662790,3494,166.71666666666667,137.4518,3494.0,2795.82,232.4532,3494.0,1419.2583333333334,232.6668,True,16.769889033290013,8.51299610116965
662791,3494,167.78333333333333,138.961,3494.0,2795.82,232.4532,3494.0,1419.2583333333334,232.6668,True,16.663276050461906,8.458875533922718
662800,3494,117.44833333333332,105.50439999999999,11775.0,1719.9633333333334,142.9977,3494.0,854.0033333333333,195.662,False,14.6444252082476,7.271310789141325
662801,3494,118.94,106.1246,11775.0,1712.5066666666667,142.3775,3494.0,860.2133333333334,196.2821,False,14.39807185695869,7.232330026343815
662802,3494,120.08833333333334,106.6014,11775.0,1706.1816666666666,141.85229999999999,3494.0,864.65,196.8074,False,14.207722093458981,7.200116580850207
662806,3494,111.56333333333333,103.05930000000001,11775.0,1749.3916666666667,145.44279999999998,3494.0,829.4816666666667,193.21689999999998,False,15.680704532552511,7.435074247811408
662813,3494,104.98666666666666,72.6551,3494.0,878.035,72.0167,3494.0,307.7066666666667,72.0167,True,8.363300101600203,2.930911861823724
662826,3494,74.955,71.9723,3494.0,869.9433333333333,71.3339,3494.0,305.205,71.3339,True,11.606208169346052,4.071843105863518
662832,3494,84.87833333333333,82.74560000000001,3494.0,999.385,82.10719999999999,3494.0,351.9183333333333,82.10719999999999,True,11.774324032438589,4.146150372101243
662841,3727,117.16333333333334,131.6414,3494.0,1706.3533333333332,141.8159,3494.0,596.3416666666667,142.0238,False,14.56388517454266,5.089831858658852
662847,3494,89.17166666666667,97.7654,3494.0,822.325,68.34360000000001,3494.0,281.39500000000004,68.5515,True,9.221819337233427,3.1556548230940327
662849,3727,85.31333333333333,98.9994,3494.0,1313.4633333333334,109.17389999999999,3494.0,440.835,109.3818,False,15.39575681800422,5.167246229585059
662862,3494,154.75,127.2439,11775.0,2031.8266666666668,168.9193,3494.0,850.715,186.6675,False,13.129736133548736,5.49735056542811
662864,3494,144.77666666666667,127.0917,3494.0,2150.7233333333334,178.784,3494.0,747.5983333333334,178.9975,True,14.855455529205903,5.163804019984804
662865,3494,138.4633333333333,118.4298,11775.0,2055.1183333333333,170.8591,3494.0,782.8216666666667,177.8534,False,14.84232889573654,5.653638749127327
662870,3494,110.19833333333332,102.48610000000001,11775.0,2077.205,172.7054,3494.0,730.215,175.03560000000002,False,18.849695246449585,6.626370634764592
662872,3494,178.56166666666667,145.0195,11775.0,1738.3483333333331,144.51729999999998,11775.0,866.2366666666666,145.3645,False,9.735282862129795,4.851190531749069
662876,3754,46.123333333333335,63.870400000000004,3792.0,850.3233333333334,70.7085,3655.0,308.6816666666667,75.1911,False,18.435860374358604,6.692527281925273
662884,3655,144.89833333333334,135.3591,3655.0,1570.7533333333333,130.5933,3655.0,529.2633333333333,131.0205,True,10.840382337040912,3.6526530095814302
662888,3655,328.2433333333333,213.0701,3655.0,2573.3633333333332,213.9193,3655.0,869.0616666666666,214.5425,True,7.839803804088431,2.647614066800037
662893,3655,309.8833333333333,205.462,3655.0,2411.99,200.51870000000002,3655.0,810.3633333333333,201.1234,True,7.783542193298553,2.6150594309686443
662904,3655,211.6,168.7618,3655.0,2806.625,233.326,3655.0,1001.3966666666668,241.1656,True,13.26382325141777,4.732498424700694
662911,3655,31.928333333333335,26.7875,3655.0,215.20333333333335,17.893,3655.0,77.24333333333334,17.9061,True,6.740199404917263,2.419272328652712
662913,3655,36.68833333333334,28.0645,3655.0,230.55833333333334,19.17,3655.0,82.115,19.183,True,6.28424113024122,2.2381774406032795
662916,3655,33.28666666666667,28.095200000000002,3655.0,220.24666666666664,18.313299999999998,3655.0,80.52666666666667,18.557299999999998,True,6.616663328660123,2.419186861606249
662923,3655,22.326666666666664,22.2248,3655.0,269.0083333333333,22.3577,3655.0,93.1,22.7817,True,12.048745894296806,4.16990146312332
662935,3727,27.378333333333334,36.593,3494.0,2086.2,173.34879999999998,3494.0,744.4716666666667,173.5567,False,76.19894076824738,27.19200097400621
662939,3727,28.113333333333333,39.675,3494.0,2086.365,173.3625,3494.0,744.5550000000001,173.5704,False,74.21265117382025,26.484052644059762
662943,3727,38.555,44.9551,3494.0,3164.815,263.143,3494.0,1158.73,263.8033,False,82.08572169627804,30.053948904162883
662944,3727,22.618333333333332,31.908,3494.0,2086.5433333333335,173.37720000000002,3494.0,744.6433333333333,173.5851,False,92.25009210817186,32.92211332989463
662945,3727,19.221666666666668,27.0947,3494.0,2066.9633333333336,171.74960000000002,3494.0,734.8616666666666,171.9575,False,107.53299228301397,38.23090262724355
662949,3727,19.01833333333333,26.8019,3494.0,2066.701666666667,171.7278,3494.0,734.73,171.93570000000003,False,108.6689159582859,38.63272281132242
662951,3727,29.983333333333334,35.0402,3494.0,2086.5433333333335,173.37720000000002,3494.0,744.6433333333333,173.5851,False,69.59010561423013,24.835241801000553
662953,3727,4.765,1.9703,3727.0,23.055,1.9156,3727.0,7.88,1.9156,True,4.838405036726129,1.6537250786988458
662954,3727,4.568333333333333,6.4072,3727.0,37.468333333333334,3.1222,3727.0,12.946666666666665,3.1383,True,8.201751185698651,2.834002188982123
662959,3727,4.833333333333333,6.7219,3727.0,56.79,4.7268,3727.0,25.09333333333333,4.7268,True,11.749655172413794,5.191724137931034
662964,3727,5.698333333333333,8.0542,3727.0,48.486666666666665,4.0366,3727.0,21.636666666666667,4.0366,True,8.508920737057618,3.7970166715413862
662972,3727,17.333333333333332,14.894,3727.0,148.29166666666666,12.336799999999998,3727.0,57.22833333333333,12.336799999999998,True,8.555288461538462,3.3016346153846157
662977,3727,128.80166666666668,133.7306,3494.0,2256.7966666666666,187.65460000000002,3494.0,828.2783333333333,187.8134,False,17.521486523207514,6.430649189322084
662981,3727,113.57333333333332,123.5866,3494.0,2378.765,197.7986,3494.0,795.5116666666667,198.16770000000002,False,20.944749354308524,7.004387767081475
662984,3727,97.29333333333334,87.023,3494.0,1822.96,151.5447,3494.0,609.2766666666666,151.7526,False,18.736741126490337,6.262265314512813
662985,3727,50.486666666666665,62.2696,3494.0,1735.3466666666668,144.21720000000002,3494.0,579.7116666666666,144.42510000000001,False,34.37237554469827,11.482470619305426
662992,3727,69.24666666666667,92.663,3494.0,2068.57,171.95489999999998,3494.0,696.7783333333333,172.1674,False,29.87248483681525,10.06226533166458
662996,3727,47.79333333333333,59.3618,3494.0,1770.3883333333333,147.125,3494.0,591.395,147.3329,False,37.042579160273405,12.374006137536616
663012,3523,30.828333333333333,42.5403,3523.0,1358.275,112.9136,3523.0,775.785,117.0437,True,44.05930691463481,25.164675352759907
663013,3523,33.08166666666667,43.3685,3523.0,1358.275,112.9136,3523.0,775.785,117.0437,True,41.05823970980906,23.45060204544309
663016,3523,56.92333333333333,50.9512,3523.0,1368.59,113.78460000000001,3523.0,779.4699999999999,118.07730000000001,True,24.04268899689641,13.693330210224277
663023,3523,40.568333333333335,44.1601,3523.0,1289.5366666666666,107.2102,3523.0,716.3183333333333,111.50280000000001,True,31.7867795078263,17.657080645823918
663024,3523,37.56166666666666,25.380200000000002,3523.0,414.7916666666667,34.4913,3523.0,164.88,34.5092,True,11.04295159071749,4.389581576962329
663040,3523,38.913333333333334,33.8917,3523.0,1017.8966666666668,84.6371,3523.0,521.15,84.6429,True,26.15804351550454,13.392581805722116
663041,3523,31.05666666666667,28.6647,3523.0,1080.7516666666666,89.86410000000001,3523.0,573.5183333333333,89.8699,True,34.799345282816354,18.466834818074485
663042,3523,40.845,34.9558,3523.0,1111.995,92.46430000000001,3523.0,599.045,92.4701,True,27.22475211164157,14.66629942465418
663046,3523,63.60666666666667,61.6066,3523.0,739.56,61.502199999999995,3523.0,289.1933333333333,61.5079,True,11.627083114977465,4.546588407923697
663049,3727,75.70166666666667,104.58460000000001,3494.0,2043.9733333333331,169.9115,3494.0,686.3533333333332,170.124,False,27.000374276215844,9.066555117676844
663050,3727,95.23333333333333,100.82,3494.0,2362.8066666666664,196.47,3494.0,837.1266666666667,197.8767,False,24.810710535526773,8.790269513475673
663065,3727,115.24166666666666,110.2718,3494.0,2551.56,212.1621,3494.0,915.5116666666667,212.8224,False,22.140950177163933,7.944276520355775
663069,3727,123.20166666666667,120.4807,3494.0,2312.7966666666666,192.31310000000002,3494.0,812.1,192.47289999999998,False,18.772446260196695,6.591631606715278
663074,3727,41.818333333333335,59.0396,3494.0,2463.7683333333334,204.8666,3494.0,884.8633333333333,205.52689999999998,False,58.91598581164561,21.159698696743853
663075,3727,95.85166666666667,102.2752,3494.0,2471.476666666667,205.5074,3494.0,887.36,206.1676,False,25.784389073394657,9.257637669315434
663076,3727,41.809999999999995,59.028400000000005,3494.0,2463.7683333333334,204.8666,3494.0,884.8633333333333,205.52689999999998,False,58.92772861356933,21.1639161285179
663078,3727,39.718333333333334,56.0717,3494.0,2463.7683333333334,204.8666,3494.0,884.8633333333333,205.52689999999998,False,62.03101002895389,22.278460828332843
663080,3727,132.05833333333334,117.21539999999999,3494.0,2635.0416666666665,219.1057,3494.0,943.545,219.766,False,19.953618981510694,7.144910708651479
663081,3727,120.025,127.87910000000001,3494.0,2305.773333333333,191.726,3494.0,795.8666666666667,191.8858,False,19.210775532875093,6.630840797056169
663083,3727,116.77333333333333,125.7368,3494.0,2465.6516666666666,205.0267,3494.0,852.6216666666667,205.1865,False,21.114852135190684,7.301510047956155
663084,3727,116.75166666666668,125.72210000000001,3494.0,2465.475,205.0119,3494.0,852.5633333333334,205.17170000000002,False,21.11725742673195,7.302365419480092
663096,3494,235.675,185.53979999999999,11775.0,3869.1583333333333,321.7632,11775.0,1975.005,363.8849,False,16.417347335667056,8.380205791874403
663099,3494,273.28499999999997,203.0046,11775.0,3703.9933333333333,308.00640000000004,11775.0,1919.7333333333333,350.12809999999996,False,13.553591793670833,7.024656799068128
663103,3494,225.26666666666668,177.5612,3494.0,2559.105,212.752,3494.0,1231.6283333333333,212.9655,True,11.360335898194732,5.4674237940219
663113,3727,273.93833333333333,295.4544,11775.0,3815.935,317.3054,11775.0,1914.51,348.6884,False,13.92990514896905,6.9888356868638315
663115,3727,272.655,294.9229,11775.0,3809.5350000000003,316.7739,11775.0,1912.3766666666668,348.1569,False,13.971997579358533,7.013906462990471
663122,3727,265.0683333333333,289.37559999999996,11775.0,3762.7850000000003,312.8855,11775.0,1891.46,342.9878,False,14.195528197131559,7.135744870819474
663133,3727,247.2133333333333,270.8247,11775.0,3539.8566666666666,294.33459999999997,11775.0,1816.6816666666666,324.43690000000004,False,14.319036190065262,7.348639501645003
663141,3727,259.07166666666666,281.226,11775.0,3664.795,304.7358,11775.0,1867.0583333333334,334.8381,False,14.145873406972331,7.206725294802597
663147,3727,286.695,303.38190000000003,11775.0,3912.99,325.3816,11775.0,2003.6316666666667,356.995,False,13.64861612515042,6.988722044914166
663149,3727,296.005,306.3583,11775.0,3948.7616666666668,328.358,11775.0,1990.2716666666668,359.9715,False,13.340185695061457,6.723777188448394
663152,3727,275.26,273.3658,11775.0,3989.02,331.705,11775.0,2066.42,363.3184,False,14.491825910048682,7.5071568698684885
663157,3727,256.7133333333333,280.9307,11775.0,3661.2633333333333,304.44059999999996,11775.0,1857.4966666666667,334.54290000000003,False,14.262069234165217,7.235684421014362
663160,3494,206.815,172.79979999999998,3494.0,3411.545,283.6316,3494.0,1565.3983333333333,303.1633,True,16.495636196600827,7.569075421673154
663161,3494,207.14,171.70329999999998,3494.0,3439.4783333333335,285.958,3494.0,1574.71,305.4896,True,16.604607189984232,7.602153133146665
663162,3494,193.86333333333332,162.45770000000002,3494.0,3532.016666666667,293.6659,3494.0,1605.5649999999998,313.19759999999997,True,18.21910624322977,8.28194260561564
663172,3727,289.7083333333333,282.2524,3494.0,3309.961666666667,275.1755,3494.0,1531.3683333333333,294.7072,False,11.425151733064865,5.285896735222207
663187,3494,282.9533333333333,218.7509,3494.0,3181.9883333333332,264.5356,3494.0,1488.7216666666668,284.0673,True,11.245629432415239,5.261368187922627
663204,3727,214.38666666666668,213.0967,3727.0,3443.3716666666664,286.435,3727.0,1593.335,286.9828,True,16.06150102618322,7.432062006343678
663208,3727,182.95833333333334,193.5385,3727.0,3296.141666666667,274.1822,3727.0,1537.525,274.73,True,18.015805055795948,8.403689364609429
663211,3727,217.94333333333333,216.754,3727.0,3479.7933333333335,289.4633,3727.0,1608.1283333333333,290.64009999999996,True,15.966505054830767,7.3786534726152055
663214,3727,53.47166666666667,74.05189999999999,3494.0,2408.8633333333332,200.2151,3494.0,1255.3433333333335,213.7547,False,45.04934077237166,23.476794564099368
663215,3727,173.85333333333335,187.497,3727.0,3223.475,268.14070000000004,3727.0,1513.2516666666668,268.6885,True,18.541347112508625,8.70418552036199
663216,3727,145.20333333333335,160.946,3727.0,2715.836666666667,225.857,3727.0,1365.8866666666665,226.397,True,18.703679897155713,9.406717017515666
663220,3727,124.24499999999999,130.5782,3727.0,3427.2183333333332,285.0883,3727.0,1593.4166666666667,285.636,True,27.58435617798168,12.824795095711432
663226,3727,175.22166666666666,188.411,3727.0,3234.4533333333334,269.0547,3727.0,1516.9133333333334,269.6025,True,18.459208811695664,8.657110517154463
663227,3727,245.965,252.6234,11775.0,4233.3133333333335,352.0261,11775.0,2165.7933333333335,383.6898,False,17.211039511041545,8.805290725645248
663230,3727,246.0883333333333,252.7211,11775.0,4208.9383333333335,349.994,11775.0,2154.1,381.6578,False,17.103363968222794,8.753360920536664
663233,3494,280.43666666666667,225.4474,3494.0,3431.2216666666664,285.2567,3494.0,1572.115,304.7884,True,12.235281881827149,5.605953810129441
663247,3727,94.975,99.0465,3494.0,1664.995,138.3799,3494.0,636.1016666666667,151.385,False,17.530876546459595,6.697569535842766
663253,3727,114.26666666666667,111.8893,3494.0,1802.5416666666667,149.8258,3494.0,750.8383333333334,162.83089999999999,False,15.774868728121355,6.570930571761961
663260,3727,81.28333333333333,58.1813,3494.0,1974.4666666666667,164.10829999999999,3494.0,789.3316666666667,177.11339999999998,False,24.29116259995899,9.710867336477344
663262,3727,73.74666666666667,55.0549,3494.0,2012.1083333333333,167.2346,3494.0,801.875,180.2398,False,27.284058036521422,10.873372807810522
663265,3727,65.13833333333334,60.7963,3494.0,2013.305,167.3114,3494.0,686.52,167.5193,False,30.90814420592073,10.53941611442315
663267,3727,67.06,52.2689,3494.0,2062.0866666666666,171.3919,3494.0,818.7166666666667,184.3971,False,30.74987573317427,12.208718560493091
663270,3727,65.93333333333334,51.8018,3494.0,2056.4633333333336,170.92479999999998,3494.0,816.8433333333334,183.93,False,31.190040444893835,12.388928210313448
663275,3727,60.25833333333333,49.4456,3494.0,2079.5899999999997,172.8439,3494.0,824.3733333333333,185.8491,False,34.51124325819388,13.680652745125156
663279,3727,88.73833333333333,61.2772,3494.0,2263.8216666666663,188.1647,3494.0,885.8433333333334,201.16989999999998,False,25.511203350675203,9.982645605995154
663281,3727,83.63333333333334,59.1537,3494.0,2238.305,186.0411,3494.0,877.3383333333334,199.0463,False,26.763312076524507,10.4902949382224
663284,3727,36.23166666666667,39.4801,3494.0,2199.555,182.8095,3494.0,864.4166666666666,195.81470000000002,False,60.70808224849348,23.858043148258886
663294,3727,34.01,38.2535,3494.0,2214.2933333333335,184.0361,3494.0,870.9483333333334,197.0412,False,65.10712535528766,25.608595511124182
663299,3727,30.951666666666664,36.014900000000004,3494.0,2247.2766666666666,186.7765,3494.0,889.59,199.7816,False,72.60599859996769,28.741263259921386
663302,3727,25.153333333333332,35.4605,3494.0,2281.04,189.5824,3494.0,904.0699999999999,202.5875,False,90.68539623641665,35.942353564802545
663308,3727,18.301666666666666,25.7908,3494.0,2356.538333333333,195.8645,3494.0,939.005,208.89339999999999,False,128.760859666697,51.307075858300706
663316,3727,21.933333333333334,30.911,3494.0,2292.305,190.52079999999998,3494.0,909.2033333333333,203.5497,False,104.51238601823708,41.45303951367781
663331,3727,220.86833333333334,169.8281,3494.0,2546.36,211.6792,3494.0,1275.075,230.4335,False,11.528859576972707,5.7730095607488625
663332,3727,278.73499999999996,201.8894,3494.0,2943.0716666666663,244.662,3494.0,1408.035,264.1789,False,10.558672813484732,5.051518467361474
663350,3727,251.00666666666666,257.1314,3494.0,2940.601666666667,244.46779999999998,3494.0,1406.4583333333333,263.974,False,11.715233327136067,5.60327082946004
663354,3727,213.70333333333335,227.5099,3494.0,3378.8033333333337,280.9316,3494.0,1552.965,300.4378,False,15.810718909391525,7.266919873344667
663355,3727,222.64666666666665,228.2775,3494.0,3517.4983333333334,292.477,3494.0,1599.3,311.9832,False,15.798567236578137,7.183130221277361
663368,3727,158.39333333333335,127.22330000000001,3494.0,2432.7683333333334,202.225,3494.0,1111.5416666666667,215.2301,False,15.359032366682099,7.017603855381119
663370,3727,196.25666666666666,143.3172,3494.0,2563.6299999999997,213.1174,3494.0,1243.7633333333333,231.324,False,13.062639061093465,6.337432274062877
663373,3727,203.935,148.4119,3494.0,2481.9716666666664,206.3258,3494.0,1264.1850000000002,236.41879999999998,False,12.170405603092487,6.198960453085543
663377,3727,225.80666666666667,162.1934,3494.0,2731.883333333333,227.1204,3494.0,1326.4283333333333,240.13170000000002,False,12.098328953972423,5.874177024593309
663389,3727,86.86,89.1876,3727.0,2135.9066666666668,177.6104,3727.0,1301.5083333333334,178.2265,True,24.590221812878962,14.983978048967689
663403,3727,114.905,104.8394,3727.0,2198.65,182.83720000000002,3727.0,1314.2583333333334,183.4472,True,19.13450241503851,11.43778193580204
663405,3727,112.405,103.8357,3727.0,2165.395,180.07139999999998,3727.0,1301.16,180.6814,True,19.264223121747253,11.575641652951381
663409,3727,132.57,112.2152,3727.0,2266.188333333333,188.4509,3727.0,1334.775,189.0609,True,17.094277237182872,10.068454401448292
663416,3727,158.90833333333333,143.2076,3727.0,1511.6583333333333,125.71419999999999,3727.0,900.2983333333334,126.135,True,9.512769416330169,5.665519953851802
663422,3727,71.70666666666666,78.86930000000001,3727.0,2560.49,212.90439999999998,3727.0,1557.9966666666667,213.54739999999998,True,35.707837486054295,21.72736147266642
663423,3727,72.195,79.4648,3727.0,2569.101666666667,213.6235,3727.0,1560.3566666666666,214.2566,True,35.585589953136186,21.613084932012836
663426,3727,59.945,70.9561,3727.0,2451.2200000000003,203.8136,3727.0,1505.4116666666666,204.4298,True,40.89115022103596,25.113214891428253
663427,3727,70.80833333333334,78.37780000000001,3727.0,2555.645,212.5009,3727.0,1555.85,213.117,True,36.0924326232788,21.972696245733786
663432,3727,66.05833333333334,73.4907,3727.0,2441.17,202.9796,3727.0,1502.5483333333332,203.5958,True,36.95476220512173,22.745780244733186
663441,3727,108.22,90.9708,3727.0,2603.088333333333,216.4362,3727.0,1556.5666666666666,217.0523,True,24.05367153329637,14.383354894351013
663442,3727,97.43833333333333,86.4628,3727.0,2548.8883333333333,211.9282,3727.0,1538.6433333333334,212.5443,True,26.158989446316475,15.79094470006671
663445,3727,92.08666666666666,84.2983,3727.0,2522.851666666667,209.7637,3727.0,1529.725,210.3798,True,27.396492434663003,16.61179685803229
663457,3727,117.615,77.5818,3727.0,742.5333333333333,61.731199999999994,3727.0,258.6983333333333,62.1477,True,6.313253694965211,2.1995352066771527
663461,3523,82.67,62.616699999999994,3727.0,981.31,81.5735,3727.0,384.08,82.02789999999999,False,11.870206846498125,4.645941695899358
663465,3523,216.66833333333335,163.67020000000002,3523.0,1966.3383333333334,163.5645,3523.0,1089.3666666666666,163.57029999999997,True,9.075337882016292,5.027807478404012
663466,3523,210.69833333333332,161.8202,3523.0,1943.3483333333331,161.65120000000002,3523.0,1081.5316666666668,161.6571,True,9.223368322799578,5.1330812615192345
663467,3523,210.665,161.7657,3523.0,1942.695,161.5967,3523.0,1081.3483333333334,161.6025,True,9.22172643770916,5.133023204297503
663480,3727,94.75666666666666,107.2923,3523.0,5591.691666666667,460.44579999999996,3523.0,2195.8,465.50809999999996,False,59.01106342561649,23.173039715763185
663483,3727,91.02833333333334,103.3288,3523.0,5617.9400000000005,462.6246,3523.0,2204.55,467.68690000000004,False,61.71638867019426,24.218283684567076
663485,3727,90.60666666666665,102.8806,3523.0,5617.9400000000005,462.6246,3523.0,2204.55,467.68690000000004,False,62.00360532705468,24.330991097049523
663488,3727,123.5,128.1602,3523.0,1081.585,89.9305,3523.0,367.3566666666667,91.129,False,8.757773279352227,2.9745479082321187
663495,3727,83.35166666666667,95.6364,3523.0,1123.9833333333333,93.447,3523.0,382.53,94.77489999999999,False,13.484833336665933,4.589350342924556
663496,3727,83.37166666666667,95.6572,3523.0,1123.9833333333333,93.447,3523.0,382.53,94.77489999999999,False,13.481598464706234,4.588249405273574
663506,3727,65.35333333333332,76.4418,3523.0,868.5433333333333,72.1807,3523.0,390.27166666666665,72.1986,False,13.289962256452108,5.9717178414770995
663509,3727,62.781666666666666,74.6025,3523.0,843.2099999999999,70.07730000000001,3523.0,377.60166666666663,70.09519999999999,False,13.430831718389125,6.014521224348933
663511,3727,93.58500000000001,102.1447,3523.0,1109.53,92.2534,3523.0,376.15333333333336,93.4519,False,11.855852967890153,4.019376324553436
663514,3523,1.3366666666666667,1.6129,3523.0,4.430000000000001,0.36819999999999997,3523.0,1.6533333333333333,0.36819999999999997,True,3.3142144638403996,1.2369077306733167
663517,3523,110.61333333333333,57.257,3523.0,783.9416666666667,65.1812,3523.0,306.095,65.1991,True,7.087225771456124,2.767252290260367
663520,3727,69.71166666666666,73.42660000000001,3523.0,866.065,71.9907,3523.0,364.63666666666666,72.0086,False,12.423530255576544,5.230640495373802
663549,3494,82.35333333333332,90.3863,3494.0,970.7366666666666,80.67660000000001,3494.0,324.795,80.8845,True,11.78746053590221,3.9439205051404524
663556,3494,33.3,46.677800000000005,3494.0,535.2016666666666,44.505300000000005,3494.0,179.09333333333333,44.505300000000005,True,16.07212212212212,5.378178178178179
663565,3494,32.645,20.2975,3494.0,243.92166666666665,20.2975,3494.0,81.49499999999999,20.2975,True,7.4719456782559845,2.4964006739163724
663581,3494,36.54,23.8443,3494.0,280.125,23.3083,3494.0,93.56833333333334,23.3083,True,7.666256157635468,2.560709724502828
663583,3494,46.495,27.9175,3494.0,335.315,27.8872,3494.0,112.565,27.9175,True,7.211850736638349,2.4210130121518443
663591,3494,95.14333333333335,61.5223,3494.0,823.4183333333333,67.4764,3494.0,289.76,67.4764,True,8.654503731212555,3.045510282731317
663605,3494,46.288333333333334,42.0994,3494.0,510.90833333333336,41.461,3494.0,185.10666666666665,41.461,True,11.037518453173947,3.9989918265941737
663607,3494,47.016666666666666,42.886300000000006,3494.0,540.8183333333333,43.9462,3494.0,196.375,43.9462,True,11.502694080113434,4.176710386387806
663613,3494,47.39666666666667,43.2981,3494.0,525.3066666666667,42.659800000000004,3494.0,189.905,42.659800000000004,True,11.083198537168578,4.006716365426541
663625,3494,67.87666666666667,73.6777,3494.0,678.745,56.4122,3494.0,228.5366666666667,56.62,True,9.999680793596228,3.3669400383047687
663628,3494,44.27166666666667,57.9501,3494.0,674.1716666666667,56.0613,3494.0,225.41666666666666,56.0613,True,15.228061589428906,5.09166886270376
663637,3494,67.16666666666667,76.7552,3494.0,806.775,67.0455,3494.0,270.14166666666665,67.2533,True,12.01153846153846,4.021960297766749
663651,37376,227.77,182.2371,11775.0,1943.03,161.561,11775.0,813.3933333333333,162.5623,False,8.530666900821004,3.571117062533842
663652,37376,219.66666666666666,178.8761,11775.0,1902.54,158.19989999999999,11775.0,799.9016666666666,159.20129999999997,False,8.66103186646434,3.6414339908952957
663658,37376,205.12666666666667,172.8648,11775.0,1830.27,152.1887,11775.0,775.6633333333334,153.19,False,8.922633169748773,3.7813871104033283
663670,3494,150.17000000000002,124.29939999999999,11775.0,1359.7766666666669,113.0407,11775.0,617.6,113.88789999999999,False,9.05491554016559,4.112672304721316
663673,37376,153.00833333333333,140.2009,11775.0,1439.3233333333333,119.67389999999999,11775.0,644.4416666666667,120.5211,False,9.40682969337182,4.211807635749687
663681,3494,90.00833333333334,71.4073,3494.0,725.765,60.3808,3494.0,321.7083333333333,62.9604,True,8.063308952874733,3.5742060920285152
663786,3523,49.04333333333333,49.957,3523.0,681.1516666666666,56.6409,3523.0,271.8183333333333,56.6588,True,13.888771834432136,5.542411472847142
663791,3523,58.2,35.4646,3523.0,521.775,43.3888,3523.0,216.64,43.406699999999994,True,8.965206185567009,3.72233676975945
663796,3523,55.68,34.4171,3523.0,509.17833333333334,42.341300000000004,3523.0,210.335,42.359199999999994,True,9.144725814176246,3.777568247126437
663797,3523,36.36333333333334,26.3857,3523.0,427.2883333333333,35.5339,3523.0,170.96,35.5518,True,11.750527087725729,4.701439178659822
663803,3523,11.123333333333333,12.5933,3523.0,260.9766666666667,21.7043,3523.0,87.59166666666667,21.7067,True,23.46209169913096,7.874587953251424
663804,3523,24.118333333333332,12.133700000000001,3523.0,145.86833333333334,12.1319,3523.0,49.019999999999996,12.1342,True,6.0480270886600795,2.0324787506046573
663807,3523,28.42,17.132099999999998,3523.0,199.39666666666665,16.575200000000002,3523.0,67.145,16.5775,True,7.016068496364062,2.362596762843068
663825,3523,149.48,130.628,3523.0,1538.5783333333334,127.9573,3523.0,548.1983333333334,135.82489999999999,True,10.29287084113817,3.667369101775043
663832,3523,94.14166666666667,98.741,3523.0,1155.1983333333333,96.0702,3523.0,385.905,96.07260000000001,True,12.270850668319023,4.099194476409666
663857,3523,49.205000000000005,65.86110000000001,3523.0,1309.4016666666669,108.8805,3523.0,702.4616666666666,108.9634,True,26.61115062832368,14.27622531585543
663866,3523,168.085,154.4871,3523.0,1824.6416666666667,151.7185,3523.0,609.9433333333333,151.7245,True,10.855469950719378,3.628779089944571
663879,3523,82.86833333333334,63.155800000000006,3523.0,732.895,60.9431,3523.0,250.415,62.1416,True,8.84409002232457,3.02184187767744
663890,3523,64.79833333333333,49.8091,3523.0,598.9699999999999,49.807300000000005,3523.0,200.08333333333334,49.809599999999996,True,9.243601944494456,3.0877851796599707
663900,3523,98.71833333333333,73.6717,3523.0,885.6933333333333,73.6539,3523.0,295.95,73.6562,True,8.971923486012392,2.9979233847140856
663906,3523,80.78166666666667,61.7528,3523.0,742.1266666666667,61.722199999999994,3523.0,248.01000000000002,61.7245,True,9.186820441931957,3.0701272978604885
663910,3727,97.025,101.9262,3523.0,953.7933333333333,79.305,3523.0,324.245,80.5035,False,9.83038735721034,3.3418706518938417
663911,3523,116.28500000000001,81.9731,3523.0,959.2933333333333,79.76039999999999,3523.0,326.1766666666666,80.959,True,8.24950194206762,2.804976279543076
663919,3523,103.525,76.842,3523.0,897.5333333333333,74.6293,3523.0,305.49,75.8279,True,8.66972550913628,2.9508814296063752
663923,3523,84.06,63.951,3523.0,742.435,61.7383,3523.0,253.60833333333332,62.936800000000005,True,8.832203188198905,3.0169918312316595
663924,3523,87.67166666666667,66.3576,3523.0,771.3733333333333,64.1449,3523.0,263.2583333333333,65.3434,True,8.798433549417334,3.0027755071003552
663929,3523,152.88666666666668,170.9819,3523.0,1910.95,158.87879999999998,3523.0,638.2099999999999,158.8871,True,12.499127894300788,4.1743993371996675
663947,3523,182.34,197.5179,3523.0,2228.5899999999997,185.2947,3523.0,744.7900000000001,185.3331,True,12.222167379620487,4.08462213447406
663958,3523,70.89,90.6273,3523.0,2113.815,175.7396,3523.0,713.12,177.0466,True,29.81823952602624,10.059528847510228
663959,3523,69.28666666666666,89.7338,3523.0,2117.6683333333335,176.0614,3523.0,714.3199999999999,177.3519,True,30.563865101510636,10.30963148272876
663960,3494,143.325,146.9915,3494.0,1670.7283333333332,138.92370000000003,3494.0,565.8766666666667,139.3228,True,11.656921914064771,3.948206291063434
663963,3494,118.52,120.9452,3494.0,1361.4816666666666,113.21910000000001,3494.0,461.9933333333333,113.379,True,11.487357970525368,3.89802002474969
663972,3727,119.945,133.82989999999998,3523.0,5406.413333333333,445.07309999999995,3523.0,2119.5516666666667,450.1355,False,45.07410340850667,17.67102977753693
663991,3494,10.928333333333335,15.0773,3494.0,181.38500000000002,15.0773,3494.0,60.565000000000005,15.0773,True,16.597681866707337,5.542016165929541
663999,3494,11.036666666666667,9.0175,3494.0,108.43333333333334,9.0175,3494.0,36.39833333333333,9.0175,True,9.824826336454244,3.2979462398067048
664002,3494,98.20833333333333,96.36110000000001,3494.0,1066.6483333333333,88.7073,3494.0,394.89000000000004,88.8787,True,10.861077641069157,4.020941875265168
664010,3494,86.0,94.0914,3494.0,1015.1866666666666,84.3817,3494.0,339.8,84.5896,True,11.804496124031006,3.9511627906976745
664025,3494,88.98833333333333,97.5662,3494.0,1057.0666666666666,87.8565,3494.0,353.565,88.06439999999999,True,11.878710692412863,3.9731612758226733
664038,3494,81.51666666666667,65.76469999999999,3494.0,660.9483333333334,54.995599999999996,3494.0,261.29333333333335,58.917,True,8.108137395215703,3.2053976691883053
664083,3494,95.35333333333332,86.4498,3494.0,981.4833333333333,81.6284,3494.0,359.2866666666667,83.2452,True,10.293120324407468,3.767950779556737
664088,3494,115.35833333333333,99.34960000000001,3494.0,1133.2633333333333,94.24310000000001,3494.0,432.87666666666667,95.9046,True,9.823853211009174,3.7524525030701437
664092,3494,68.25333333333333,37.095,3494.0,429.24833333333333,35.6815,3494.0,285.6683333333333,39.488800000000005,True,6.289045712053135,4.185412189880836
664094,3494,60.830000000000005,33.992599999999996,3494.0,391.9683333333333,32.5826,3494.0,269.095,36.3864,True,6.443668146199791,4.423721847772481
664099,3494,58.32,46.2859,3494.0,538.2,44.749199999999995,3494.0,188.63,46.840300000000006,True,9.228395061728396,3.2343964334705073
664103,3494,67.10333333333332,42.2451,3494.0,488.70166666666665,40.630300000000005,3494.0,210.95666666666665,41.08,True,7.282822512542845,3.1437583825940094
664109,3494,85.58333333333333,93.6495,3494.0,1009.8866666666667,83.9398,3494.0,338.03499999999997,84.14760000000001,True,11.800038948393379,3.949776046738072
664110,3494,100.56666666666666,103.7119,3494.0,1153.2333333333333,95.8989,3494.0,392.4533333333333,96.0577,True,11.467351673848194,3.9024196221412
664114,3494,102.60166666666667,105.0665,3494.0,1169.4983333333332,97.2535,3494.0,397.87,97.4123,True,11.398434073520571,3.877812251262975
664115,3494,102.05666666666666,104.70660000000001,3494.0,1165.1683333333335,96.8935,3494.0,396.425,97.0523,True,11.416876245223245,3.8843616291602707
664117,3494,104.18166666666666,106.1135,3494.0,1181.0066666666667,98.2093,3494.0,401.90166666666664,98.36810000000001,True,11.336031611447952,3.8577004911292776
664132,3727,143.2,119.46560000000001,3494.0,2002.7733333333333,166.48160000000001,3494.0,917.8866666666667,179.4867,False,13.98584729981378,6.409823091247673
664134,3727,135.56833333333333,116.296,3494.0,1973.0966666666668,164.00310000000002,3494.0,893.2716666666668,177.0083,False,14.55425922966278,6.589087913844188
664138,3727,135.56833333333333,116.296,3494.0,1965.9,163.4059,3494.0,887.2733333333333,176.4111,False,14.50117406965737,6.544842084557604
664140,3727,158.82999999999998,132.25779999999997,3494.0,2002.7733333333333,166.48160000000001,3494.0,917.8866666666667,179.4867,False,12.609540598963253,5.779050976935508
664147,3727,140.77333333333334,118.45939999999999,3494.0,1928.4333333333334,160.2957,3494.0,855.94,173.30089999999998,False,13.698853949611669,6.080270884637242
664151,3727,135.755,116.374,3494.0,1873.2633333333333,155.7219,3494.0,810.0366666666666,168.7125,False,13.798853326458204,5.966901157722859
664154,3727,156.41333333333333,131.2523,3494.0,1993.9666666666667,165.7344,3494.0,910.6650000000001,178.7396,False,12.74806069388799,5.8221698917398355
664155,3727,135.6,116.3094,3494.0,1960.3366666666666,162.94389999999999,3494.0,882.6383333333334,175.949,False,14.456760078662734,6.509132251720748
664159,3727,156.87333333333333,131.44310000000002,3494.0,1986.7333333333333,165.1344,3494.0,904.6366666666667,178.1396,False,12.664570141515448,5.766669499808763
664164,3727,128.10166666666666,113.1899,3494.0,1835.0733333333333,152.5232,3494.0,778.1066666666667,165.5284,False,14.32513238183214,6.07413382599758
664168,3727,158.82999999999998,132.25779999999997,3494.0,2185.415,181.6615,3494.0,1070.25,194.66670000000002,False,13.759459799785935,6.738336586287226
664169,3727,158.82999999999998,132.25779999999997,3494.0,2185.415,181.6615,3494.0,1070.25,194.66670000000002,False,13.759459799785935,6.738336586287226
664173,3727,158.82999999999998,132.25779999999997,3494.0,2185.415,181.6615,3494.0,1070.25,194.66670000000002,False,13.759459799785935,6.738336586287226
664176,3727,158.82999999999998,132.25779999999997,3494.0,2185.415,181.6615,3494.0,1070.25,194.66670000000002,False,13.759459799785935,6.738336586287226
664179,3727,158.82999999999998,132.25779999999997,3494.0,2185.415,181.6615,3494.0,1070.25,194.66670000000002,False,13.759459799785935,6.738336586287226
664191,3727,115.565,112.7529,3494.0,2056.628333333333,170.94070000000002,3494.0,962.8833333333333,183.9459,False,17.796290687780324,8.33196325300336
664198,3727,156.41333333333333,131.2523,3494.0,1993.9666666666667,165.7344,3494.0,910.6650000000001,178.7396,False,12.74806069388799,5.8221698917398355
664202,3727,158.82999999999998,132.25779999999997,3494.0,2189.2933333333335,181.98479999999998,3494.0,1073.4816666666668,194.9899,False,13.783877940775255,6.758683288211716
664205,3727,157.82999999999998,131.842,3494.0,2085.7383333333332,173.3621,3494.0,987.1466666666668,186.3673,False,13.21509429977402,6.2544932311136465
664210,3727,158.82999999999998,132.25779999999997,3494.0,2190.9966666666664,182.12679999999997,3494.0,1074.9016666666666,195.1319,False,13.794602195219207,6.767623664714895
664212,3727,158.82999999999998,132.25779999999997,3494.0,2272.25,188.88139999999999,3494.0,1142.6066666666666,201.88660000000002,False,14.306176415034944,7.193897038762619
664214,3727,158.82999999999998,132.25779999999997,3494.0,2190.9966666666664,182.12679999999997,3494.0,1074.9016666666666,195.1319,False,13.794602195219207,6.767623664714895
664221,3727,156.54166666666666,131.3198,3494.0,2172.5783333333334,180.60410000000002,3494.0,1059.5449999999998,193.60920000000002,False,13.878594623369711,6.768453553367047
664223,3727,161.35333333333335,133.3236,3494.0,2196.6433333333334,182.6079,3494.0,1079.59,195.613,False,13.613870181382472,6.690844110234267
664227,3727,183.35833333333332,142.5655,3494.0,2307.813333333333,191.8464,3494.0,1169.0533333333333,204.8549,False,12.586356405944644,6.375785120210881
664228,3727,183.155,142.4292,3494.0,2306.1716666666666,191.7101,3494.0,1168.5066666666667,204.7187,False,12.591366147070332,6.379878609192578
664230,3727,195.29333333333335,147.4247,3494.0,2345.3483333333334,194.9605,3494.0,1203.675,208.0188,False,12.009361985389498,6.163420837031473
664241,3727,192.265,146.1637,3494.0,2330.1916666666666,193.6994,3494.0,1191.1916666666666,206.7046,False,12.119687237233332,6.195572083669242
664242,3727,178.03,140.25060000000002,3494.0,2280.015,189.5349,3494.0,1149.0600000000002,202.5401,False,12.80691456496096,6.454305454136944
664244,3727,191.42833333333334,147.9352,3494.0,2372.35,197.2161,3494.0,1190.5616666666667,210.2246,False,12.39288854836884,6.219359725571798
664245,3727,160.88,133.1267,3494.0,2194.2783333333336,182.411,3494.0,1077.6183333333333,195.4162,False,13.63922385214653,6.698274075915797
664248,3523,18.95,25.7494,3523.0,346.1333333333333,28.7822,3523.0,130.28,28.800099999999997,True,18.265611257695692,6.874934036939314
664254,3727,261.91833333333335,286.5017,11775.0,3728.23,310.0116,11775.0,1879.9016666666669,340.1139,False,14.234322403293646,7.177434442033459
664259,3523,83.91333333333334,63.7722,3523.0,740.2883333333334,61.5595,3523.0,253.04666666666665,62.758,True,8.822058473027727,3.0155716215142605
664273,3523,185.61,200.5005,3523.0,2264.515,188.2773,3523.0,756.7716666666668,188.3158,True,12.200393297774903,4.077213871379056
664278,3523,99.72166666666666,102.45389999999999,3523.0,1199.9016666666669,99.7832,3523.0,400.8066666666667,99.7855,True,12.032507144886603,4.019253589156485
664279,3523,97.19,98.719,3523.0,1154.9,96.0483,3523.0,395.14166666666665,96.0506,True,11.882909764379052,4.065661762184038
664284,3523,144.03333333333333,103.5031,3523.0,1244.4983333333332,103.4854,3523.0,418.18833333333333,103.4877,True,8.64034945614441,2.903413561675538
664288,3727,234.17000000000002,182.568,3494.0,2710.811666666667,225.3512,3494.0,1329.8566666666666,244.85739999999998,False,11.576255142275555,5.6790223626709935
664304,6502,12.125,12.267,6919.0,172.28,14.3176,6919.0,58.065000000000005,14.3176,False,14.208659793814434,4.788865979381444
664307,6919,12.370000000000001,7.603800000000001,6919.0,90.00166666666668,7.4769,6919.0,30.884999999999998,7.4769,True,7.275801670708704,2.4967663702506058
664311,6502,24.955,16.1033,6502.0,192.95166666666668,16.037399999999998,6502.0,145.42833333333334,16.1694,True,7.7319842382956,5.827623054832031
664314,6502,3.5050000000000003,3.2386999999999997,6502.0,39.516666666666666,3.285,6502.0,14.045,3.3153,True,11.274369947693769,4.007132667617689
664320,6502,45.71,39.160599999999995,6502.0,472.00166666666667,39.206900000000005,6502.0,162.90333333333334,40.3655,True,10.3260045212572,3.5638445270910815
664326,6502,152.42666666666668,77.3143,6502.0,930.6383333333334,77.3606,6502.0,311.24,77.39089999999999,True,6.105482417774668,2.0418999300209935
664327,6502,51.55833333333333,41.8157,6502.0,503.0083333333333,41.844699999999996,6502.0,169.42833333333334,41.906099999999995,True,9.75610150315177,3.2861483756263135
664334,6502,89.81333333333333,65.5945,6502.0,773.6666666666666,64.34140000000001,6502.0,337.93333333333334,65.67110000000001,True,8.61416270783848,3.7626187648456058
664340,6502,24.755,25.8785,6502.0,308.5816666666667,25.597,6502.0,103.21833333333333,25.597,True,12.465427859691648,4.169595367939137
664342,6502,23.291666666666668,24.3005,6502.0,289.55333333333334,24.019099999999998,6502.0,96.87333333333332,24.019099999999998,True,12.431627906976743,4.159141323792486
664345,6502,30.323333333333334,25.7883,6502.0,306.6933333333333,25.4426,6502.0,102.61166666666666,25.4426,True,10.114103550621083,3.3839177750906893
664348,6502,17.158333333333335,17.6855,6502.0,209.77,17.404,6502.0,70.28166666666667,17.404,True,12.225546381738708,4.096066051481301
664349,6502,16.793333333333333,17.291900000000002,6502.0,205.025,17.0105,6502.0,68.7,17.0105,True,12.208713775307663,4.090909090909091
664351,6502,37.77166666666667,34.9778,6502.0,432.97,35.956,6502.0,147.78,35.969800000000006,True,11.462824868728765,3.912456426774919
664352,6502,15.588333333333333,14.2626,6502.0,231.19,19.220299999999998,6502.0,85.11999999999999,20.9845,True,14.830963327274672,5.460493959157489
664362,6502,52.77833333333333,45.879400000000004,,,,,,,False,,
664365,6502,41.593333333333334,40.0926,,,,,,,False,,
664366,6502,50.218333333333334,45.7248,,,,,,,False,,
664372,6502,30.275,31.7125,,,,,,,False,,
664382,6359,83.75,76.8412,,,,,,,False,,
664387,6352,27.203333333333333,17.0167,6352.0,204.63833333333332,17.0167,6352.0,71.065,17.0167,True,7.522546256586202,2.6123636809214554
664388,6352,17.290000000000003,10.714799999999999,6352.0,128.8,10.714799999999999,6352.0,43.291666666666664,10.714799999999999,True,7.4493927125506065,2.503855793329477
664389,6352,36.38333333333333,38.7525,6352.0,312.89000000000004,26.0132,6352.0,143.99666666666664,26.1204,True,8.599816765918462,3.9577645442052214
664394,6919,27.615000000000002,20.608400000000003,6919.0,114.43166666666666,9.5051,6919.0,38.665,9.5051,True,4.143822801617477,1.4001448488140502
664396,6919,24.575,19.346700000000002,6919.0,123.975,10.296299999999999,6919.0,41.84666666666667,10.296299999999999,True,5.044760935910478,1.7028145133943713
664400,6919,39.99666666666667,52.8145,6502.0,926.5866666666666,76.99289999999999,6502.0,374.2366666666667,79.796,False,23.1665972164347,9.356696391365947
664407,6919,102.67666666666668,68.3923,6502.0,1148.6833333333334,95.4383,6502.0,505.60333333333335,98.2524,False,11.187384345680615,4.924228159594844
664411,6919,40.28666666666666,34.5238,6502.0,684.125,56.8454,6502.0,240.7,59.6006,False,16.98142478901208,5.974681449611121
664414,6919,14.996666666666666,17.27,6502.0,486.55333333333334,40.4408,6502.0,174.51166666666668,43.1961,False,32.44409868859747,11.63669704378751
664415,6919,87.99666666666667,48.4471,,,,,,,False,,
664418,6502,29.913333333333334,39.9576,6502.0,822.4416666666667,68.361,6502.0,280.38,69.69069999999999,True,27.49414976599064,9.373077780254066
664419,6502,31.3,41.454800000000006,6502.0,804.41,66.8639,6502.0,274.37333333333333,68.1936,True,25.7,8.765921192758253
664422,8269,64.88166666666667,51.3008,6502.0,1261.6683333333335,104.7937,6502.0,564.2900000000001,104.8074,False,19.445683166790825,8.697218012278764
664430,6502,16.611666666666668,22.430799999999998,6502.0,594.9366666666666,49.421699999999994,6502.0,205.70499999999998,49.521,True,35.814387478679635,12.383164442660778
664433,6502,91.04666666666667,92.9153,6502.0,1300.2033333333334,108.1044,6502.0,537.49,126.77239999999999,True,14.28062532034854,5.903456103097313
664437,6502,41.318333333333335,52.2903,6502.0,1010.0866666666666,83.9532,6502.0,343.4816666666667,85.4111,True,24.44645234157557,8.31305715783954
664438,6502,64.36999999999999,61.743300000000005,6502.0,1123.5649999999998,93.40610000000001,6502.0,439.4816666666667,94.86410000000001,True,17.454792605250894,6.827429962197712
664439,6502,67.61666666666666,65.5958,6502.0,1169.9133333333334,97.2475,6502.0,445.325,100.2147,True,17.302144441705696,6.586024155780134
664445,6502,50.906666666666666,62.6383,6502.0,1132.2266666666667,94.1421,6502.0,385.05833333333334,95.759,True,22.24122577265584,7.564006024096385
664446,6502,51.30833333333333,63.072,6502.0,1127.0266666666669,93.7084,6502.0,386.7916666666667,96.1927,True,21.965762546694823,7.538573980834823
664450,6502,61.236666666666665,68.0137,6502.0,1098.5583333333334,91.335,6502.0,420.0183333333333,103.4632,True,17.93955146698601,6.858935278427957
664453,6502,56.70333333333333,68.9103,6502.0,1056.8966666666668,87.87010000000001,6502.0,410.17333333333335,102.031,True,18.639057080712483,7.233672329669038
664454,6502,120.78999999999999,95.572,6502.0,1530.405,127.23010000000001,6502.0,695.4533333333333,128.99710000000002,True,12.669964401026576,5.757540635262301
664457,6732,48.42833333333333,47.961,6732.0,945.55,78.56819999999999,6732.0,415.90833333333336,78.5776,True,19.524727260212686,8.588119902261075
664461,6732,37.626666666666665,31.0797,6732.0,358.4483333333334,29.7781,6732.0,124.705,29.7945,True,9.526444011339477,3.3142717930545715
664463,8269,6.3966666666666665,5.8164,6352.0,150.72,12.5369,6352.0,75.47666666666667,13.6944,False,23.56227201667535,11.799374674309538
664470,6918,40.46666666666667,40.115199999999994,6918.0,425.89666666666665,35.421099999999996,6918.0,159.41833333333335,39.615,True,10.524629324546952,3.939497528830313
664472,6359,154.96166666666667,131.2305,,,,,,,False,,
664473,6359,155.00666666666666,131.2608,6918.0,593.0066666666667,49.3261,6918.0,275.3316666666667,53.6821,False,3.825684916777773,1.7762569351855837
664474,6359,181.04666666666665,147.7751,6918.0,593.0066666666667,49.3261,6918.0,275.3316666666667,53.6821,False,3.275435431012262,1.5207773318113198
664481,8269,7.466666666666667,6.0053,8269.0,59.141666666666666,4.9168,8269.0,24.451666666666664,6.0053,True,7.920758928571428,3.2747767857142853
664482,8269,3.83,2.7316,8269.0,32.22833333333333,2.6833,8269.0,11.4,2.6975,True,8.414708442123585,2.976501305483029
664484,6359,162.64,132.2871,,,,,,,False,,
664485,6502,121.545,95.21119999999999,6502.0,1526.0083333333334,126.86930000000001,6502.0,660.4433333333333,128.6362,True,12.555089335911255,5.433735104967981
664486,6502,121.545,95.21119999999999,6502.0,1526.0083333333334,126.86930000000001,6502.0,660.4433333333333,128.6362,True,12.555089335911255,5.433735104967981
664493,6580,39.195,45.971,,,,,,,False,,
664495,6580,19.759999999999998,26.0898,6580.0,522.2316666666667,43.4236,6580.0,184.37,43.5866,True,26.428728070175442,9.330465587044536
664496,6580,29.328333333333333,24.439,6580.0,522.2316666666667,43.4236,6580.0,184.37,43.5866,True,17.80638745240666,6.28641245666875
664583,3727,62.35333333333333,74.17739999999999,3523.0,868.5433333333333,72.1807,3523.0,390.27166666666665,72.1986,False,13.929380947289639,6.259034534373997
664585,3523,61.51166666666666,58.5765,3523.0,808.455,67.19619999999999,3523.0,360.225,67.2141,True,13.143116481968192,5.8562061397566865
664587,3523,94.31833333333334,50.485699999999994,3523.0,702.4366666666666,58.4099,3523.0,278.9166666666667,58.427800000000005,True,7.447509321270165,2.9571840045236875
664590,3523,113.13833333333334,58.3083,3523.0,796.5716666666667,66.2325,3523.0,310.30833333333334,66.2504,True,7.0406876537572005,2.7427338214280454
664591,3523,58.215,55.573,3523.0,772.2733333333333,64.1926,3523.0,342.13666666666666,64.2105,True,13.26588221821409,5.87712216210026
665985,3727,158.75166666666667,201.3161,3494.0,1804.8383333333334,150.10160000000002,3494.0,692.7783333333333,150.2719,False,11.36894100849335,4.363912189898269
666124,3494,37.94666666666667,35.3385,3494.0,417.0083333333333,34.657599999999995,3494.0,140.07666666666668,34.8655,True,10.989327125790581,3.691408995080815
666127,3494,29.78666666666667,36.9688,3494.0,436.5466666666667,36.2879,3494.0,146.6616666666667,36.4958,True,14.655774395702775,4.92373545210385
666131,3494,33.01,33.2894,3494.0,392.3283333333333,32.6085,3494.0,131.845,32.8164,True,11.885135817429061,3.994092699182066
668223,3727,3.5766666666666667,4.0533,3727.0,36.401666666666664,3.0277,3727.0,12.956666666666667,3.1095,True,10.17753960857409,3.6225535880708297
668224,3727,8.055,3.3404000000000003,3727.0,39.538333333333334,3.2857,3727.0,13.379999999999999,3.2857,True,4.908545416925305,1.6610800744878957
668225,3727,4.993333333333334,2.0652,3727.0,24.196666666666665,2.0105,3727.0,8.26,2.0105,True,4.845794392523364,1.6542056074766351
668227,3727,12.875,7.6756,3727.0,36.401666666666664,3.0277,3727.0,12.956666666666667,3.1095,True,2.827313915857605,1.0063430420711974
668228,3727,3.466666666666667,3.7658,3727.0,36.93,3.0714,3727.0,14.401666666666667,3.1532,True,10.652884615384615,4.1543269230769235
672910,3494,22.058333333333334,30.818900000000003,3494.0,362.6316666666667,30.138,3494.0,121.90833333333333,30.3459,True,16.43966754816774,5.526633925198338
672912,3494,22.73166666666667,31.7763,3494.0,374.12666666666667,31.0954,3494.0,125.74333333333334,31.3033,True,16.45839137766698,5.531637216804751
672914,3494,71.78,54.4242,3494.0,646.6333333333333,53.743300000000005,3494.0,216.7,53.9512,True,9.008544627101328,3.0189467818333795
672916,3494,17.884999999999998,23.8164,3494.0,285.47833333333335,23.7306,3494.0,95.54333333333334,23.7306,True,15.961886124312741,5.342093001584196
672918,3494,24.878333333333334,34.807300000000005,3494.0,410.525,34.126400000000004,3494.0,137.88666666666668,34.334300000000006,True,16.50130635760702,5.542439874053729
673601,6919,85.58500000000001,61.297,6502.0,1063.2016666666666,88.343,6502.0,477.12,91.1572,False,12.422757103074915,5.574808669743529
673608,6919,25.091666666666665,18.875,,,,,,,False,,
673613,3727,48.961666666666666,57.0623,3494.0,2199.25,182.7842,3494.0,864.315,195.7894,False,44.91779283112639,17.65289171801069
673614,3727,36.335,39.5225,3494.0,2199.0433333333335,182.7671,3494.0,864.2466666666667,195.7722,False,60.52135223154902,23.785514425943763
673616,3727,88.65166666666667,61.2413,3494.0,2263.39,188.12879999999998,3494.0,885.6983333333334,201.13389999999998,False,25.531274087721606,9.990769115075858
673617,3727,79.74666666666667,57.5373,3494.0,2218.8683333333333,184.42479999999998,3494.0,870.86,197.4299,False,27.823963384049488,10.920331048319678
674014,3494,150.59166666666667,121.95089999999999,11775.0,1332.0716666666667,110.73830000000001,11775.0,605.2366666666666,111.5855,False,8.8455868518621,4.019058159482042
674015,3494,48.919999999999995,33.0208,3494.0,377.8433333333333,31.4061,3494.0,189.29,31.855700000000002,True,7.723698555464704,3.869378577269011
674018,3727,114.57666666666667,112.0954,3494.0,1805.0133333333333,150.0319,3494.0,752.8983333333333,163.037,False,15.753760218776366,6.571131411282111
674156,3655,19.30666666666667,9.5587,3655.0,97.67,8.1183,3655.0,33.10666666666667,8.1183,True,5.058874309392265,1.714779005524862
674162,3754,80.26833333333335,91.5935,3792.0,792.4866666666666,65.86919999999999,3655.0,301.0866666666667,70.3505,False,9.872967753991816,3.751001847968273
674275,3494,165.35166666666666,140.7247,3494.0,2314.6766666666667,192.417,3494.0,802.3716666666667,192.6305,True,13.998508229934181,4.852516354033323
674280,3494,101.58833333333334,94.38210000000001,3494.0,1832.3016666666667,152.28379999999999,3494.0,639.0416666666666,152.521,True,18.036536347677718,6.290502518333797
674289,3523,101.63833333333334,53.5214,3523.0,739.0116666666667,61.4456,3523.0,291.10833333333335,61.4635,True,7.270993555581064,2.86415886394569
674292,3523,93.09666666666666,49.979,3523.0,696.3316666666667,57.9032,3523.0,276.8816666666667,57.921099999999996,True,7.479662716173154,2.974130831751943
674298,3523,69.475,40.1492,3523.0,578.1783333333333,48.0734,3523.0,237.495,48.091300000000004,True,8.322106273239774,3.418423893486866
674433,3727,118.07333333333332,116.9434,3494.0,1895.4266666666667,157.54070000000002,3494.0,828.2416666666667,170.5459,False,16.052961436395464,7.014637795720175
674585,6918,10.354999999999999,11.9359,6918.0,199.56666666666666,16.5887,27733.0,70.155,16.812900000000003,True,19.27249315950427,6.77498792853694
674587,6919,61.49666666666667,41.2989,,,,,,,False,,
674591,6919,35.711666666666666,29.555799999999998,6919.0,128.86833333333334,10.7019,6919.0,43.47666666666667,10.7019,True,3.6085779623839085,1.2174359453026555
674592,6919,54.093333333333334,38.221599999999995,,,,,,,False,,
674621,6580,74.53,82.38969999999999,6502.0,1148.4683333333335,95.4221,6502.0,505.635,98.2362,False,15.409477168030772,6.784315040923118
674637,3494,71.61,69.4782,3494.0,840.0066666666667,68.8399,3494.0,294.8283333333333,68.8399,True,11.730298375459666,4.117139133268165
674643,3494,70.65333333333334,68.4427,3494.0,827.5583333333333,67.8044,3494.0,290.675,67.8044,True,11.712941120966219,4.114101717305152
674650,3727,158.82999999999998,132.25779999999997,3494.0,2185.415,181.6615,3494.0,1070.25,194.66670000000002,False,13.759459799785935,6.738336586287226
674652,3727,186.97333333333333,143.9617,3494.0,2300.7783333333336,191.253,3494.0,1166.3866666666665,204.2581,False,12.305382229194896,6.238251444056193
674665,3754,96.70166666666667,97.4496,3792.0,864.9583333333334,71.89269999999999,3655.0,313.8,76.374,False,8.944606263249513,3.2450319711828475
674668,3754,88.68166666666666,95.08239999999999,3792.0,834.5233333333333,69.358,3655.0,315.09666666666664,73.8394,False,9.41032532090436,3.553120712661392
674675,3727,37.22666666666667,52.5167,3494.0,2281.788333333333,189.64479999999998,3494.0,904.4433333333333,202.6499,False,61.294457378223484,24.295576647564467
674676,3727,29.043333333333333,40.9315,3494.0,2222.2616666666668,184.6969,3494.0,874.9366666666666,197.702,False,76.51537931826007,30.125215195684607
674682,3727,129.41833333333335,124.74289999999999,3494.0,1790.9766666666667,148.8673,3494.0,598.4966666666667,149.07520000000002,False,13.838662734543018,4.624512240666571
674684,3727,126.325,132.0846,3494.0,2276.58,189.3006,3494.0,829.5849999999999,206.6658,False,18.021610924203443,6.567069067880467
674737,6502,51.96,59.050599999999996,6502.0,1091.31,90.70230000000001,6502.0,383.5866666666667,92.1713,True,21.002886836027713,7.382345393892739
674789,6502,45.873333333333335,57.205400000000004,6502.0,1069.3833333333334,88.8682,6502.0,363.24,90.32610000000001,True,23.311655282662404,7.918325824734777
674948,3727,84.58999999999999,82.881,3494.0,1639.2766666666669,136.2401,3494.0,579.0683333333333,144.1773,False,19.379083421996302,6.845588525042361
675029,6919,32.96,22.825400000000002,6502.0,443.3816666666667,36.8635,6502.0,156.8,38.761199999999995,False,13.45211367313916,4.757281553398059
675032,6502,66.56833333333333,64.8473,,,,,,,False,,
675132,3727,152.345,124.7625,3494.0,2403.1566666666668,199.7641,3494.0,1101.255,212.7693,False,15.774437406325555,7.228691456890611
675136,3727,158.39333333333335,127.22330000000001,3494.0,2432.7683333333334,202.225,3494.0,1111.5416666666667,215.2301,False,15.359032366682099,7.017603855381119
675158,3727,105.30166666666668,120.26960000000001,3494.0,1569.4566666666665,130.4441,3494.0,550.3933333333333,130.652,False,14.904385812190371,5.226824520029755
675163,3727,123.57333333333332,130.0036,3494.0,1865.625,155.0715,3494.0,623.5583333333333,155.27939999999998,False,15.097310638757014,5.046059020284851
675166,3727,96.02666666666667,94.8203,3494.0,1614.1716666666666,134.1536,3494.0,563.815,135.8845,False,16.809618855873367,5.87144196056651
675169,3727,110.325,121.4229,3494.0,2355.366666666667,195.79160000000002,3494.0,786.8433333333334,196.0041,False,21.349346627388776,7.132049248432661
675209,3727,89.84166666666667,61.7374,3494.0,2269.351666666667,188.6249,3494.0,887.6883333333334,201.63,False,25.259456451164088,9.880586216491977
675212,3727,78.73666666666666,90.8009,3494.0,2210.07,183.68329999999997,3494.0,1089.675,197.22289999999998,False,28.069133398247324,13.83948605054824
675232,3727,51.690000000000005,45.8467,3494.0,2163.6183333333333,179.8225,3494.0,852.4933333333333,192.82760000000002,False,41.85758044753982,16.49242277681047
675351,3494,153.69500000000002,124.01310000000001,11775.0,1469.605,122.1719,11775.0,655.205,123.01910000000001,False,9.561826995022608,4.263020918051986
675353,3494,156.63500000000002,125.6524,11775.0,1376.6566666666665,114.4398,11775.0,620.1433333333333,115.28689999999999,False,8.788946701992954,3.95916195826816
675375,3727,103.685,67.48780000000001,3494.0,1862.4633333333334,154.8017,3494.0,752.0,167.80689999999998,False,17.962707559756314,7.252736654289434
675381,3727,84.04333333333334,82.5986,3494.0,1708.8783333333333,142.0275,3494.0,578.1116666666666,143.8949,False,20.33330028160076,6.878733193193986
675538,6919,73.75166666666668,56.488,6502.0,1005.3433333333334,83.534,6502.0,452.865,86.2892,False,13.631465955571624,6.140403606698153
675551,6580,21.803333333333335,16.9456,6580.0,9.423333333333334,0.7837000000000001,6580.0,3.4616666666666664,0.7877000000000001,True,0.4321969117871885,0.15876777251184832
675622,3727,82.35166666666667,58.620400000000004,3494.0,2231.895,185.5079,3494.0,875.2,198.513,False,27.102001578595857,10.627593046082856
675628,3727,71.44666666666667,54.0896,3494.0,2084.0266666666666,173.2126,3494.0,826.025,186.21779999999998,False,29.168983857422784,11.56142110665298
675629,3727,94.71000000000001,63.7625,3494.0,1907.2949999999998,158.527,3494.0,766.9483333333334,171.53220000000002,False,20.13826417484954,8.0978601344455
675734,3727,60.125,71.4958,3727.0,2576.925,214.2605,3727.0,1556.3316666666665,214.8767,True,42.859459459459465,25.88493416493416
675735,3727,24.38,30.2769,3494.0,2357.491666666667,195.94389999999999,3494.0,939.48,208.97279999999998,False,96.69777139732021,38.53486464315012
675736,3727,17.995,25.3627,3494.0,2347.6466666666665,195.12320000000003,3494.0,946.2866666666666,208.15210000000002,False,130.4610539964805,52.58608872835046
675739,3727,21.53666666666667,30.3457,3494.0,2289.6266666666666,190.2979,3494.0,907.8683333333333,203.3268,False,106.3129546509828,42.15454264045813
675816,6502,17.40666666666667,18.2701,6502.0,220.20333333333335,18.3156,6502.0,76.235,18.4764,True,12.650517043278436,4.379643814630409
675817,6502,17.983333333333334,20.5695,6502.0,507.7683333333333,42.1683,6502.0,170.61499999999998,42.2729,True,28.23549582947173,9.487395736793326
675848,3523,112.93,111.2432,3523.0,1305.5633333333333,108.5725,3523.0,436.045,108.5749,True,11.560819386640691,3.8611972018064287
675852,3523,47.34166666666667,57.976099999999995,3523.0,703.1366666666667,58.4564,3523.0,238.62,58.5056,True,14.852385143460657,5.0403802147509245
675853,3523,47.245,54.450300000000006,3523.0,897.3050000000001,74.59710000000001,3523.0,380.6166666666667,74.6463,True,18.992591808657004,8.056231700003528
675873,3523,149.61166666666668,142.1923,3523.0,1676.7966666666666,139.42370000000003,3523.0,560.6566666666666,139.42970000000003,True,11.207659830449941,3.7474127463321705
675875,3523,189.57666666666668,181.1595,3523.0,2033.355,169.0564,3523.0,679.1733333333334,169.0648,True,10.725766180788774,3.5825787280431842
675882,3523,193.05,171.124,3523.0,2024.4616666666666,168.3554,3523.0,676.5383333333334,168.3614,True,10.486721920055253,3.504472071138738
675933,3727,87.94833333333332,60.9506,3494.0,1941.1116666666667,161.3389,3494.0,778.2116666666666,174.3441,False,22.071045500198984,8.848509541586917
675939,3727,56.13333333333333,47.6984,3494.0,2185.86,181.6742,3494.0,859.91,194.6794,False,38.94049881235155,15.319061757719714
675944,3727,76.39666666666668,56.1475,3494.0,2108.7933333333335,175.2706,3494.0,834.285,188.2757,False,27.603211309393952,10.920437191849555
676124,3523,163.8,134.7544,3523.0,1503.415,124.91969999999999,3523.0,604.8133333333334,141.8797,True,9.178357753357753,3.6923890923890923
676387,6502,20.735,18.7837,6502.0,173.59166666666667,14.4301,6502.0,58.10666666666667,14.4301,True,8.371915440880958,2.8023470782091473
676498,3727,79.00333333333333,100.609,3494.0,1969.5983333333331,163.7332,3494.0,658.0166666666667,163.94570000000002,False,24.930572549681447,8.3289734610354
676501,3727,70.36166666666666,98.95639999999999,3494.0,2060.1433333333334,171.2548,3494.0,690.75,171.4673,False,29.279342444986618,9.817135277257977
676503,3727,114.095,123.4202,3494.0,1955.6183333333333,162.5624,3494.0,657.9833333333333,162.7703,False,17.140263230933286,5.766977810888587
676506,3727,114.07333333333332,123.4111,3494.0,1955.5083333333334,162.55329999999998,3494.0,657.8916666666667,162.7612,False,17.142554497107128,5.767269592659693
676531,3523,19.403333333333332,26.3893,3523.0,340.31333333333333,28.3005,3523.0,127.205,28.3184,True,17.538910840061845,6.555832331214568
676574,8269,8.585,9.4192,6352.0,162.35833333333332,13.491700000000002,6352.0,92.77333333333333,13.5613,False,18.91186177441273,10.806445350417393
676627,3727,114.07333333333332,123.4111,3494.0,1955.5083333333334,162.55329999999998,3494.0,657.8916666666667,162.7612,False,17.142554497107128,5.767269592659693
676655,3494,280.405,205.95860000000002,11775.0,3739.575,310.96040000000005,11775.0,1931.6383333333333,353.08209999999997,False,13.336334944098715,6.888744256819006
676660,3523,75.04333333333334,52.036199999999994,3523.0,1043.0416666666667,86.7218,3523.0,536.325,86.7275,True,13.899191578199263,7.146870696930662
676661,3523,61.8,48.7545,3523.0,995.5483333333334,82.7808,3523.0,489.905,82.7865,True,16.109196332254587,7.927265372168285
676726,6919,26.14,30.5084,6502.0,659.8483333333334,54.8293,6502.0,232.61166666666668,57.5846,False,25.24285896454986,8.898686559551136
676730,6502,4.84,5.1147,6502.0,79.16833333333334,6.5857,6502.0,31.165000000000003,6.5857,True,16.357093663911847,6.439049586776861
676769,6359,63.776666666666664,51.881,26411.0,125.77,10.4487,26411.0,47.87833333333333,10.5577,False,1.9720378403804946,0.7507186536350807
676828,3494,84.98666666666666,54.7772,3494.0,904.4383333333334,74.22160000000001,3494.0,316.83,74.22160000000001,True,10.642120332601193,3.7279965484781927
676830,3727,66.68833333333333,52.1149,3494.0,2060.2316666666666,171.2379,3494.0,818.0983333333334,184.2431,False,30.893434633744032,12.267488066378428
676897,3523,154.1,125.97439999999999,3523.0,1398.4716666666668,116.2028,3523.0,569.1133333333333,133.10629999999998,True,9.075091931646119,3.693142980748432
676901,3523,103.00500000000001,92.05460000000001,3523.0,1001.4066666666666,83.251,3523.0,351.96666666666664,87.3035,True,9.721922884002394,3.4169862304418874
677005,6733,38.86,32.3425,6733.0,366.3833333333333,19.132900000000003,6733.0,209.47,25.1348,True,9.428289586550008,5.390375707668554
677007,6352,14.661666666666667,8.9643,6352.0,107.74333333333334,8.9643,6352.0,36.275,8.9643,True,7.348641582357622,2.4741389109923837
677024,37376,131.74666666666667,112.2993,11775.0,2482.7916666666665,206.40820000000002,11775.0,1041.2166666666667,207.27120000000002,False,18.84519532435988,7.903172755793948
677047,6502,31.26833333333333,41.4204,6502.0,804.825,66.8983,6502.0,274.51166666666666,68.228,True,25.739299610894946,8.779222855924525
677048,6502,40.44666666666667,45.881800000000005,6502.0,844.9933333333333,70.241,6502.0,290.825,71.5707,True,20.891544420636226,7.190332948739079
677092,37376,88.75666666666666,72.68839999999999,11775.0,1274.8366666666666,105.9958,11775.0,722.7083333333334,106.6288,False,14.363277875840312,8.142580838998011
677113,3727,123.57333333333332,130.0036,3494.0,1865.625,155.0715,3494.0,623.5583333333333,155.27939999999998,False,15.097310638757014,5.046059020284851
677118,3494,98.68833333333333,68.4828,3494.0,827.8716666666667,67.8445,3494.0,290.9116666666667,67.8445,True,8.388749092260145,2.9477817371185386
677122,3494,104.45,72.1537,3494.0,871.995,71.5154,3494.0,305.6166666666667,71.5154,True,8.348444231689804,2.925961385032711
677143,3727,114.58,112.0972,3494.0,1805.0366666666666,150.0337,3494.0,752.9183333333333,163.03889999999998,False,15.753505556525282,6.571114796066794
677144,3727,88.78833333333334,61.298,3494.0,2264.0716666666663,188.1854,3494.0,885.9266666666666,201.19060000000002,False,25.49965273215324,9.977962570157489
677148,3727,94.12333333333332,101.0192,3494.0,2086.9983333333334,173.4649,3494.0,987.89,186.4701,False,22.173017671848996,10.495697134964765
677153,3727,87.99333333333334,60.9679,3494.0,2260.1066666666666,187.8554,3494.0,884.605,200.8605,False,25.684976134555644,10.053091143268428
677192,23733,28.765,17.2997,23733.0,200.20833333333334,16.640700000000002,23733.0,67.37833333333333,16.6414,True,6.960136740251463,2.3423720957181757
677193,23733,19.016666666666666,8.1293,23733.0,97.83166666666666,8.1286,23733.0,32.93833333333333,8.1293,True,5.144522348816827,1.732077125328659
677294,6502,28.296666666666667,38.912800000000004,6502.0,900.0699999999999,74.8142,6502.0,307.55833333333334,76.17,True,31.808340204971138,10.86906584992343
677300,6502,34.93,43.3159,6502.0,812.3883333333334,67.5276,6502.0,277.14833333333337,68.85730000000001,True,23.257610459013268,7.934392594713237
677314,3523,208.12,218.8704,3523.0,2154.1383333333333,179.1321,3523.0,719.7966666666667,179.1381,True,10.350462873982957,3.4585655711448524
677319,3523,189.60666666666665,204.1687,3523.0,2308.5983333333334,191.9454,3523.0,771.5166666666667,191.9839,True,12.175723427446293,4.069037656903766
677320,3523,191.68833333333333,206.0762,3523.0,2308.0983333333334,191.9263,3523.0,771.175,191.9323,True,12.040891029709686,4.023066957648266
677321,3523,194.83333333333334,203.75289999999998,3523.0,2303.82,191.5565,3523.0,769.77,191.5649,True,11.824568006843457,3.9509153122326772
677344,6502,77.08999999999999,74.42869999999999,,,,,,,False,,
677357,11775,120.145,105.5184,3494.0,1335.355,111.06160000000001,3494.0,598.8183333333333,111.1918,False,11.11452827833035,4.984130287014302
677372,3494,54.45,36.4175,3494.0,418.6116666666667,34.802699999999994,3494.0,187.4633333333333,35.2524,True,7.688001224364861,3.442852770125497
677379,3494,18.458333333333332,17.6352,3494.0,487.2683333333333,40.5057,3494.0,314.09833333333336,41.098699999999994,True,26.398284424379234,17.01661399548533
677413,3727,256.51666666666665,265.3895,11775.0,3809.9016666666666,316.772,11775.0,1935.7333333333333,346.8743,False,14.852452732116173,7.546228315249172
677416,3494,250.59,198.986,3494.0,3209.9166666666665,266.8525,3494.0,1498.195,286.3841,True,12.809436396770288,5.978670338002314
677422,3494,256.59666666666664,202.286,3494.0,3541.165,294.42859999999996,3494.0,1608.6083333333333,313.96029999999996,True,13.80051052884553,6.2690149261486905
677436,3727,127.37166666666667,132.28070000000002,3727.0,3427.565,285.1172,3727.0,1593.5616666666667,285.665,True,26.909948575690564,12.511115763579028
677440,3727,125.11666666666666,126.9495,3727.0,2383.875,198.24460000000002,3727.0,1232.3899999999999,198.76870000000002,True,19.05321699746903,9.849926735047289
677534,35125,52.913333333333334,41.1366,35125.0,432.7883333333333,35.9664,35125.0,157.42833333333334,35.9664,True,8.179192390071815,2.975211036915711
677581,3494,137.91833333333335,128.6585,3494.0,1452.885,120.8299,3494.0,492.28499999999997,120.9898,True,10.534386291404331,3.569394931783301
677589,3494,146.3383333333333,134.0962,3494.0,1517.5800000000002,126.19189999999999,3494.0,514.2933333333333,126.3507,True,10.370351810302612,3.5144129471658148
677692,3727,89.14333333333335,61.4465,3494.0,2265.858333333333,188.334,3494.0,886.5216666666668,201.3391,False,25.418146804771336,9.944901469543431
677696,3494,155.14833333333334,124.60560000000001,11775.0,1363.9333333333334,113.393,11775.0,615.605,114.2402,False,8.791156849896336,3.967847973444768
677787,6502,110.79166666666667,90.7348,6502.0,1472.2466666666667,122.3929,6502.0,642.5183333333333,124.1598,True,13.28842421963144,5.799338097028958
677788,6502,78.75833333333334,74.8107,6502.0,1280.74,106.4531,6502.0,558.9599999999999,108.1062,True,16.26164427044757,7.097153740344935
677914,3727,198.925,204.1832,3727.0,3348.5783333333334,278.5493,3727.0,1558.3,279.09709999999995,True,16.833371035985085,7.833605630262661
677937,3523,164.95,152.4027,3523.0,1799.5966666666668,149.63410000000002,3523.0,601.5966666666667,149.64010000000002,True,10.90995251086188,3.64714559967667
677942,3523,66.315,52.227599999999995,3523.0,628.0466666666667,52.2258,3523.0,209.77166666666665,52.2281,True,9.470657719470207,3.1632612028450073
677959,3494,78.24666666666667,58.066,3494.0,702.7516666666667,57.4276,3494.0,249.17166666666665,57.4276,True,8.981234557382635,3.184438101729573
678027,37376,144.08166666666665,132.24689999999998,11775.0,1458.5333333333333,121.2715,11775.0,651.815,122.1187,False,10.122962671632987,4.523927402283428
678030,37376,165.725,141.20829999999998,11775.0,1502.7166666666667,124.9489,11775.0,679.2783333333333,125.79610000000001,False,9.06753155327601,4.098828380348972
678073,6732,28.621666666666666,18.0393,28254.0,196.10666666666665,16.306,28254.0,74.93,18.465700000000002,False,6.851685785826588,2.617946776917254
678100,6580,608.9283333333333,359.3553,,,,,,,False,,
678104,6502,27.90666666666667,37.7965,6502.0,848.4633333333334,70.52210000000001,6502.0,289.06,71.8518,True,30.403607262302913,10.358098423315813
678105,6502,32.08,42.3106,6502.0,890.0216666666668,73.9734,6502.0,303.4483333333334,75.43130000000001,True,27.743817539484628,9.459112635078972
678107,3727,174.01000000000002,187.6018,3727.0,3224.733333333333,268.2455,3727.0,1513.6699999999998,268.7933,True,18.531885140700723,8.69875294523303
678145,3727,147.63500000000002,163.99710000000002,3494.0,1877.6666666666667,156.131,3494.0,652.865,156.2909,False,12.718303022092773,4.42215599282013
678146,3727,148.735,137.43710000000002,3494.0,1936.9,161.0345,3494.0,672.6083333333333,161.1943,False,13.02248966282314,4.522192714111227
678268,3727,129.97,133.35670000000002,3727.0,3427.2183333333332,285.0883,3727.0,1593.4166666666667,285.636,True,26.369303172526994,12.259880485240185
678269,3727,123.00166666666668,129.7551,3727.0,3427.565,285.1172,3727.0,1593.5616666666667,285.665,True,27.86600452568393,12.955610357583229
678270,3494,62.519999999999996,59.654199999999996,3494.0,721.9883333333333,59.0159,3494.0,255.47833333333335,59.0159,True,11.548117935593945,4.086345702708467
678271,3494,60.626666666666665,57.6009,3494.0,697.3199999999999,56.9626,3494.0,247.25833333333333,56.9626,True,11.501869364416098,4.0783758522102485
678298,3523,93.385,70.0788,3523.0,816.1616666666666,67.8661,3523.0,278.52000000000004,69.06460000000001,True,8.739751209152075,2.9824918348771217
678338,3523,106.76833333333335,78.9832,3523.0,949.56,78.96539999999999,3523.0,317.6683333333333,78.9678,True,8.8936482415198,2.975304787624295
678341,3523,53.50833333333333,50.402699999999996,3523.0,605.8449999999999,50.4009,3523.0,227.095,50.4033,True,11.322441987229402,4.244105279551472
678414,4370,50.30166666666666,49.9803,4370.0,536.185,44.5539,30057.0,204.07833333333335,50.605,True,10.65938835691329,4.057088896988172
678529,6732,31.293333333333333,27.6902,6732.0,415.3433333333333,34.5344,6732.0,153.09,34.7331,True,13.272582019599488,4.892096293140179
678569,3494,106.14,81.788,3494.0,724.3266666666666,60.2334,3494.0,303.98499999999996,69.1839,True,6.824257270271967,2.8640003768607496
678571,3494,47.105000000000004,42.9819,3494.0,534.8033333333334,43.4476,3494.0,193.86833333333334,43.4476,True,11.35343027987121,4.1156635884371795
678572,3494,50.401666666666664,44.586,3494.0,383.59833333333336,31.8981,3494.0,128.25666666666666,31.8981,True,7.610826361562118,2.544690982441057
678574,3494,37.4,18.2447,3494.0,219.35333333333335,18.2447,3494.0,73.43833333333333,18.2447,True,5.865062388591801,1.9635918003565063
678591,3727,66.64333333333333,75.8249,3727.0,2628.9533333333334,218.58960000000002,3727.0,1573.68,219.20579999999998,True,39.44810683739309,23.613464712649428
678599,6502,31.11,40.5174,6502.0,868.4133333333334,72.1802,6502.0,296.32166666666666,73.63810000000001,True,27.914282652951893,9.524965177327761
678665,6502,30.313333333333333,40.3895,6502.0,817.23,67.9292,6502.0,278.64166666666665,69.2589,True,26.95942379590939,9.192049703100945
678677,6919,29.133333333333333,22.975,6502.0,605.0316666666666,50.2794,6502.0,214.10166666666666,53.0346,False,20.767677345537756,7.349027459954233
678679,6919,50.2,36.722199999999994,6502.0,770.3483333333334,64.0266,6502.0,269.41833333333335,66.7818,False,15.345584329349268,5.366899070385126
678716,3727,83.40333333333334,95.69069999999999,3523.0,1123.9833333333333,93.447,3523.0,382.53,94.77489999999999,False,13.476479757004116,4.586507333839574
678717,3727,83.37166666666667,95.6572,3523.0,1123.9833333333333,93.447,3523.0,382.53,94.77489999999999,False,13.481598464706234,4.588249405273574
678719,3727,83.40333333333334,95.69069999999999,3523.0,984.8283333333333,81.8875,3523.0,335.365,83.086,False,11.808021262139802,4.021002358019264
678720,3523,88.705,67.0463,3523.0,779.6583333333333,64.8336,3523.0,266.0233333333333,66.0321,True,8.78933919546061,2.998966612178945
678746,3523,121.80166666666668,127.324,3523.0,1497.24,124.48610000000001,3523.0,500.27000000000004,124.4944,True,12.292442632147889,4.1072508586363075
678851,3727,108.12833333333333,111.5232,3494.0,1631.9033333333332,135.6476,3494.0,545.3833333333333,135.8555,False,15.092282318849515,5.0438522126485505
678855,3727,65.105,78.0138,3494.0,1545.8600000000001,128.473,3494.0,516.5683333333333,128.6809,False,23.744105675447354,7.934388039833089
678857,3727,95.49666666666667,94.6515,3494.0,1612.1066666666666,133.98479999999998,3494.0,562.8583333333333,135.7158,False,16.881287304967014,5.894010262138295
678870,3727,147.515,151.1097,3494.0,1938.48,161.11929999999998,3494.0,673.935,161.3272,False,13.140900925329628,4.5685862454665624
678871,3727,147.41833333333335,151.0696,3494.0,1938.0,161.07920000000001,3494.0,673.775,161.2871,False,13.146261772054583,4.570496659167222
678878,3727,147.515,151.1097,3494.0,1938.48,161.11929999999998,3494.0,673.935,161.3272,False,13.140900925329628,4.5685862454665624
679059,6919,47.29333333333333,38.423,6502.0,790.865,65.7255,6502.0,276.25,68.4826,False,16.722547223005357,5.841203834226107
679110,3494,155.79333333333335,125.3506,11775.0,1373.0316666666665,114.138,11775.0,619.1,114.98519999999999,False,8.813160597372585,3.9738542513586372
679122,3727,26.673333333333336,34.775800000000004,3494.0,2353.685,195.62429999999998,3494.0,948.3366666666666,208.65439999999998,False,88.24112721819544,35.55373656585853
679165,6502,14.566666666666666,17.1189,,,,,,,False,,
679214,3727,5.836666666666667,8.2515,3727.0,50.075,4.1689,3727.0,22.298333333333336,4.1689,True,8.579383209594518,3.8203883495145634
679215,3727,7.371666666666667,8.2854,3727.0,70.57666666666667,5.8694,3727.0,30.94,5.8694,True,9.57404476599593,4.197151254804432
679217,3727,35.22833333333333,40.6174,3494.0,2067.13,171.7635,3494.0,734.9449999999999,171.9714,False,58.67805270378957,20.86232672564697
679234,37376,171.05333333333334,137.3092,11775.0,2223.2966666666666,184.8572,11775.0,955.1183333333333,185.7211,False,12.997681035154727,5.583745810273599
679244,37376,184.07666666666668,144.3522,11775.0,2153.246666666667,179.0361,11775.0,931.7800000000001,179.8999,False,11.697553555583724,5.061912608876736
679251,3727,203.37333333333333,224.5039,3494.0,3030.338333333333,251.9645,3494.0,1399.5033333333333,270.179,False,14.900372057955812,6.881449550908018
679252,3727,229.04166666666666,163.5334,3494.0,2748.0283333333336,228.4605,3494.0,1339.8899999999999,241.4718,False,11.997940694924505,5.849983627433145
679445,3523,64.44,50.356300000000005,3523.0,1012.8633333333333,84.22160000000001,3523.0,497.12,84.2273,True,15.717928822677427,7.714463066418374
679447,3727,90.41166666666666,97.53269999999999,3523.0,1006.675,83.6986,3523.0,341.885,84.89710000000001,False,11.134348443231884,3.7814257009604217
679455,3727,123.5,128.1602,3523.0,1081.585,89.9305,3523.0,367.3566666666667,91.129,False,8.757773279352227,2.9745479082321187
679591,3727,42.01166666666666,46.281099999999995,3727.0,848.4300000000001,70.53569999999999,3727.0,297.185,70.9591,True,20.195104534454718,7.0738683698972515
679620,37376,155.08333333333334,129.887,11775.0,2191.3616666666667,182.1976,11775.0,943.6333333333333,183.04479999999998,False,14.130220311660397,6.084685652874798
679623,3494,138.84666666666666,111.2889,11775.0,1204.0216666666668,100.094,11775.0,562.1866666666666,100.9411,False,8.671592164017863,4.048974888366063
679633,3727,14.756666666666666,20.796799999999998,3494.0,2354.8533333333335,195.72420000000002,3494.0,938.1616666666666,208.75310000000002,False,159.57894736842107,63.575446126044724
679641,3727,116.68333333333334,77.18130000000001,3727.0,742.1816666666667,61.7076,3727.0,305.56666666666666,62.1241,True,6.360648478788745,2.618768747321811
679642,3727,177.71166666666667,157.63420000000002,3727.0,1585.4316666666666,131.8587,3727.0,924.825,132.2795,True,8.921370759751282,5.204075890721862
679653,3523,74.97833333333332,52.009,3523.0,1030.3416666666667,85.677,3523.0,504.40333333333336,85.6828,True,13.741858759197104,6.727321226131995
679658,3523,74.145,51.6634,3523.0,1047.535,87.0945,3523.0,540.0666666666667,87.1002,True,14.128194753523504,7.283925641198554
679661,3523,97.76666666666667,72.876,3523.0,849.76,70.6614,3523.0,289.9433333333333,71.8618,True,8.691714967609956,2.9656665530173885
679663,3727,93.24333333333334,103.6822,3523.0,1146.145,95.2863,3523.0,388.87833333333333,96.4848,False,12.291977978765237,4.170575197511886
679667,3727,79.67333333333333,92.7765,3523.0,1123.2416666666666,93.3843,3523.0,382.40999999999997,94.7122,False,14.0980880261066,4.79972387247929
679672,3727,90.87166666666667,103.1616,3523.0,5617.9400000000005,462.6246,3523.0,2204.55,467.68690000000004,False,61.82279038204061,24.260037048585
680006,3727,115.565,112.7529,3494.0,2048.53,170.2688,3494.0,956.1366666666667,183.2739,False,17.72621468437676,8.2735834090483
680009,3727,156.41333333333333,131.2523,3494.0,1995.9850000000001,165.9017,3494.0,912.3483333333334,178.9069,False,12.760964538402524,5.8329319751086866
680021,3523,70.46499999999999,54.3634,3523.0,910.6816666666667,75.7259,3523.0,425.86333333333334,75.7316,True,12.92388656306914,6.0436150334681535
680026,3523,193.99666666666664,150.90789999999998,3523.0,1812.845,150.8022,3523.0,1037.755,150.808,True,9.344722417910962,5.349344490455164
680030,3727,147.53833333333333,141.8664,3727.0,2204.548333333333,183.3278,3727.0,1172.645,183.8519,True,14.942207110016605,7.948069993109136
680046,3727,163.65333333333334,206.6695,3494.0,1870.5833333333333,155.56629999999998,3494.0,682.8483333333334,166.1236,False,11.430157242952582,4.172529330291674
680051,3727,148.14666666666665,194.05110000000002,3494.0,1718.9716666666668,142.9564,3494.0,628.16,143.1163,False,11.60317478174782,4.240122401224013
680071,3727,139.21,86.5443,3727.0,836.3183333333333,69.5276,3727.0,395.4566666666667,69.94839999999999,True,6.007602423197566,2.84072025477097
680114,3727,154.17666666666668,141.0157,3494.0,2044.1783333333333,169.9456,3494.0,708.3683333333333,170.1054,False,13.258675112965644,4.594523598469288
680115,3727,137.19666666666666,186.2608,3494.0,1633.2050000000002,135.82170000000002,3494.0,564.1833333333333,135.98160000000001,False,11.90411574625234,4.1122233290410355
680462,4370,139.025,97.0305,4370.0,1241.9616666666666,103.0559,4370.0,766.4816666666667,109.5842,True,8.933369298087873,5.513265000299707
680463,4370,137.36499999999998,96.3615,4370.0,1233.9316666666666,102.3869,4370.0,759.7066666666667,108.9152,True,8.982868028003253,5.530569407539525
680464,4370,89.98333333333333,111.61460000000001,4370.0,1529.365,127.0239,4370.0,962.3349999999999,131.5941,True,16.996091868864603,10.694591591035376
680649,4370,33.88,31.5774,4370.0,297.8316666666667,24.7866,30057.0,108.74499999999999,25.965799999999998,True,8.790781188508461,3.2097107438016526
680652,10972,4.97,3.1915,10972.0,34.595,2.8762,11020.0,18.928333333333335,4.2672,True,6.960764587525151,3.808517773306506
680968,3727,74.44833333333332,55.333800000000004,3494.0,2192.3716666666664,182.22129999999999,3494.0,862.0233333333333,195.22639999999998,False,29.44823031632676,11.578813047079631
680969,3727,103.33166666666666,116.285,3494.0,2423.4033333333336,201.5094,3494.0,837.23,201.6693,False,23.452668591428896,8.102356489620801
680976,3727,118.14333333333335,165.11020000000002,3494.0,1769.0683333333334,147.1325,3494.0,606.9866666666666,147.2924,False,14.973915864909854,5.137714076122223
680989,3494,192.35833333333332,161.24960000000002,3494.0,3532.1533333333336,293.67740000000003,3494.0,1605.6100000000001,313.209,True,18.362361911363344,8.34697396352294
680992,3494,194.14833333333334,155.4926,11775.0,1989.85,165.436,11775.0,945.7083333333334,195.5384,False,10.24912223471744,4.871060786855411
680994,3655,184.255,153.2502,3655.0,1785.4916666666666,148.4409,3655.0,600.855,148.9116,True,9.690329525205104,3.2609969878700715
680997,3523,16.418333333333333,16.7402,3523.0,363.3283333333333,30.2095,3523.0,139.14833333333334,30.227400000000003,True,22.129428484417826,8.475180184752817
680998,3523,13.918333333333333,16.937900000000003,3523.0,1226.9133333333334,102.0128,3523.0,667.295,102.0186,True,88.15088013411568,47.9435995689139
680999,3494,256.5566666666667,202.942,3494.0,3162.305,262.8964,3494.0,1482.3233333333333,282.4281,True,12.325951381761014,5.777761897956267
681001,3727,276.97833333333335,219.2621,3494.0,3150.31,261.90729999999996,3494.0,1477.4416666666666,281.43890000000005,False,11.373849940127686,5.3341416596966065
681003,3494,210.87666666666667,176.0517,11775.0,3847.625,319.9605,11775.0,1967.9916666666666,362.0822,False,18.245854606958254,9.332429698243839
681025,3727,103.43833333333333,88.98519999999999,3727.0,2579.19,214.4506,3727.0,1548.6083333333333,215.0668,True,24.934566488890322,14.971319465704203
681026,3523,70.18833333333333,54.1788,3523.0,912.9033333333333,75.9105,3523.0,427.71500000000003,75.9162,True,13.006482558829815,6.093819010756774
681033,3494,70.99333333333334,54.0994,3494.0,642.715,53.4185,3494.0,215.39333333333335,53.6263,True,9.053174006949009,3.0339938022349515
681039,6919,88.18,66.0781,6502.0,1107.97,92.06139999999999,6502.0,521.755,95.73339999999999,False,12.564867316851894,5.9169312769335445
681055,3727,242.70499999999998,178.7848,3494.0,2484.0816666666665,206.4985,3494.0,1238.1383333333333,221.4769,False,10.234983484751721,5.101412551588692
681059,6352,18.866666666666667,11.6781,6352.0,140.38833333333332,11.6781,6352.0,47.57333333333334,11.6781,True,7.4410777385159,2.5215547703180214
681064,6502,114.82666666666667,67.80160000000001,6502.0,816.7266666666667,67.8403,6502.0,278.15166666666664,69.0065,True,7.112691593125871,2.422361240130051
681065,6502,100.71166666666666,61.949400000000004,6502.0,772.99,64.2132,6502.0,266.05833333333334,65.3794,True,7.6752776076919265,2.64178264683006
681066,6502,105.72833333333332,64.0262,6502.0,771.2866666666666,64.0649,6502.0,262.97166666666664,65.2311,True,7.294985576240995,2.4872393082901145
681067,6919,111.275,89.9097,6502.0,1107.97,92.06139999999999,6502.0,521.755,95.73339999999999,False,9.957043361042462,4.688878903617164
681068,6919,86.25500000000001,59.644,6502.0,1043.2666666666667,86.6901,6502.0,485.10333333333335,89.4453,False,12.095144242845825,5.624060440940621
681069,6919,88.18,66.0781,6502.0,1107.97,92.06139999999999,6502.0,521.755,95.73339999999999,False,12.564867316851894,5.9169312769335445
681071,6502,186.74333333333334,104.9517,6502.0,1263.18,104.99810000000001,6502.0,691.6949999999999,105.0422,True,6.764257537082984,3.703987647930314
681080,6919,40.28666666666666,34.5238,6502.0,684.125,56.8454,6502.0,240.7,59.6006,False,16.98142478901208,5.974681449611121
681083,6502,30.348333333333336,28.7773,6502.0,409.25333333333333,33.970699999999994,6502.0,137.58333333333334,34.0651,True,13.485199626558295,4.533472458674281
681089,8269,8.01,6.3659,8269.0,63.486666666666665,5.2773,8269.0,25.9,6.3659,True,7.925925925925926,3.233458177278402
681091,6580,44.684999999999995,46.0192,6580.0,464.74666666666667,38.6357,6580.0,158.14,38.8806,True,10.4005072544851,3.5389951885420166
681727,3494,18.373333333333335,25.577599999999997,3494.0,299.5133333333333,24.8967,3494.0,100.87833333333333,25.1045,True,16.30152394775036,5.490475326560231
681849,3727,34.48166666666667,48.64,3494.0,2299.1200000000003,191.08270000000002,3494.0,912.9616666666666,204.0879,False,66.67659142539515,26.47672676301416
681877,3494,121.46166666666666,106.2123,3494.0,1862.3933333333334,154.7885,3494.0,648.9716666666667,155.002,True,15.333177820162742,5.3430163151611625
681936,6919,52.17833333333333,29.601599999999998,6502.0,684.4633333333334,56.906,6502.0,313.12833333333333,59.661199999999994,False,13.117769188999267,6.001117960839429
682066,6732,69.08666666666666,78.3904,6732.0,845.5866666666666,70.2747,6732.0,377.69666666666666,70.27510000000001,True,12.23950593457493,5.4669979735597805
682114,3494,66.35333333333332,75.78880000000001,3494.0,803.185,66.7545,3494.0,273.67833333333334,66.96239999999999,True,12.104666934592586,4.124560434039989
682115,3494,175.91333333333333,136.96429999999998,11775.0,1400.66,116.4441,11775.0,631.6183333333333,117.2913,False,7.962216242846857,3.590508583772312
682117,6359,113.49333333333334,92.47439999999999,,,,,,,False,,
682222,3655,102.61833333333334,102.39489999999999,3655.0,1176.5433333333335,97.82589999999999,3655.0,396.75166666666667,98.2499,True,11.465235256857937,3.866284452095954
682316,3754,71.105,68.35260000000001,3754.0,768.9883333333333,63.9325,3754.0,312.01166666666666,65.89439999999999,True,10.814827836767222,4.388041159787169
682333,6502,106.435,58.200300000000006,6502.0,700.685,58.2466,6502.0,234.57833333333335,58.276900000000005,True,6.583219805515102,2.2039585975791174
682356,4370,196.86166666666668,156.569,4370.0,1751.3433333333335,145.6116,30057.0,1028.6699999999998,148.651,True,8.896314671046506,5.225344361946204
682370,6502,112.75333333333333,60.830400000000004,6502.0,732.2816666666666,60.8767,6502.0,245.11499999999998,60.907,True,6.494545615798498,2.173904688700999
682653,11775,71.02833333333334,43.0385,11775.0,432.19166666666666,35.918,11775.0,177.1,36.014300000000006,True,6.084778374826946,2.493371189900744
682715,6919,45.845,56.7051,6502.0,926.5866666666666,76.99289999999999,6502.0,374.2366666666667,79.796,False,20.21129167121096,8.163085759988368
682736,6502,102.17166666666667,90.44069999999999,6502.0,1468.7516666666668,122.0988,6502.0,715.865,123.8657,True,14.375332365463356,7.006492341320979
682748,6580,55.04333333333333,48.247800000000005,6580.0,522.2316666666667,43.4236,6580.0,184.37,43.5866,True,9.487646097014474,3.34954278447284
682805,8269,107.29333333333334,87.2205,6502.0,1276.8316666666665,94.0135,6502.0,575.6366666666667,93.9737,False,11.900382129986328,5.365073940598981
682868,3754,38.88,39.1652,3754.0,433.1116666666667,36.011199999999995,3754.0,145.79333333333335,36.098800000000004,True,11.139703360768175,3.7498285322359397
682913,6580,27.645,38.0831,6580.0,623.2816666666666,51.7834,6580.0,288.72,52.3099,True,22.545909447157413,10.443841562669562
682923,6733,71.67166666666667,44.2028,28254.0,633.015,52.5615,28254.0,437.1333333333333,52.7753,False,8.832151245261958,6.099109364462945
682934,6733,41.218333333333334,47.5011,6502.0,1353.9016666666669,112.42710000000001,6502.0,478.3616666666667,113.95360000000001,False,32.84707452185516,11.605555780194898
682952,6502,18.058333333333334,16.7833,6502.0,149.515,12.4297,6502.0,50.17166666666667,12.4297,True,8.279556991232118,2.77831102907245
682988,6502,89.61,64.2118,6502.0,772.5333333333333,64.2581,6502.0,289.54833333333335,64.3023,True,8.621061637466056,3.2312055946136966
683038,10972,16.07,15.8215,11020.0,169.80666666666667,14.102,11020.0,62.285,15.0797,False,10.566687409251193,3.8758556316116985
683061,4370,29.171666666666667,27.407,4370.0,414.9116666666667,34.469199999999994,4370.0,202.32166666666666,37.7661,True,14.223104610638178,6.935553905044849
683062,4370,19.016666666666666,22.5307,4370.0,362.115,30.0762,30057.0,168.22166666666666,41.655,True,19.041980718667837,8.846012269938651
683067,4370,25.471666666666668,31.103,4370.0,570.2116666666666,47.3663,30057.0,242.62333333333333,59.6055,True,22.386115291500357,9.525224105214944
683068,4370,29.058333333333334,33.5825,4370.0,534.9083333333333,44.424699999999994,30057.0,278.22166666666664,64.2691,True,18.408087180957843,9.574591339260108
683118,4370,89.41000000000001,110.48830000000001,,,,,,,False,,
683119,30057,28.83833333333333,35.893699999999995,30057.0,482.3,40.1575,30057.0,194.84666666666666,42.965900000000005,True,16.724267468069122,6.756516211061666
683211,4370,15.7,18.2988,4370.0,294.35499999999996,24.446900000000003,4370.0,139.43166666666667,24.6885,True,18.74872611464968,8.88099787685775
683212,4370,18.478333333333335,19.6328,4370.0,309.72666666666663,25.7272,4370.0,144.86,26.0487,True,16.761612699558036,7.839451609993686
683213,4370,51.48833333333334,69.2035,4370.0,1066.5983333333334,88.5896,30057.0,707.38,114.374,True,20.715340044670313,13.738646295277245
683254,30057,33.998333333333335,38.2292,30057.0,679.2216666666667,56.4656,30057.0,327.3316666666667,57.683099999999996,True,19.97808716113535,9.62787391538801
683319,30057,23.485,19.3732,4370.0,197.82833333333335,16.473599999999998,30057.0,76.63666666666667,18.933400000000002,False,8.423603718685687,3.26321765666028
683320,30057,22.351666666666667,18.991799999999998,4370.0,188.685,15.7102,30057.0,75.61166666666666,18.7362,False,8.441652374916114,3.382820073074342
683321,4370,23.136666666666667,24.4866,4370.0,196.69833333333332,16.3756,30057.0,79.87166666666667,19.7647,True,8.501584786053883,3.4521682754646306
683322,30057,24.473333333333336,19.8639,4370.0,207.08166666666665,17.2395,30057.0,79.51833333333335,19.7016,False,8.461522745845818,3.249182783982566
683324,4370,52.416666666666664,51.725300000000004,4370.0,550.3033333333333,45.7414,30057.0,205.87833333333336,50.9516,True,10.498632750397455,3.927726550079492
683327,4370,22.296666666666667,23.9931,4370.0,205.64166666666668,17.117099999999997,30057.0,82.50333333333333,20.369400000000002,True,9.22297802362087,3.7002541486021827
683397,3754,79.81833333333334,74.08030000000001,3754.0,874.9233333333334,72.7501,3754.0,316.12,75.99889999999999,True,10.961433254682508,3.9604936209308637
683405,30057,70.295,77.1317,30057.0,848.0983333333334,70.59689999999999,30057.0,366.59000000000003,74.81219999999999,True,12.06484576902103,5.2150224055765
683465,6732,82.88666666666667,58.3675,6732.0,842.9533333333333,70.0561,6732.0,375.50166666666667,70.0565,True,10.169950937022438,4.530302420976433
683577,4370,49.83833333333334,49.7865,4370.0,533.8633333333333,44.3602,30057.0,203.30499999999998,50.411300000000004,True,10.711901815871316,4.079289703374243
683584,30057,12.82,7.0782,30057.0,79.43166666666666,6.6094,30057.0,29.078333333333333,7.1345,True,6.195917836713468,2.268200728029121
683585,30057,12.82,7.0782,30057.0,82.91499999999999,6.897399999999999,30057.0,30.035,7.1628,True,6.467628705148205,2.342823712948518
683586,4370,81.31,102.1208,4370.0,1280.9399999999998,106.36789999999999,4370.0,805.0916666666667,109.62060000000001,True,15.753781822654037,9.901508629524864
683616,3754,23.505,33.1826,3770.0,556.9433333333333,46.3173,3770.0,193.32333333333332,46.317699999999995,False,23.694674891866978,8.224774870594908
683794,37376,55.55166666666666,35.6163,8154.0,392.5183333333333,32.628,11775.0,178.765,42.6148,False,7.065824607722541,3.217995259668177
683795,3770,4.008333333333334,1.8637000000000001,3770.0,21.103333333333335,1.755,3770.0,7.5183333333333335,1.755,True,5.264864864864864,1.8756756756756756
683798,3655,0.9966666666666666,0.5546,3655.0,7.531666666666666,0.6267999999999999,3655.0,3.06,0.6267999999999999,True,7.55685618729097,3.0702341137123748
683799,3655,1.8883333333333332,0.7643,3655.0,11.125,0.9261,3655.0,4.775,1.0399,True,5.89143865842895,2.5286849073256845
683800,3655,2.7449999999999997,1.9875,3655.0,24.868333333333332,2.0681,3655.0,8.941666666666666,2.0681,True,9.059502125075896,3.2574377656344873
683801,3655,2.115,1.828,3655.0,24.045,1.9988,3655.0,8.386666666666667,1.9988,True,11.368794326241135,3.965327029156816
683827,8154,6.581666666666666,2.4606,8154.0,22.071666666666665,1.8187,8154.0,10.096666666666666,1.8839000000000001,True,3.3535072170169666,1.5340592555077235
683828,6733,22.76833333333333,24.3025,28254.0,385.795,32.0255,28254.0,246.80333333333334,32.1597,False,16.944367176634216,10.839762828489864
683829,37376,2.038333333333333,1.0023,37376.0,11.808333333333334,0.9829,37376.0,4.838333333333334,1.0288,True,5.793131643499592,2.373671300081767
683850,6580,45.77833333333333,45.433,6580.0,533.565,44.2999,6580.0,180.84,44.8264,True,11.655404667419088,3.9503404084901885
683903,8269,118.67166666666667,91.77560000000001,6502.0,1349.4850000000001,112.0708,6502.0,491.9933333333333,114.7635,False,11.371585466904486,4.145836551830681
683946,3523,12.828333333333335,16.227,3523.0,1233.2633333333333,102.54310000000001,3523.0,675.4466666666667,102.99730000000001,True,96.1358971027673,52.652721839677795
683975,3523,210.49833333333333,161.72310000000002,3523.0,1942.0883333333334,161.5466,3523.0,1081.155,161.5599,True,9.226145891891465,5.136168932453939
683977,6502,134.85333333333332,80.8721,,,,,,,False,,
683979,3727,21.748333333333335,29.1822,3494.0,2346.51,195.0285,3494.0,945.9083333333333,208.0574,False,107.89378496436508,43.493371139550916
684000,3727,21.433333333333334,29.0499,3494.0,2342.463333333333,194.6916,3494.0,944.3966666666668,207.7205,False,109.29066874027993,44.06205287713842
684044,11775,9.348333333333333,6.2795,35125.0,54.95333333333333,4.5629,35125.0,19.486666666666668,4.5797,False,5.878409698698521,2.0845070422535215
684081,6502,84.14166666666667,63.207699999999996,6502.0,744.875,61.954699999999995,6502.0,314.055,63.2844,True,8.852629493909083,3.7324551847083294
684082,8269,5.265,2.6742,8269.0,30.285,2.5147,8269.0,10.946666666666665,2.5391999999999997,True,5.752136752136752,2.079138968027857
684128,6919,88.18,66.0781,6502.0,1107.97,92.06139999999999,6502.0,521.755,95.73339999999999,False,12.564867316851894,5.9169312769335445
684146,4370,29.46333333333333,33.283,4370.0,468.27000000000004,38.8897,30057.0,220.73999999999998,51.3494,True,15.893313723271866,7.492023984613644
684205,4370,88.16666666666667,114.1258,4370.0,1562.5583333333334,129.7698,4370.0,967.1466666666668,133.5908,True,17.722778827977315,10.96952741020794
685941,35125,52.745,38.884699999999995,35125.0,405.67833333333334,33.7146,35125.0,153.11,34.7805,True,7.691313552627422,2.902834391885487
685944,35125,54.67666666666666,34.9007,35125.0,357.8,29.7306,35125.0,132.75833333333333,29.7306,True,6.543924891788088,2.428061939889045
685950,11775,37.65,38.9036,35125.0,485.3016666666666,40.3249,11775.0,199.45499999999998,41.9862,False,12.889818503762726,5.297609561752988
685951,3494,66.67166666666667,37.9371,3494.0,405.56333333333333,33.7028,3494.0,242.83333333333334,33.9955,True,6.08299377546684,3.642226832987526
685953,3494,48.406666666666666,29.83,3494.0,339.435,28.1997,3494.0,204.38666666666668,28.6285,True,7.012153973281917,4.222283432034155
685955,3494,143.67333333333332,105.0635,3494.0,1170.5083333333334,97.33160000000001,3494.0,481.15333333333336,97.8017,True,8.147011739594452,3.3489397243747394
685973,11775,76.15,46.4456,11775.0,472.85833333333335,39.3,11775.0,209.94333333333333,39.396300000000004,True,6.209564456117312,2.7569708907857295
685976,3494,77.81166666666667,57.2243,11775.0,543.3916666666667,45.1594,11775.0,252.1,45.544,False,6.983421509199562,3.23987405487609
685987,35125,7.203333333333333,3.431,35125.0,35.99666666666667,2.9878,35125.0,12.796666666666665,2.9878,True,4.997223507635354,1.7764923646459971
685990,3494,12.901666666666667,9.038200000000002,3494.0,94.16833333333334,7.8206999999999995,3494.0,45.285,7.8206999999999995,True,7.298927787107608,3.510011626404857
685998,37376,138.085,126.2802,11775.0,1530.825,127.2771,11775.0,677.9300000000001,128.1243,False,11.08610638374914,4.909512256943187
685999,37376,178.41833333333335,127.86460000000001,11775.0,1988.8100000000002,165.3667,11775.0,875.785,166.2139,False,11.146892602591288,4.908604310095187
686001,3494,137.59333333333333,110.267,11775.0,1199.0516666666667,99.6881,11775.0,560.1483333333333,100.02080000000001,False,8.714460487426717,4.071042686176655
686004,3494,155.32166666666666,124.7222,11775.0,1365.3383333333334,113.5096,11775.0,616.0716666666667,114.3568,False,8.790391982230426,3.966424516862855
686016,3494,153.6,127.2317,3494.0,1935.8133333333333,160.9363,3494.0,891.0633333333334,161.1442,True,12.602951388888888,5.801193576388889
686017,3494,157.77666666666667,129.9403,3494.0,1935.7716666666668,160.9329,3494.0,891.0283333333333,161.14079999999998,True,12.269061753956015,5.647402446496102
686022,3494,107.33833333333334,97.4399,3494.0,1818.9216666666666,151.1744,3494.0,634.2766666666666,151.3823,True,16.945685759980122,5.909134667639706
686023,3494,112.10833333333333,99.97319999999999,3494.0,1816.79,150.9954,3494.0,633.9816666666667,151.2777,True,16.20566416412696,5.655080651155876
686035,3494,165.55666666666667,135.80939999999998,3494.0,2795.82,232.4532,3494.0,1419.2583333333334,232.6668,True,16.887390017516662,8.57264380775968
686036,3494,159.72833333333335,131.0849,3494.0,2090.295,173.7581,3494.0,840.9783333333332,173.9717,True,13.086563644521426,5.265054206621659
686041,3727,163.75666666666666,127.9955,3494.0,1733.27,144.1005,3494.0,722.125,144.3084,False,10.584424043804832,4.4097441325544
686042,3727,165.12,128.5601,3494.0,1726.465,143.5359,3494.0,716.455,143.74370000000002,False,10.455820009689921,4.338995881782946
686043,3494,91.075,88.79860000000001,11775.0,2020.9550000000002,168.0248,3494.0,765.6883333333334,184.0154,False,22.190008234971177,8.40722847470034
686056,3727,106.68333333333334,112.51289999999999,3494.0,1475.9333333333334,122.6874,3494.0,522.265,122.8952,False,13.834713326042806,4.895469457897203
686058,3727,97.02,111.46419999999999,3494.0,1463.3716666666667,121.6387,3494.0,515.035,121.84660000000001,False,15.083195904624477,5.308544629973201
686062,3727,99.96333333333334,109.7195,3494.0,1442.3600000000001,119.894,3494.0,505.4866666666667,120.1019,False,14.428890593217513,5.056720797625796
686065,3727,115.08999999999999,116.009,3494.0,1575.0166666666667,130.93280000000001,3494.0,590.2283333333332,131.1407,False,13.685087033336231,5.128406754134446
686068,3494,108.75,103.7863,11775.0,1875.8633333333335,155.9566,3494.0,760.4533333333333,182.6873,False,17.249318007662836,6.992674329501915
686072,3655,3.2583333333333333,2.0693,3655.0,26.0,2.1622,3655.0,11.293333333333333,2.2474000000000003,True,7.979539641943734,3.4659846547314577
686076,3655,7.026666666666667,5.714899999999999,3655.0,75.77833333333334,6.2955,3655.0,27.516666666666666,6.3888,True,10.784392789373813,3.9160341555977225
686085,3770,11.756666666666666,12.7105,3770.0,152.92166666666665,12.7105,3770.0,51.01166666666666,12.7105,True,13.007229940459313,4.338956620357244
686087,3770,100.17,65.4071,3770.0,670.3916666666667,55.748,3770.0,227.175,55.7496,True,6.692539349772054,2.267894579215334
686091,3655,62.86666666666667,62.159,3792.0,642.2716666666668,53.3834,3655.0,239.1,57.8647,False,10.216410392364795,3.803287380699894
686096,3754,45.86333333333334,63.631,3792.0,848.5983333333334,70.5663,3655.0,307.50166666666667,75.0488,False,18.502761828621264,6.704738716476488
686097,3754,47.03666666666666,66.4438,3792.0,868.965,72.2627,3655.0,314.2883333333333,76.7452,False,18.474204521295444,6.68177308482744
686099,3792,56.718333333333334,38.4285,3792.0,574.995,47.8085,3655.0,270.79833333333335,56.389199999999995,True,10.137727366224913,4.774440950897711
686101,3655,211.36833333333334,168.6089,3655.0,2931.3333333333335,243.68120000000002,3655.0,1052.87,251.52079999999998,True,13.868365649222133,4.981209736557825
686106,3655,229.395,171.9987,3655.0,2011.1616666666666,167.19889999999998,3655.0,678.1066666666667,167.777,True,8.76724281988128,2.95606559282751
686109,3655,44.28666666666666,44.748400000000004,3655.0,539.7900000000001,44.8814,3655.0,183.94333333333333,45.3054,True,12.188544332379951,4.15346981785338
686114,3792,2.378333333333333,1.2181,3792.0,14.625,1.2181,3792.0,4.985,1.2181,True,6.149264190609672,2.0960056061667838
686121,3792,45.766666666666666,34.9092,3792.0,419.7133333333333,34.883900000000004,3792.0,170.30666666666667,34.883900000000004,True,9.170721048798251,3.7211944646758925
686124,3792,37.135,25.750700000000002,3792.0,281.4533333333333,23.3992,3792.0,127.725,23.6706,True,7.579193034423949,3.439477581796149
686132,3754,71.94,63.1054,3754.0,696.9383333333334,57.944,3754.0,252.31666666666666,62.483,True,9.687772217588732,3.5073209155777962
686133,3754,71.22,62.8069,3754.0,693.3366666666666,57.6454,3754.0,251.11833333333334,62.184400000000004,True,9.735139941963867,3.5259524478142845
686153,3727,18.831666666666667,26.619400000000002,3727.0,53.358333333333334,4.4422,3727.0,23.665000000000003,4.4422,True,2.8334365873086114,1.2566598814054342
686157,3727,32.434999999999995,42.7868,3494.0,1970.0766666666668,163.69989999999999,3494.0,686.4216666666667,163.90779999999998,False,60.739222033811224,21.16299265197061
686159,3727,24.256666666666668,34.189699999999995,3727.0,854.9166666666666,71.0745,3727.0,300.055,71.5052,True,35.24460629380239,12.370001374192661
686162,3727,15.308333333333334,21.554599999999997,3727.0,293.28333333333336,24.384900000000002,3727.0,107.36666666666666,24.747700000000002,True,19.158410451823627,7.013609145345672
686164,3727,5.2283333333333335,7.344600000000001,3727.0,61.519999999999996,5.124,3727.0,21.421666666666667,5.1401,True,11.766656040803314,4.097226649665285
686168,3727,129.90833333333333,125.9593,3494.0,1805.6166666666666,150.08370000000002,3494.0,603.5583333333333,150.29160000000002,False,13.899159663865545,4.64603245878504
686170,3727,129.41833333333335,124.74289999999999,3494.0,1790.9766666666667,148.8673,3494.0,598.4966666666667,149.07520000000002,False,13.838662734543018,4.624512240666571
686177,3727,70.91499999999999,93.3574,3494.0,2068.57,171.95489999999998,3494.0,696.7783333333333,172.1674,False,29.169710216456327,9.825542315918119
686178,3727,65.81666666666666,90.3702,3494.0,2068.57,171.95489999999998,3494.0,696.7783333333333,172.1674,False,31.42927323373006,10.586654849328944
686183,3727,91.42166666666667,101.8131,3494.0,2408.8566666666666,200.29760000000002,3494.0,852.48,201.70420000000001,False,26.348859679507044,9.324704209432483
686186,3727,256.51666666666665,265.3895,11775.0,3809.9016666666666,316.772,11775.0,1935.7333333333333,346.8743,False,14.852452732116173,7.546228315249172
686189,3494,203.8383333333333,170.326,3494.0,3434.2783333333336,285.5247,3494.0,1572.9766666666667,305.0564,True,16.848049516365098,7.716785360947811
686190,3494,232.52833333333334,187.02360000000002,3494.0,3357.8866666666668,279.1662,3494.0,1547.5116666666665,298.6979,True,14.440763491187454,6.6551531354601945
686192,3727,288.06166666666667,281.1551,3494.0,3371.1233333333334,280.25759999999997,3494.0,1551.8300000000002,299.78929999999997,False,11.702783547504296,5.387145113604148
686193,3727,213.68833333333333,227.49579999999997,3494.0,3378.9716666666664,280.9457,3494.0,1553.02,300.4519,False,15.81261650534657,7.267687363995851
686194,3727,286.35999999999996,280.02509999999995,3494.0,3336.7683333333334,277.40270000000004,3494.0,1540.3,296.93440000000004,False,11.652354844717607,5.378893700237464
686207,3727,105.13000000000001,112.8343,3727.0,2604.645,216.6055,3727.0,1310.4,217.1455,True,24.775468467611525,12.464567678112813
686216,3727,121.65333333333334,74.9093,3494.0,1858.63,154.4898,3494.0,750.6949999999999,167.4949,False,15.27808526961859,6.170772139412538
686219,3727,26.296666666666667,33.311699999999995,3494.0,2350.6583333333333,195.3706,3494.0,933.1516666666666,208.3995,False,89.38997338065661,35.48554949930283
686221,3727,50.885,45.561099999999996,3494.0,2126.4066666666668,176.7284,3494.0,840.0,189.7336,False,41.78847728538207,16.507811732337625
686223,3727,59.825,49.2663,3494.0,2081.753333333333,173.02329999999998,3494.0,825.0949999999999,186.0284,False,34.797381250870586,13.791809444212284
686226,3727,62.781666666666666,59.815400000000004,3494.0,2001.5216666666668,166.3305,3494.0,682.5933333333334,166.5384,False,31.880671108869365,10.872494624226817
686230,3727,27.375,31.5247,3494.0,2384.32,198.16979999999998,3494.0,947.1833333333333,211.1987,False,87.09844748858448,34.60030441400304
686237,3727,56.22166666666667,47.7355,3494.0,2186.305,181.7113,3494.0,860.0583333333333,194.7164,False,38.88723208727358,15.297631399519757
686238,3727,27.375,31.5247,3494.0,2384.32,198.16979999999998,3494.0,947.1833333333333,211.1987,False,87.09844748858448,34.60030441400304
686245,3727,114.61166666666666,112.11880000000001,3494.0,2023.5066666666667,168.1888,3494.0,935.2833333333333,181.194,False,17.655328864135413,8.160454869341399
686246,3727,99.29833333333333,101.2111,3494.0,1691.0083333333334,140.5445,3494.0,658.0566666666667,153.5496,False,17.0295741788214,6.627066583863442
686247,3727,92.91833333333334,100.2195,3494.0,2096.6366666666668,174.2647,3494.0,995.9216666666667,187.26979999999998,False,22.56429481085541,10.718247206328138
686249,3727,115.725,112.8595,3494.0,1814.21,150.796,3494.0,760.565,163.80120000000002,False,15.676906459278463,6.572175415856557
686252,3727,79.055,57.2491,3494.0,2215.4083333333333,184.13660000000002,3494.0,869.7066666666667,197.1418,False,28.023633335441566,11.001286024497713
686256,3727,285.375,204.5994,3494.0,2975.4333333333334,247.3571,3494.0,1436.3466666666668,266.8888,False,10.426398014308658,5.033190246751351
686257,3727,223.03166666666667,215.41410000000002,3494.0,3589.4950000000003,298.4664,3494.0,1589.4883333333335,317.4725,False,16.09410472354449,7.126738355539946
686260,3727,201.33666666666667,222.6383,3494.0,3052.7483333333334,253.83010000000002,3494.0,1406.975,272.0446,False,15.162406251552127,6.988170725650237
686273,3727,111.265,92.23519999999999,3727.0,2618.311666666667,217.7006,3727.0,1561.645,218.3168,True,23.532212885154063,14.03536601806498
686274,3727,112.435,92.7564,3727.0,2624.5133333333333,218.2218,3727.0,1563.6483333333333,218.838,True,23.34249418182357,13.907131527845717
686283,3727,158.82999999999998,132.25779999999997,3494.0,2272.25,188.88139999999999,3494.0,1142.6066666666666,201.88660000000002,False,14.306176415034944,7.193897038762619
686284,3727,183.61499999999998,142.7343,3494.0,2309.85,192.01510000000002,3494.0,1169.7333333333333,205.02370000000002,False,12.579854587043544,6.370576114878052
686285,3727,158.82999999999998,132.25779999999997,3494.0,2190.8483333333334,182.1144,3494.0,1074.7766666666666,195.1195,False,13.793668282650215,6.766836659741023
686291,3727,140.77333333333334,118.45939999999999,3494.0,1944.6366666666665,161.6409,3494.0,869.44,174.64610000000002,False,13.813956241712443,6.1761697291153625
686298,3727,122.11166666666666,112.279,3727.0,1860.1100000000001,154.67870000000002,3727.0,1073.41,155.2028,True,15.23286063302715,8.790396767985587
686300,3727,142.77,126.2821,3727.0,1892.4216666666666,157.3727,3727.0,1068.4583333333333,157.89679999999998,True,13.25503723938269,7.483773435128761
686301,3727,127.675,128.6551,3727.0,2363.351666666667,196.539,3727.0,1225.5516666666667,197.06310000000002,True,18.510684681156583,9.598994843678613
686315,3727,78.11166666666666,90.0451,3523.0,1123.9833333333333,93.447,3523.0,382.53,94.77489999999999,False,14.389442464847335,4.897219792177864
686324,3523,45.155,45.212900000000005,3523.0,327.60833333333335,27.2461,3523.0,110.17833333333333,27.2702,True,7.2551950688369695,2.440002952792234
686325,3523,44.34666666666667,44.6774,3523.0,334.06666666666666,27.781599999999997,3523.0,112.33,27.805799999999998,True,7.533072760072158,2.532997594708358
686332,3523,21.34,18.0424,3523.0,206.54333333333335,17.177799999999998,3523.0,69.51666666666667,17.1888,True,9.678694158075603,3.2575757575757573
686339,3523,37.91,39.662699999999994,3523.0,475.9216666666667,39.5582,3523.0,159.585,39.564,True,12.553987514288227,4.209575309944606
686347,3523,35.86666666666667,37.983,3523.0,531.6366666666667,44.2005,3523.0,178.82333333333332,44.2113,True,14.822583643122677,4.985780669144981
686350,3523,168.95666666666665,155.0608,3523.0,1815.91,151.0027,3523.0,610.3366666666666,151.2819,True,10.747785428216309,3.6123858188490146
686351,3727,179.15333333333334,191.3616,3523.0,1738.7649999999999,144.6114,3523.0,679.34,144.6202,False,9.705457150299557,3.79194730770662
686354,3727,187.51166666666668,194.80579999999998,3523.0,1754.7316666666666,145.9408,3523.0,692.4133333333334,145.9496,False,9.357986614166228,3.692641346760646
686356,3727,177.95666666666665,183.4921,3523.0,1602.5816666666665,133.2841,3523.0,561.1783333333333,133.2929,False,9.005460130743439,3.1534549609455484
686359,3523,48.651666666666664,58.3153,3523.0,658.9233333333334,54.7842,3523.0,223.77833333333334,54.8335,True,13.543694974478438,4.599602617245042
686360,3523,121.83666666666666,106.1502,3523.0,1167.285,97.0285,3523.0,407.83,101.0845,True,9.580736505157178,3.347350277694181
686365,3523,123.90833333333333,108.7176,3523.0,1154.2350000000001,95.92160000000001,3523.0,422.9816666666667,103.6519,True,9.315233035173852,3.4136660165444885
686366,3523,112.40666666666667,101.25739999999999,3523.0,1108.475,92.1392,3523.0,388.5683333333333,96.1917,True,9.861292331415692,3.456808611588874
686369,3523,47.43833333333334,49.970699999999994,3523.0,599.8333333333334,49.8663,3523.0,200.88333333333333,49.872,True,12.644485823700943,4.2346203843586405
686379,3523,53.50833333333333,50.402699999999996,3523.0,605.8449999999999,50.4009,3523.0,227.095,50.4033,True,11.322441987229402,4.244105279551472
686380,3523,90.43166666666666,68.27069999999999,3523.0,820.795,68.2688,3523.0,274.0433333333333,68.2712,True,9.076411286606831,3.0303912714941297
686391,3727,116.67333333333333,163.0314,3494.0,1754.32,145.9058,3494.0,602.0733333333334,146.06570000000002,False,15.036169361750757,5.160333695217417
686394,3727,147.315,164.4108,3494.0,1994.3866666666665,165.8615,3494.0,734.5566666666667,176.6227,False,13.538245709307718,4.986299200126713
686399,3727,158.97166666666666,176.9806,3494.0,1894.1366666666665,157.5246,3494.0,701.5783333333333,168.448,False,11.914932430307287,4.413228772422759
686404,3727,149.23833333333332,147.31279999999998,3494.0,2219.325,184.5371,3494.0,815.4783333333332,184.6959,False,14.871011692706299,5.464268563706822
686407,3494,97.365,98.44510000000001,3494.0,1067.8133333333333,88.7354,3494.0,357.22833333333335,88.94330000000001,True,10.967116862664543,3.6689604409524303
686408,3494,99.08999999999999,99.16080000000001,3494.0,1076.4416666666666,89.45110000000001,3494.0,360.10166666666663,89.659,True,10.863272445924581,3.634086857065967
686412,3494,124.35833333333333,119.1135,3494.0,1336.6033333333332,111.1432,3494.0,454.22666666666663,111.30669999999999,True,10.74799973195738,3.652563157542049
686417,3494,11.553333333333335,13.482700000000001,3494.0,162.17833333333334,13.482700000000001,3494.0,54.17166666666667,13.482700000000001,True,14.03736295441431,4.688834391229082
686419,3494,13.381666666666666,14.2424,3494.0,171.31,14.2424,3494.0,57.218333333333334,14.2424,True,12.80184331797235,4.275874953294308
686424,3494,85.01,53.9846,11775.0,1630.7166666666667,135.5791,11775.0,857.1933333333333,135.97670000000002,False,19.18264517899855,10.083441163784652
686431,3494,97.47166666666666,74.1199,3494.0,803.985,66.8625,3494.0,351.5733333333334,67.07889999999999,True,8.248396970059677,3.6069285091394088
686433,3494,95.27333333333333,73.1067,3494.0,779.3233333333334,64.8352,3494.0,370.77666666666664,71.55510000000001,True,8.179868448673991,3.8917150654257924
688895,30057,48.77166666666667,65.0181,,,,,,,False,,
688898,10972,6.753333333333333,5.1785,10972.0,62.06333333333334,5.146100000000001,10972.0,24.66166666666667,5.146100000000001,True,9.190029615004937,3.6517769002961504
688899,10972,5.878333333333333,4.2758,10972.0,48.85666666666667,4.0518,10972.0,20.209999999999997,4.1783,True,8.311312730365751,3.438049333711369
688901,30057,31.908333333333335,35.2506,10972.0,636.0866666666666,52.825199999999995,30057.0,308.34833333333336,55.356300000000005,False,19.93481326717158,9.663567511099505
688905,10972,13.285,12.383899999999999,10972.0,124.47333333333333,10.3239,10972.0,53.47,12.3515,True,9.369464308116923,4.024840045163718
688909,30057,155.4633333333333,148.1908,30057.0,1687.87,139.98579999999998,30057.0,819.76,142.7994,True,10.857029524646755,5.273011857029525
688920,30057,14.05,12.616,10972.0,238.70499999999998,19.8066,10972.0,86.06333333333333,20.2918,False,16.98967971530249,6.125504151838671
688923,10972,19.235,12.975700000000002,11020.0,140.12166666666664,11.6365,11020.0,57.723333333333336,13.8581,False,7.2847240273806415,3.0009531236461315
688927,30057,56.32,60.0088,30057.0,644.5333333333333,53.6248,30057.0,298.295,57.6893,True,11.444128787878787,5.296431107954546
688929,30057,28.608333333333334,32.980599999999995,30057.0,416.5416666666667,34.6603,30057.0,166.88833333333332,36.2954,True,14.560151471016603,5.833556655986017
688930,30057,23.64,29.461299999999998,30057.0,414.67833333333334,34.506,30057.0,166.26333333333332,36.141,True,17.541384658770447,7.0331359278059775
688945,4370,135.435,118.7793,4370.0,1364.0266666666669,113.37389999999999,30057.0,705.8766666666667,116.4132,True,10.071448788471717,5.211922078241715
688951,4370,140.09833333333333,121.9327,4370.0,1401.2649999999999,116.5272,30057.0,737.5716666666667,119.5665,True,10.002010492630175,5.2646712428175455
688953,4370,137.49333333333334,120.2559,4370.0,1381.1100000000001,114.8505,30057.0,719.9266666666666,117.88980000000001,True,10.044923390224982,5.236084173778122
688973,4370,34.55833333333333,43.101099999999995,4370.0,685.255,56.918800000000005,30057.0,311.565,69.7225,True,19.82893658066072,9.015625753556789
688983,4370,19.353333333333335,17.6695,4370.0,240.66,19.9895,4370.0,120.295,19.9895,True,12.435067171891145,6.215725111953152
689000,4370,96.64666666666668,127.1832,4370.0,1761.4183333333335,146.2315,4370.0,1166.7233333333331,163.49960000000002,True,18.22533972546044,12.072049389528864
689002,4370,74.14333333333335,95.1375,4370.0,1366.375,113.49,4370.0,837.0866666666666,117.9784,True,18.42883154250775,11.290113743649684
689003,4370,79.52833333333334,103.4922,,,,,,,False,,
689004,4370,68.86166666666666,93.11160000000001,4370.0,1374.1383333333333,114.131,4370.0,833.9266666666666,118.129,True,19.95505482004986,12.110172568192269
689011,4370,23.441666666666666,29.818900000000003,4370.0,557.1949999999999,46.2861,30057.0,242.10333333333335,60.0441,True,23.769427657305364,10.327906150017775
689027,4370,23.138333333333332,24.3353,4370.0,350.8383333333333,29.1408,4370.0,165.975,29.727,True,15.162644961463661,7.173161420442268
691385,15598,34.47,16.1388,15598.0,189.02166666666665,15.733,15598.0,66.03166666666667,16.1303,True,5.483657286529349,1.9156271153660187
691387,6732,96.07166666666667,49.868,23733.0,623.0783333333333,51.779,23733.0,283.155,52.1109,False,6.485557656610515,2.947330985548982
691388,23733,24.084999999999997,15.504299999999999,23733.0,178.62666666666667,14.8452,23733.0,60.07,14.846,True,7.416510968099094,2.4940834544322197
691391,6732,69.08666666666666,78.3904,6732.0,843.9150000000001,70.136,6732.0,376.30333333333334,70.1364,True,12.215309273376437,5.44683006851298
691393,6733,55.25333333333333,23.517,6733.0,415.755,23.1859,6733.0,229.12,28.6657,True,7.5245234073359075,4.146718146718147
691396,6733,55.126666666666665,24.286900000000003,6733.0,383.26500000000004,23.9346,6733.0,177.035,29.2866,True,6.952442858870481,3.2114221792236064
691400,6733,42.585,26.1247,6733.0,359.5433333333333,20.834799999999998,6733.0,182.5,26.186799999999998,True,8.442957222809282,4.285546553950922
691401,6733,56.04333333333333,37.711800000000004,28254.0,554.8316666666667,46.0705,28254.0,371.9533333333333,46.2843,False,9.900047582228039,6.636888122286326
691403,6733,50.19666666666667,35.2836,28254.0,525.6,43.642300000000006,28254.0,347.595,43.8561,False,10.470814795139118,6.92466299223056
691409,6733,37.39666666666667,38.3512,28254.0,315.79833333333335,26.227,28254.0,223.55333333333334,26.3612,False,8.444558338532847,5.977894643016311
691411,6502,6.291666666666667,3.7705,6502.0,44.858333333333334,3.7284,6502.0,26.425,4.3125,True,7.129801324503311,4.2
691413,6502,18.23166666666667,17.2795,6502.0,204.51833333333335,16.9917,6502.0,68.81166666666667,17.005599999999998,True,11.217752993875125,3.7742938111344726
691415,6502,4.583333333333333,4.1212,6502.0,46.27833333333333,3.8396999999999997,6502.0,15.775,3.8396999999999997,True,10.097090909090909,3.4418181818181823
691429,6502,93.31,85.1044,6502.0,863.9266666666666,71.8544,6502.0,412.90166666666664,73.1841,True,9.258671810809844,4.425052691744364
691430,6502,99.11166666666666,69.3977,6502.0,819.245,68.1447,6502.0,376.14833333333337,69.47439999999999,True,8.265878554492408,3.795197336337801
691431,6502,135.54833333333332,83.6875,6502.0,1007.1833333333333,83.7338,6502.0,478.37333333333333,83.77789999999999,True,7.430436867538025,3.529171636193732
691432,6502,84.88166666666666,63.543,6502.0,749.0083333333333,62.29,6502.0,317.375,63.619699999999995,True,8.824147342378605,3.7390288440770485
691441,6919,34.22166666666667,23.6639,6502.0,453.4866666666667,37.702,6502.0,160.16333333333333,39.5997,False,13.251448887157258,4.680173379437977
691443,6919,32.986666666666665,22.8424,6502.0,443.585,36.8804,6502.0,156.86833333333334,38.7782,False,13.447402991107518,4.755507275666937
691444,6919,32.986666666666665,22.8424,6502.0,443.585,36.8804,6502.0,156.86833333333334,38.7782,False,13.447402991107518,4.755507275666937
691445,6919,33.138333333333335,22.9441,6502.0,444.8066666666667,36.982099999999996,6502.0,157.27333333333334,38.8799,False,13.42272292913544,4.745963888749182
691452,6919,52.17833333333333,29.601599999999998,6502.0,684.4633333333334,56.906,6502.0,313.12833333333333,59.661199999999994,False,13.117769188999267,6.001117960839429
691459,6919,34.22166666666667,23.6639,6502.0,453.4866666666667,37.702,6502.0,160.16333333333333,39.5997,False,13.251448887157258,4.680173379437977
691463,6502,64.25166666666667,48.3901,6502.0,579.5833333333334,48.108599999999996,6502.0,193.92333333333332,48.108599999999996,True,9.02051827449353,3.018183704702861
691466,6502,22.886666666666667,23.8617,6502.0,284.26166666666666,23.5802,6502.0,95.11,23.5802,True,12.420404893678997,4.155694727643461
691469,6502,30.62,27.1572,6502.0,323.12833333333333,26.811400000000003,6502.0,108.25666666666666,26.811400000000003,True,10.552852166340083,3.5354887872849985
691472,8269,68.67166666666667,68.1767,6502.0,905.61,75.2103,6502.0,303.0066666666667,75.224,False,13.187534888236293,4.412397155546927
691477,6502,56.74,60.226800000000004,6502.0,720.88,59.8604,6502.0,240.78,59.8604,True,12.704970038773352,4.243567148396193
691482,6733,113.185,43.7191,6733.0,825.3199999999999,42.9227,6733.0,435.7433333333333,57.4611,True,7.291778945973405,3.849832869490951
691487,8269,74.67833333333333,76.4848,6502.0,1000.6166666666667,83.0807,6502.0,335.1716666666667,83.1341,False,13.399022474166983,4.488204967973755
691489,6502,54.141666666666666,53.4953,,,,,,,False,,
691490,6502,47.76833333333333,47.6664,,,,,,,False,,
691495,6502,52.309999999999995,51.8204,,,,,,,False,,
691496,6502,39.63666666666666,40.2606,,,,,,,False,,
691499,6502,71.61,69.4322,,,,,,,False,,
691504,8269,112.99499999999999,89.114,6502.0,1322.32,95.907,6502.0,613.5916666666667,95.8672,False,11.702464710827913,5.430255026033601
691506,6502,99.54166666666667,66.1642,,,,,,,False,,
691511,6502,68.565,66.1863,,,,,,,False,,
691516,6502,39.965,27.4975,,,,,,,False,,
691523,6733,40.041666666666664,46.7744,6502.0,1384.5933333333335,114.97,6502.0,494.39500000000004,115.062,False,34.578813735691995,12.347013527575443
691525,6733,61.65333333333333,64.59309999999999,6502.0,1175.3833333333334,97.6053,6502.0,452.46666666666664,97.7057,False,19.064392301038065,7.338884083044983
691528,6733,91.46166666666666,73.6157,6502.0,1459.7616666666665,121.23060000000001,6502.0,507.6816666666667,121.2924,False,15.960365909215154,5.5507589700603175
691531,6359,103.63166666666666,85.632,,,,,,,False,,
691537,8269,12.303333333333335,13.3773,6352.0,106.21000000000001,8.8216,6352.0,73.92166666666667,8.891200000000001,False,8.6326198862097,6.008263343267407
691539,6352,13.308333333333334,8.5182,6352.0,102.35166666666667,8.5182,6352.0,34.535,8.5182,True,7.69079524107702,2.594990607388854
691553,6919,120.73333333333333,95.29169999999999,6502.0,1148.4683333333335,95.4221,6502.0,505.635,98.2362,False,9.512437879624517,4.188031474323578
691556,6919,48.693333333333335,39.772400000000005,6502.0,794.6800000000001,66.0455,6502.0,277.5466666666667,68.80069999999999,False,16.320098576122675,5.699890470974808
691564,6919,27.861666666666668,27.9049,6502.0,556.2016666666666,46.228699999999996,6502.0,198.01166666666668,48.9839,False,19.96297182508823,7.106956989890531
691565,6919,54.13,38.237,,,,,,,False,,
691571,6919,60.59166666666667,40.9234,,,,,,,False,,
691590,6502,52.00833333333333,63.8301,6502.0,1117.9233333333332,92.9503,6502.0,389.83,96.9508,True,21.495080916519786,7.495529562570101
691591,6502,52.025,63.8495,6502.0,1117.6916666666666,92.9309,6502.0,389.9066666666667,96.97019999999999,True,21.483741790805702,7.494601954188692
691598,6732,31.293333333333333,27.6902,6732.0,414.2366666666667,34.4444,6732.0,142.83166666666665,34.6431,True,13.237217724755007,4.56428419258628
691599,6732,50.73833333333334,36.3573,6732.0,520.9233333333334,43.313900000000004,6732.0,241.57333333333332,43.5321,True,10.266859376539763,4.761160201031435
691600,6732,31.293333333333333,27.6902,6732.0,414.2366666666667,34.4444,6732.0,142.83166666666665,34.6431,True,13.237217724755007,4.56428419258628
691604,6732,38.583333333333336,35.2755,6732.0,681.92,56.6581,6732.0,301.12833333333333,56.8446,True,17.673952483801294,7.804622030237581
691607,6732,69.08666666666666,78.3904,6732.0,845.5866666666666,70.2747,6732.0,377.69666666666666,70.27510000000001,True,12.23950593457493,5.4669979735597805
691620,6359,181.04666666666665,147.7751,6918.0,593.0066666666667,49.3261,6918.0,275.3316666666667,53.6821,False,3.275435431012262,1.5207773318113198
691626,6359,152.37166666666664,129.5097,,,,,,,False,,
691627,6359,153.9633333333333,130.5674,,,,,,,False,,
691628,6359,145.37666666666667,126.0204,,,,,,,False,,
691630,6359,138.62333333333333,120.5126,,,,,,,False,,
691632,6359,141.56333333333333,122.3306,,,,,,,False,,
691634,6359,134.69833333333332,116.915,,,,,,,False,,
691638,6918,21.134999999999998,23.056,6502.0,2023.8483333333331,168.2269,6502.0,967.9866666666666,169.90439999999998,False,95.75814210235785,45.80017348789528
691639,27733,16.851666666666667,11.9813,27733.0,140.065,11.632100000000001,27733.0,47.751666666666665,11.632100000000001,True,8.311640787261398,2.8336465235881714
691650,6918,72.55166666666668,62.5621,6502.0,1650.335,137.184,6502.0,805.9816666666667,138.8371,False,22.747030851577033,11.10907169603271
691651,6918,71.96166666666666,62.3164,6502.0,1647.38,136.9383,6502.0,804.9933333333333,138.5914,False,22.892465896194736,11.186418695138617
691652,6918,22.015,23.2525,6918.0,223.175,18.558400000000002,6918.0,91.83166666666666,22.752299999999998,True,10.137406313876902,4.171322583087289
691657,6580,5.528333333333333,6.7875,6580.0,168.83666666666667,14.0302,6580.0,60.535,14.0734,True,30.540247211335544,10.949954778414229
691661,6580,46.64,50.2902,6580.0,623.2816666666666,51.7834,6580.0,288.72,52.3099,True,13.363672098341908,6.190394511149228
691663,6580,27.966666666666665,35.4454,,,,,,,False,,
691667,6580,45.64,48.0792,,,,,,,False,,
691672,6580,62.166666666666664,54.8771,6580.0,724.6,60.2349,6580.0,318.425,60.5539,True,11.655764075067024,5.122117962466488
691674,6580,31.728333333333335,31.4307,6580.0,442.57,36.7885,6580.0,154.36499999999998,37.1075,True,13.948731417765403,4.865209854493879
691678,6580,71.68333333333334,54.8738,6580.0,553.0833333333334,45.9212,6580.0,187.39666666666665,46.4476,True,7.7156475238316675,2.6142292490118573
691680,6580,13.229999999999999,17.7282,6580.0,416.6316666666667,34.6334,6580.0,162.55499999999998,39.031699999999994,True,31.491433610481238,12.286848072562359
692160,11775,45.38333333333333,44.641,3494.0,571.5033333333333,47.5166,11775.0,218.60833333333332,53.137800000000006,False,12.59280205655527,4.816929856775615
692161,8154,28.334999999999997,21.932299999999998,3655.0,370.92333333333335,30.8392,3655.0,138.11666666666667,31.2592,False,13.090641726957239,4.8744191518146
692171,3655,16.858333333333334,16.3178,3655.0,197.96166666666667,16.4508,3655.0,69.42333333333333,16.8748,True,11.742659416707859,4.118042511122096
692177,3727,123.57166666666667,130.0025,3494.0,1865.6399999999999,155.0727,3494.0,623.5633333333334,155.2806,False,15.097635650027648,5.046167541103004
692180,3523,37.74,45.2596,3523.0,1358.275,112.9136,3523.0,775.785,117.0437,True,35.99032856385798,20.5560413354531
692183,3727,118.2,126.692,3494.0,2458.5899999999997,204.4291,3494.0,856.4449999999999,206.14170000000001,False,20.800253807106596,7.245727580372249
692184,3727,295.93833333333333,306.331,11775.0,3948.4316666666664,328.33070000000004,11775.0,1989.9983333333332,359.9441,False,13.34207577028998,6.724368252394925
692189,3727,283.51500000000004,299.4328,11775.0,3801.44,316.1084,11775.0,1930.4733333333331,352.66679999999997,False,13.408250004408936,6.809069478981122
692193,3727,264.275,195.9216,3494.0,2871.4033333333336,238.70489999999998,3494.0,1383.9033333333332,258.211,False,10.865209850849812,5.2366032857187905
692195,3727,114.62166666666667,104.75710000000001,3727.0,2176.47,180.9928,3727.0,1304.8966666666668,181.6028,True,18.988294825003997,11.384380498160615
692207,3523,148.86499999999998,139.7896,3523.0,1647.8633333333335,137.02110000000002,3523.0,550.8083333333333,137.02710000000002,True,11.06951488485093,3.700052620383121
692213,3494,110.10666666666665,102.46910000000001,11775.0,1820.1683333333335,151.328,3494.0,807.6283333333333,192.6267,False,16.530954831678375,7.334963066117705
692444,4370,68.03833333333334,92.4676,4370.0,1379.0216666666668,114.5375,4370.0,834.5216666666668,118.3951,True,20.268304632192635,12.265463096783677
